{
 "type": "FeatureCollection",
 "name": "34gaon_geo_points",
 "note": "Every place located in the geo sweep, 2026-09-25. inside_range_polygon = point-in-polygon against OSM way 412765540 (data/mffr_range_polygon.geojson). Census-map points are village-LAND positions (centroid/label), not abadi sites.",
 "features": [
  {
   "type": "Feature",
   "properties": {
    "name": "Lakhor Bari",
    "alt_names": [],
    "source": "AMS U502 1:250k NH 43-14 (1955), repo data/ams_1955_villages.geojson",
    "source_id": "NH 43-14:Lakhor Bari",
    "lat": 28.9864,
    "lon": 73.6565,
    "inside_range_polygon": true,
    "confidence": "high (abadi symbol, +-1 km)",
    "km_to_range_boundary": 3.3,
    "project_slug": "lakhor-moti"
   },
   "geometry": {
    "type": "Point",
    "coordinates": [
     73.6565,
     28.9864
    ]
   }
  },
  {
   "type": "Feature",
   "properties": {
    "name": "Rampura",
    "alt_names": [],
    "source": "AMS U502 1:250k NH 43-14 (1955), repo data/ams_1955_villages.geojson",
    "source_id": "NH 43-14:Rampura",
    "lat": 28.985,
    "lon": 73.7246,
    "inside_range_polygon": true,
    "confidence": "high (abadi symbol, +-1 km)",
    "km_to_range_boundary": 0.9,
    "project_slug": "rampura"
   },
   "geometry": {
    "type": "Point",
    "coordinates": [
     73.7246,
     28.985
    ]
   }
  },
  {
   "type": "Feature",
   "properties": {
    "name": "Hindor",
    "alt_names": [],
    "source": "AMS U502 1:250k NH 43-14 (1955), repo data/ams_1955_villages.geojson",
    "source_id": "NH 43-14:Hindor",
    "lat": 28.9679,
    "lon": 73.5988,
    "inside_range_polygon": true,
    "confidence": "high (abadi symbol, +-1 km)",
    "km_to_range_boundary": 4.3,
    "project_slug": "hindor"
   },
   "geometry": {
    "type": "Point",
    "coordinates": [
     73.5988,
     28.9679
    ]
   }
  },
  {
   "type": "Feature",
   "properties": {
    "name": "Hathusar",
    "alt_names": [],
    "source": "AMS U502 1:250k NH 43-14 (1955), repo data/ams_1955_villages.geojson",
    "source_id": "NH 43-14:Hathusar",
    "lat": 28.9468,
    "lon": 73.5746,
    "inside_range_polygon": true,
    "confidence": "high (abadi symbol, +-1 km)",
    "km_to_range_boundary": 5.8,
    "project_slug": "hathusar"
   },
   "geometry": {
    "type": "Point",
    "coordinates": [
     73.5746,
     28.9468
    ]
   }
  },
  {
   "type": "Feature",
   "properties": {
    "name": "Jagor",
    "alt_names": [],
    "source": "AMS U502 1:250k NH 43-14 (1955), repo data/ams_1955_villages.geojson",
    "source_id": "NH 43-14:Jagor",
    "lat": 28.9338,
    "lon": 73.5719,
    "inside_range_polygon": true,
    "confidence": "high (abadi symbol, +-1 km)",
    "km_to_range_boundary": 5.7,
    "project_slug": "jagor"
   },
   "geometry": {
    "type": "Point",
    "coordinates": [
     73.5719,
     28.9338
    ]
   }
  },
  {
   "type": "Feature",
   "properties": {
    "name": "Nakrasar",
    "alt_names": [],
    "source": "AMS U502 1:250k NH 43-14 (1955), repo data/ams_1955_villages.geojson",
    "source_id": "NH 43-14:Nakrasar",
    "lat": 28.9192,
    "lon": 73.6373,
    "inside_range_polygon": true,
    "confidence": "high (abadi symbol, +-1 km)",
    "km_to_range_boundary": 10.6,
    "project_slug": null
   },
   "geometry": {
    "type": "Point",
    "coordinates": [
     73.6373,
     28.9192
    ]
   }
  },
  {
   "type": "Feature",
   "properties": {
    "name": "Kumbasar",
    "alt_names": [],
    "source": "AMS U502 1:250k NH 43-14 (1955), repo data/ams_1955_villages.geojson",
    "source_id": "NH 43-14:Kumbasar",
    "lat": 28.9267,
    "lon": 73.6746,
    "inside_range_polygon": true,
    "confidence": "high (abadi symbol, +-1 km)",
    "km_to_range_boundary": 7.6,
    "project_slug": "kumbhasar"
   },
   "geometry": {
    "type": "Point",
    "coordinates": [
     73.6746,
     28.9267
    ]
   }
  },
  {
   "type": "Feature",
   "properties": {
    "name": "Khanisar",
    "alt_names": [],
    "source": "AMS U502 1:250k NH 43-14 (1955), repo data/ams_1955_villages.geojson",
    "source_id": "NH 43-14:Khanisar",
    "lat": 28.9427,
    "lon": 73.7285,
    "inside_range_polygon": true,
    "confidence": "high (abadi symbol, +-1 km)",
    "km_to_range_boundary": 2.3,
    "project_slug": "khanisar"
   },
   "geometry": {
    "type": "Point",
    "coordinates": [
     73.7285,
     28.9427
    ]
   }
  },
  {
   "type": "Feature",
   "properties": {
    "name": "Jagsingpura",
    "alt_names": [],
    "source": "AMS U502 1:250k NH 43-14 (1955), repo data/ams_1955_villages.geojson",
    "source_id": "NH 43-14:Jagsingpura",
    "lat": 28.925,
    "lon": 73.74,
    "inside_range_polygon": true,
    "confidence": "high (abadi symbol, +-1 km)",
    "km_to_range_boundary": 1.6,
    "project_slug": null
   },
   "geometry": {
    "type": "Point",
    "coordinates": [
     73.74,
     28.925
    ]
   }
  },
  {
   "type": "Feature",
   "properties": {
    "name": "Meusar",
    "alt_names": [],
    "source": "AMS U502 1:250k NH 43-14 (1955), repo data/ams_1955_villages.geojson",
    "source_id": "NH 43-14:Meusar",
    "lat": 28.8943,
    "lon": 73.6796,
    "inside_range_polygon": true,
    "confidence": "high (abadi symbol, +-1 km)",
    "km_to_range_boundary": 5.8,
    "project_slug": "meusar"
   },
   "geometry": {
    "type": "Point",
    "coordinates": [
     73.6796,
     28.8943
    ]
   }
  },
  {
   "type": "Feature",
   "properties": {
    "name": "Duderia",
    "alt_names": [],
    "source": "AMS U502 1:250k NH 43-14 (1955), repo data/ams_1955_villages.geojson",
    "source_id": "NH 43-14:Duderia",
    "lat": 28.8994,
    "lon": 73.7181,
    "inside_range_polygon": true,
    "confidence": "high (abadi symbol, +-1 km)",
    "km_to_range_boundary": 2.6,
    "project_slug": "duderiya"
   },
   "geometry": {
    "type": "Point",
    "coordinates": [
     73.7181,
     28.8994
    ]
   }
  },
  {
   "type": "Feature",
   "properties": {
    "name": "Dhani Duder",
    "alt_names": [],
    "source": "AMS U502 1:250k NH 43-14 (1955), repo data/ams_1955_villages.geojson",
    "source_id": "NH 43-14:Dhani Duder",
    "lat": 28.8724,
    "lon": 73.6277,
    "inside_range_polygon": true,
    "confidence": "high (abadi symbol, +-1 km)",
    "km_to_range_boundary": 10.7,
    "project_slug": null
   },
   "geometry": {
    "type": "Point",
    "coordinates": [
     73.6277,
     28.8724
    ]
   }
  },
  {
   "type": "Feature",
   "properties": {
    "name": "Thoiya",
    "alt_names": [],
    "source": "AMS U502 1:250k NH 43-14 (1955), repo data/ams_1955_villages.geojson",
    "source_id": "NH 43-14:Thoiya",
    "lat": 28.853,
    "lon": 73.5765,
    "inside_range_polygon": true,
    "confidence": "high (abadi symbol, +-1 km)",
    "km_to_range_boundary": 10.0,
    "project_slug": "thoiya"
   },
   "geometry": {
    "type": "Point",
    "coordinates": [
     73.5765,
     28.853
    ]
   }
  },
  {
   "type": "Feature",
   "properties": {
    "name": "Amarpura",
    "alt_names": [],
    "source": "AMS U502 1:250k NH 43-14 (1955), repo data/ams_1955_villages.geojson",
    "source_id": "NH 43-14:Amarpura",
    "lat": 28.8527,
    "lon": 73.6777,
    "inside_range_polygon": true,
    "confidence": "high (abadi symbol, +-1 km)",
    "km_to_range_boundary": 5.5,
    "project_slug": null
   },
   "geometry": {
    "type": "Point",
    "coordinates": [
     73.6777,
     28.8527
    ]
   }
  },
  {
   "type": "Feature",
   "properties": {
    "name": "Duder",
    "alt_names": [],
    "source": "AMS U502 1:250k NH 43-14 (1955), repo data/ams_1955_villages.geojson",
    "source_id": "NH 43-14:Duder",
    "lat": 28.8554,
    "lon": 73.7288,
    "inside_range_polygon": true,
    "confidence": "high (abadi symbol, +-1 km)",
    "km_to_range_boundary": 1.9,
    "project_slug": "duder"
   },
   "geometry": {
    "type": "Point",
    "coordinates": [
     73.7288,
     28.8554
    ]
   }
  },
  {
   "type": "Feature",
   "properties": {
    "name": "Bhojrasar",
    "alt_names": [],
    "source": "AMS U502 1:250k NH 43-14 (1955), repo data/ams_1955_villages.geojson",
    "source_id": "NH 43-14:Bhojrasar",
    "lat": 28.8128,
    "lon": 73.7085,
    "inside_range_polygon": true,
    "confidence": "high (abadi symbol, +-1 km)",
    "km_to_range_boundary": 1.6,
    "project_slug": "bhojrasar"
   },
   "geometry": {
    "type": "Point",
    "coordinates": [
     73.7085,
     28.8128
    ]
   }
  },
  {
   "type": "Feature",
   "properties": {
    "name": "Barjansar",
    "alt_names": [],
    "source": "AMS U502 1:250k NH 43-14 (1955), repo data/ams_1955_villages.geojson",
    "source_id": "NH 43-14:Barjansar",
    "lat": 28.7633,
    "lon": 73.5604,
    "inside_range_polygon": true,
    "confidence": "high (abadi symbol, +-1 km)",
    "km_to_range_boundary": 10.4,
    "project_slug": null
   },
   "geometry": {
    "type": "Point",
    "coordinates": [
     73.5604,
     28.7633
    ]
   }
  },
  {
   "type": "Feature",
   "properties": {
    "name": "Seodanpur",
    "alt_names": [],
    "source": "AMS U502 1:250k NH 43-14 (1955), repo data/ams_1955_villages.geojson",
    "source_id": "NH 43-14:Seodanpur",
    "lat": 28.7698,
    "lon": 73.7219,
    "inside_range_polygon": false,
    "confidence": "high (abadi symbol, +-1 km)",
    "km_to_range_boundary": 1.1,
    "project_slug": null
   },
   "geometry": {
    "type": "Point",
    "coordinates": [
     73.7219,
     28.7698
    ]
   }
  },
  {
   "type": "Feature",
   "properties": {
    "name": "Kumana",
    "alt_names": [],
    "source": "AMS U502 1:250k NH 43-14 (1955), repo data/ams_1955_villages.geojson",
    "source_id": "NH 43-14:Kumana",
    "lat": 28.7203,
    "lon": 73.5996,
    "inside_range_polygon": true,
    "confidence": "high (abadi symbol, +-1 km)",
    "km_to_range_boundary": 4.3,
    "project_slug": "kumbhana"
   },
   "geometry": {
    "type": "Point",
    "coordinates": [
     73.5996,
     28.7203
    ]
   }
  },
  {
   "type": "Feature",
   "properties": {
    "name": "Manera",
    "alt_names": [],
    "source": "AMS U502 1:250k NH 43-14 (1955), repo data/ams_1955_villages.geojson",
    "source_id": "NH 43-14:Manera",
    "lat": 28.7145,
    "lon": 73.6285,
    "inside_range_polygon": true,
    "confidence": "high (abadi symbol, +-1 km)",
    "km_to_range_boundary": 1.9,
    "project_slug": "manera"
   },
   "geometry": {
    "type": "Point",
    "coordinates": [
     73.6285,
     28.7145
    ]
   }
  },
  {
   "type": "Feature",
   "properties": {
    "name": "Khiana",
    "alt_names": [],
    "source": "AMS U502 1:250k NH 43-14 (1955), repo data/ams_1955_villages.geojson",
    "source_id": "NH 43-14:Khiana",
    "lat": 28.706,
    "lon": 73.6712,
    "inside_range_polygon": true,
    "confidence": "high (abadi symbol, +-1 km)",
    "km_to_range_boundary": 1.0,
    "project_slug": "khiyana"
   },
   "geometry": {
    "type": "Point",
    "coordinates": [
     73.6712,
     28.706
    ]
   }
  },
  {
   "type": "Feature",
   "properties": {
    "name": "Ladera",
    "alt_names": [],
    "source": "AMS U502 1:250k NH 43-14 (1955), repo data/ams_1955_villages.geojson",
    "source_id": "NH 43-14:Ladera",
    "lat": 28.6763,
    "lon": 73.5873,
    "inside_range_polygon": true,
    "confidence": "high (abadi symbol, +-1 km)",
    "km_to_range_boundary": 2.3,
    "project_slug": "ladera"
   },
   "geometry": {
    "type": "Point",
    "coordinates": [
     73.5873,
     28.6763
    ]
   }
  },
  {
   "type": "Feature",
   "properties": {
    "name": "Bhikhnera",
    "alt_names": [],
    "source": "AMS U502 1:250k NH 43-14 (1955), repo data/ams_1955_villages.geojson",
    "source_id": "NH 43-14:Bhikhnera",
    "lat": 28.6808,
    "lon": 73.6323,
    "inside_range_polygon": false,
    "confidence": "high (abadi symbol, +-1 km)",
    "km_to_range_boundary": 1.1,
    "project_slug": null
   },
   "geometry": {
    "type": "Point",
    "coordinates": [
     73.6323,
     28.6808
    ]
   }
  },
  {
   "type": "Feature",
   "properties": {
    "name": "Sulera",
    "alt_names": [],
    "source": "AMS U502 1:250k NH 43-14 (1955), repo data/ams_1955_villages.geojson",
    "source_id": "NH 43-14:Sulera",
    "lat": 28.6702,
    "lon": 73.6615,
    "inside_range_polygon": false,
    "confidence": "high (abadi symbol, +-1 km)",
    "km_to_range_boundary": 2.9,
    "project_slug": null
   },
   "geometry": {
    "type": "Point",
    "coordinates": [
     73.6615,
     28.6702
    ]
   }
  },
  {
   "type": "Feature",
   "properties": {
    "name": "Bhualo",
    "alt_names": [],
    "source": "AMS U502 1:250k NH 43-14 (1955), repo data/ams_1955_villages.geojson",
    "source_id": "NH 43-14:Bhualo",
    "lat": 28.6456,
    "lon": 73.5765,
    "inside_range_polygon": true,
    "confidence": "high (abadi symbol, +-1 km)",
    "km_to_range_boundary": 1.4,
    "project_slug": "bhunwala"
   },
   "geometry": {
    "type": "Point",
    "coordinates": [
     73.5765,
     28.6456
    ]
   }
  },
  {
   "type": "Feature",
   "properties": {
    "name": "Meghano",
    "alt_names": [],
    "source": "AMS U502 1:250k NH 43-14 (1955), repo data/ams_1955_villages.geojson",
    "source_id": "NH 43-14:Meghano",
    "lat": 28.6412,
    "lon": 73.5977,
    "inside_range_polygon": false,
    "confidence": "high (abadi symbol, +-1 km)",
    "km_to_range_boundary": 0.6,
    "project_slug": null
   },
   "geometry": {
    "type": "Point",
    "coordinates": [
     73.5977,
     28.6412
    ]
   }
  },
  {
   "type": "Feature",
   "properties": {
    "name": "Birmana",
    "alt_names": [],
    "source": "AMS U502 1:250k NH 43-14 (1955), repo data/ams_1955_villages.geojson",
    "source_id": "NH 43-14:Birmana",
    "lat": 28.5917,
    "lon": 73.5131,
    "inside_range_polygon": true,
    "confidence": "high (abadi symbol, +-1 km)",
    "km_to_range_boundary": 0.4,
    "project_slug": "birmana"
   },
   "geometry": {
    "type": "Point",
    "coordinates": [
     73.5131,
     28.5917
    ]
   }
  },
  {
   "type": "Feature",
   "properties": {
    "name": "Ramsara",
    "alt_names": [],
    "source": "AMS U502 1:250k NH 43-14 (1955), repo data/ams_1955_villages.geojson",
    "source_id": "NH 43-14:Ramsara",
    "lat": 28.9311,
    "lon": 73.7692,
    "inside_range_polygon": false,
    "confidence": "high (abadi symbol, +-1 km)",
    "km_to_range_boundary": 0.4,
    "project_slug": null
   },
   "geometry": {
    "type": "Point",
    "coordinates": [
     73.7692,
     28.9311
    ]
   }
  },
  {
   "type": "Feature",
   "properties": {
    "name": "Asrasar",
    "alt_names": [],
    "source": "AMS U502 1:250k NH 43-14 (1955), repo data/ams_1955_villages.geojson",
    "source_id": "NH 43-14:Asrasar",
    "lat": 28.8881,
    "lon": 73.7808,
    "inside_range_polygon": false,
    "confidence": "high (abadi symbol, +-1 km)",
    "km_to_range_boundary": 0.7,
    "project_slug": null
   },
   "geometry": {
    "type": "Point",
    "coordinates": [
     73.7808,
     28.8881
    ]
   }
  },
  {
   "type": "Feature",
   "properties": {
    "name": "Jasuntsar",
    "alt_names": [],
    "source": "AMS U502 1:250k NH 43-14 (1955), repo data/ams_1955_villages.geojson",
    "source_id": "NH 43-14:Jasuntsar",
    "lat": 28.8748,
    "lon": 73.7854,
    "inside_range_polygon": false,
    "confidence": "high (abadi symbol, +-1 km)",
    "km_to_range_boundary": 1.0,
    "project_slug": null
   },
   "geometry": {
    "type": "Point",
    "coordinates": [
     73.7854,
     28.8748
    ]
   }
  },
  {
   "type": "Feature",
   "properties": {
    "name": "Lolera",
    "alt_names": [],
    "source": "AMS U502 1:250k NH 43-14 (1955), repo data/ams_1955_villages.geojson",
    "source_id": "NH 43-14:Lolera",
    "lat": 28.8622,
    "lon": 73.8219,
    "inside_range_polygon": false,
    "confidence": "high (abadi symbol, +-1 km)",
    "km_to_range_boundary": 4.8,
    "project_slug": null
   },
   "geometry": {
    "type": "Point",
    "coordinates": [
     73.8219,
     28.8622
    ]
   }
  },
  {
   "type": "Feature",
   "properties": {
    "name": "Mahajan",
    "alt_names": [],
    "source": "AMS U502 1:250k NH 43-14 (1955), repo data/ams_1955_villages.geojson",
    "source_id": "NH 43-14:Mahajan",
    "lat": 28.7851,
    "lon": 73.84,
    "inside_range_polygon": false,
    "confidence": "high (abadi symbol, +-1 km)",
    "km_to_range_boundary": 9.9,
    "project_slug": null
   },
   "geometry": {
    "type": "Point",
    "coordinates": [
     73.84,
     28.7851
    ]
   }
  },
  {
   "type": "Feature",
   "properties": {
    "name": "Arjansar",
    "alt_names": [],
    "source": "AMS U502 1:250k NH 43-14 (1955), repo data/ams_1955_villages.geojson",
    "source_id": "NH 43-14:Arjansar",
    "lat": 28.9277,
    "lon": 73.9392,
    "inside_range_polygon": false,
    "confidence": "high (abadi symbol, +-1 km)",
    "km_to_range_boundary": 14.7,
    "project_slug": null
   },
   "geometry": {
    "type": "Point",
    "coordinates": [
     73.9392,
     28.9277
    ]
   }
  },
  {
   "type": "Feature",
   "properties": {
    "name": "Gesura",
    "alt_names": [],
    "source": "AMS U502 1:250k NH 43-14 (1955), repo data/ams_1955_villages.geojson",
    "source_id": "NH 43-14:Gesura",
    "lat": 28.8124,
    "lon": 73.8604,
    "inside_range_polygon": false,
    "confidence": "high (abadi symbol, +-1 km)",
    "km_to_range_boundary": 10.3,
    "project_slug": null
   },
   "geometry": {
    "type": "Point",
    "coordinates": [
     73.8604,
     28.8124
    ]
   }
  },
  {
   "type": "Feature",
   "properties": {
    "name": "Kharbara",
    "alt_names": [],
    "source": "AMS U502 1:250k NH 43-13 (1955), repo data/ams_1955_villages.geojson",
    "source_id": "NH 43-13:Kharbara",
    "lat": 28.9388,
    "lon": 73.4181,
    "inside_range_polygon": false,
    "confidence": "high (abadi symbol, +-1 km)",
    "km_to_range_boundary": 5.0,
    "project_slug": null
   },
   "geometry": {
    "type": "Point",
    "coordinates": [
     73.4181,
     28.9388
    ]
   }
  },
  {
   "type": "Feature",
   "properties": {
    "name": "Bhansar",
    "alt_names": [],
    "source": "AMS U502 1:250k NH 43-13 (1955), repo data/ams_1955_villages.geojson",
    "source_id": "NH 43-13:Bhansar",
    "lat": 28.9639,
    "lon": 73.4865,
    "inside_range_polygon": false,
    "confidence": "high (abadi symbol, +-1 km)",
    "km_to_range_boundary": 2.7,
    "project_slug": null
   },
   "geometry": {
    "type": "Point",
    "coordinates": [
     73.4865,
     28.9639
    ]
   }
  },
  {
   "type": "Feature",
   "properties": {
    "name": "Dewasar",
    "alt_names": [],
    "source": "AMS U502 1:250k NH 43-13 (1955), repo data/ams_1955_villages.geojson",
    "source_id": "NH 43-13:Dewasar",
    "lat": 28.8796,
    "lon": 73.4712,
    "inside_range_polygon": true,
    "confidence": "high (abadi symbol, +-1 km)",
    "km_to_range_boundary": 2.1,
    "project_slug": "dewasar"
   },
   "geometry": {
    "type": "Point",
    "coordinates": [
     73.4712,
     28.8796
    ]
   }
  },
  {
   "type": "Feature",
   "properties": {
    "name": "Lakhanwala",
    "alt_names": [],
    "source": "AMS U502 1:250k NH 43-13 (1955), repo data/ams_1955_villages.geojson",
    "source_id": "NH 43-13:Lakhanwala",
    "lat": 28.8677,
    "lon": 73.3473,
    "inside_range_polygon": false,
    "confidence": "high (abadi symbol, +-1 km)",
    "km_to_range_boundary": 5.7,
    "project_slug": null
   },
   "geometry": {
    "type": "Point",
    "coordinates": [
     73.3473,
     28.8677
    ]
   }
  },
  {
   "type": "Feature",
   "properties": {
    "name": "Sherpura Dhani",
    "alt_names": [],
    "source": "AMS U502 1:250k NH 43-13 (1955), repo data/ams_1955_villages.geojson",
    "source_id": "NH 43-13:Sherpura Dhani",
    "lat": 28.9432,
    "lon": 73.3462,
    "inside_range_polygon": false,
    "confidence": "high (abadi symbol, +-1 km)",
    "km_to_range_boundary": 11.0,
    "project_slug": null
   },
   "geometry": {
    "type": "Point",
    "coordinates": [
     73.3462,
     28.9432
    ]
   }
  },
  {
   "type": "Feature",
   "properties": {
    "name": "Kanolai",
    "alt_names": [],
    "source": "AMS U502 1:250k NH 43-13 (1955), repo data/ams_1955_villages.geojson",
    "source_id": "NH 43-13:Kanolai",
    "lat": 28.7789,
    "lon": 73.4527,
    "inside_range_polygon": true,
    "confidence": "high (abadi symbol, +-1 km)",
    "km_to_range_boundary": 5.3,
    "project_slug": "kanolai"
   },
   "geometry": {
    "type": "Point",
    "coordinates": [
     73.4527,
     28.7789
    ]
   }
  },
  {
   "type": "Feature",
   "properties": {
    "name": "Madiali (Bari)",
    "alt_names": [],
    "source": "AMS U502 1:250k NH 43-13 (1955), repo data/ams_1955_villages.geojson",
    "source_id": "NH 43-13:Madiali (Bari)",
    "lat": 28.7034,
    "lon": 73.3088,
    "inside_range_polygon": false,
    "confidence": "high (abadi symbol, +-1 km)",
    "km_to_range_boundary": 4.8,
    "project_slug": null
   },
   "geometry": {
    "type": "Point",
    "coordinates": [
     73.3088,
     28.7034
    ]
   }
  },
  {
   "type": "Feature",
   "properties": {
    "name": "Raemalwali",
    "alt_names": [],
    "source": "AMS U502 1:250k NH 43-13 (1955), repo data/ams_1955_villages.geojson",
    "source_id": "NH 43-13:Raemalwali",
    "lat": 28.6565,
    "lon": 73.4654,
    "inside_range_polygon": true,
    "confidence": "high (abadi symbol, +-1 km)",
    "km_to_range_boundary": 7.0,
    "project_slug": null
   },
   "geometry": {
    "type": "Point",
    "coordinates": [
     73.4654,
     28.6565
    ]
   }
  },
  {
   "type": "Feature",
   "properties": {
    "name": "Motasar",
    "alt_names": [],
    "source": "AMS U502 1:250k NH 43-13 (1955), repo data/ams_1955_villages.geojson",
    "source_id": "NH 43-13:Motasar",
    "lat": 28.6429,
    "lon": 73.4385,
    "inside_range_polygon": true,
    "confidence": "high (abadi symbol, +-1 km)",
    "km_to_range_boundary": 5.1,
    "project_slug": "motasar"
   },
   "geometry": {
    "type": "Point",
    "coordinates": [
     73.4385,
     28.6429
    ]
   }
  },
  {
   "type": "Feature",
   "properties": {
    "name": "Motolai",
    "alt_names": [],
    "source": "AMS U502 1:250k NH 43-13 (1955), repo data/ams_1955_villages.geojson",
    "source_id": "NH 43-13:Motolai",
    "lat": 28.6245,
    "lon": 73.4992,
    "inside_range_polygon": true,
    "confidence": "high (abadi symbol, +-1 km)",
    "km_to_range_boundary": 2.2,
    "project_slug": "motlai"
   },
   "geometry": {
    "type": "Point",
    "coordinates": [
     73.4992,
     28.6245
    ]
   }
  },
  {
   "type": "Feature",
   "properties": {
    "name": "Lakhor Khurd",
    "alt_names": [],
    "source": "AMS U502 1:250k NH 43-10 (1955), repo data/ams_1955_villages.geojson",
    "source_id": "NH 43-10:Lakhor Khurd",
    "lat": 29.0024,
    "lon": 73.6655,
    "inside_range_polygon": true,
    "confidence": "high (abadi symbol, +-1 km)",
    "km_to_range_boundary": 1.4,
    "project_slug": "lakhor-chhoti"
   },
   "geometry": {
    "type": "Point",
    "coordinates": [
     73.6655,
     29.0024
    ]
   }
  },
  {
   "type": "Feature",
   "properties": {
    "name": "Phuleji",
    "alt_names": [],
    "source": "AMS U502 1:250k NH 43-10 (1955), repo data/ams_1955_villages.geojson",
    "source_id": "NH 43-10:Phuleji",
    "lat": 29.0222,
    "lon": 73.7549,
    "inside_range_polygon": false,
    "confidence": "high (abadi symbol, +-1 km)",
    "km_to_range_boundary": 1.8,
    "project_slug": null
   },
   "geometry": {
    "type": "Point",
    "coordinates": [
     73.7549,
     29.0222
    ]
   }
  },
  {
   "type": "Feature",
   "properties": {
    "name": "Gopalsar",
    "alt_names": [],
    "source": "AMS U502 1:250k NH 43-10 (1955), repo data/ams_1955_villages.geojson",
    "source_id": "NH 43-10:Gopalsar",
    "lat": 29.0624,
    "lon": 73.6541,
    "inside_range_polygon": false,
    "confidence": "high (abadi symbol, +-1 km)",
    "km_to_range_boundary": 3.9,
    "project_slug": null
   },
   "geometry": {
    "type": "Point",
    "coordinates": [
     73.6541,
     29.0624
    ]
   }
  },
  {
   "type": "Feature",
   "properties": {
    "name": "Hinjrasar",
    "alt_names": [],
    "source": "AMS U502 1:250k NH 43-10 (1955), repo data/ams_1955_villages.geojson",
    "source_id": "NH 43-10:Hinjrasar",
    "lat": 29.0597,
    "lon": 73.5951,
    "inside_range_polygon": false,
    "confidence": "high (abadi symbol, +-1 km)",
    "km_to_range_boundary": 3.6,
    "project_slug": null
   },
   "geometry": {
    "type": "Point",
    "coordinates": [
     73.5951,
     29.0597
    ]
   }
  },
  {
   "type": "Feature",
   "properties": {
    "name": "Bhopalpura",
    "alt_names": [],
    "source": "AMS U502 1:250k NH 43-10 (1955), repo data/ams_1955_villages.geojson",
    "source_id": "NH 43-10:Bhopalpura",
    "lat": 29.0512,
    "lon": 73.5304,
    "inside_range_polygon": false,
    "confidence": "high (abadi symbol, +-1 km)",
    "km_to_range_boundary": 4.8,
    "project_slug": null
   },
   "geometry": {
    "type": "Point",
    "coordinates": [
     73.5304,
     29.0512
    ]
   }
  },
  {
   "type": "Feature",
   "properties": {
    "name": "Kumgarh",
    "alt_names": [],
    "source": "AMS U502 1:250k NH 43-10 (1955), repo data/ams_1955_villages.geojson",
    "source_id": "NH 43-10:Kumgarh",
    "lat": 29.058,
    "lon": 73.7226,
    "inside_range_polygon": false,
    "confidence": "high (abadi symbol, +-1 km)",
    "km_to_range_boundary": 3.5,
    "project_slug": null
   },
   "geometry": {
    "type": "Point",
    "coordinates": [
     73.7226,
     29.058
    ]
   }
  },
  {
   "type": "Feature",
   "properties": {
    "name": "Surjansar",
    "alt_names": [],
    "source": "AMS U502 1:250k NH 43-9 Mailsi (1955), georeferenced this session",
    "source_id": "NH 43-9 px(4124,3067)",
    "lat": 29.06498,
    "lon": 73.47108,
    "inside_range_polygon": false,
    "confidence": "high (+-0.5 km)",
    "km_to_range_boundary": 9.2
   },
   "geometry": {
    "type": "Point",
    "coordinates": [
     73.47108,
     29.06498
    ]
   }
  },
  {
   "type": "Feature",
   "properties": {
    "name": "Gomewali",
    "alt_names": [],
    "source": "AMS U502 1:250k NH 43-9 Mailsi (1955), georeferenced this session",
    "source_id": "NH 43-9 px(4040,3128)",
    "lat": 29.04463,
    "lon": 73.43891,
    "inside_range_polygon": false,
    "confidence": "high (+-0.5 km)",
    "km_to_range_boundary": 9.7
   },
   "geometry": {
    "type": "Point",
    "coordinates": [
     73.43891,
     29.04463
    ]
   }
  },
  {
   "type": "Feature",
   "properties": {
    "name": "Kupli",
    "alt_names": [],
    "source": "AMS U502 1:250k NH 43-9 Mailsi (1955), georeferenced this session",
    "source_id": "NH 43-9 px(3950,2910)",
    "lat": 29.11783,
    "lon": 73.40502,
    "inside_range_polygon": false,
    "confidence": "high (+-0.5 km)",
    "km_to_range_boundary": 17.7
   },
   "geometry": {
    "type": "Point",
    "coordinates": [
     73.40502,
     29.11783
    ]
   }
  },
  {
   "type": "Feature",
   "properties": {
    "name": "Bhagsar",
    "alt_names": [],
    "source": "AMS U502 1:250k NH 43-9 Mailsi (1955), georeferenced this session",
    "source_id": "NH 43-9 px(4065,2906)",
    "lat": 29.11921,
    "lon": 73.44892,
    "inside_range_polygon": false,
    "confidence": "high (+-0.5 km)",
    "km_to_range_boundary": 15.4
   },
   "geometry": {
    "type": "Point",
    "coordinates": [
     73.44892,
     29.11921
    ]
   }
  },
  {
   "type": "Feature",
   "properties": {
    "name": "Khal",
    "alt_names": [],
    "source": "AMS U502 1:250k NH 43-9 Mailsi (1955), georeferenced this session",
    "source_id": "NH 43-9 px(3850,2992)",
    "lat": 29.09026,
    "lon": 73.3667,
    "inside_range_polygon": false,
    "confidence": "high (+-0.5 km)",
    "km_to_range_boundary": 18.3
   },
   "geometry": {
    "type": "Point",
    "coordinates": [
     73.3667,
     29.09026
    ]
   }
  },
  {
   "type": "Feature",
   "properties": {
    "name": "Narawali",
    "alt_names": [],
    "source": "AMS U502 1:250k NH 43-9 Mailsi (1955), georeferenced this session",
    "source_id": "NH 43-9 px(3637,3082)",
    "lat": 29.05997,
    "lon": 73.28529,
    "inside_range_polygon": false,
    "confidence": "high (+-0.5 km)",
    "km_to_range_boundary": 23.6
   },
   "geometry": {
    "type": "Point",
    "coordinates": [
     73.28529,
     29.05997
    ]
   }
  },
  {
   "type": "Feature",
   "properties": {
    "name": "Dhaba",
    "alt_names": [],
    "source": "AMS U502 1:250k NH 43-9 Mailsi (1955), georeferenced this session",
    "source_id": "NH 43-9 px(3692,3202)",
    "lat": 29.01969,
    "lon": 73.30607,
    "inside_range_polygon": false,
    "confidence": "high (+-0.5 km)",
    "km_to_range_boundary": 19.0
   },
   "geometry": {
    "type": "Point",
    "coordinates": [
     73.30607,
     29.01969
    ]
   }
  },
  {
   "type": "Feature",
   "properties": {
    "name": "Lunia",
    "alt_names": [],
    "source": "AMS U502 1:250k NH 43-9 Mailsi (1955), georeferenced this session",
    "source_id": "NH 43-9 px(3525,3187)",
    "lat": 29.02468,
    "lon": 73.24242,
    "inside_range_polygon": false,
    "confidence": "high (+-0.5 km)",
    "km_to_range_boundary": 24.2
   },
   "geometry": {
    "type": "Point",
    "coordinates": [
     73.24242,
     29.02468
    ]
   }
  },
  {
   "type": "Feature",
   "properties": {
    "name": "Karanpura",
    "alt_names": [],
    "source": "AMS U502 1:250k NH 43-9 Mailsi (1955), georeferenced this session",
    "source_id": "NH 43-9 px(3511,3067)",
    "lat": 29.06498,
    "lon": 73.23725,
    "inside_range_polygon": false,
    "confidence": "high (+-0.5 km)",
    "km_to_range_boundary": 27.3
   },
   "geometry": {
    "type": "Point",
    "coordinates": [
     73.23725,
     29.06498
    ]
   }
  },
  {
   "type": "Feature",
   "properties": {
    "name": "Bharuki Dhani",
    "alt_names": [],
    "source": "AMS U502 1:250k NH 43-9 Mailsi (1955), georeferenced this session",
    "source_id": "NH 43-9 px(3629,2981)",
    "lat": 29.09389,
    "lon": 73.2824,
    "inside_range_polygon": false,
    "confidence": "high (+-0.5 km)",
    "km_to_range_boundary": 25.6
   },
   "geometry": {
    "type": "Point",
    "coordinates": [
     73.2824,
     29.09389
    ]
   }
  },
  {
   "type": "Feature",
   "properties": {
    "name": "Dewasar",
    "alt_names": [],
    "source": "Census 1971 DCH Bikaner Part X-A map 2.3 (p177) + Census 1961 DCH Bikaner tehsil map (p266); village-area position, local-affine georef this session",
    "source_id": "1971 loc code 6; 1961 code 6",
    "lat": 28.8805,
    "lon": 73.4808,
    "inside_range_polygon": true,
    "confidence": "medium (village land centroid, not abadi; +-2-4 km)",
    "km_to_range_boundary": 2.2,
    "project_slug": "dewasar",
    "frac_of_1961_village_polygon_inside": 0.96,
    "sep_1961_vs_1971_km": 1.8
   },
   "geometry": {
    "type": "Point",
    "coordinates": [
     73.4808,
     28.8805
    ]
   }
  },
  {
   "type": "Feature",
   "properties": {
    "name": "Kanholai with Bas Rampura",
    "alt_names": [
     "Kanolai",
     "Bas Rampura"
    ],
    "source": "Census 1971 DCH Bikaner Part X-A map 2.3 (p177) + Census 1961 DCH Bikaner tehsil map (p266); village-area position, local-affine georef this session",
    "source_id": "1971 loc code 7; 1961 code 7",
    "lat": 28.7829,
    "lon": 73.4615,
    "inside_range_polygon": true,
    "confidence": "medium (village land centroid, not abadi; +-2-4 km)",
    "km_to_range_boundary": 6.0,
    "project_slug": "kanolai",
    "frac_of_1961_village_polygon_inside": 1.0,
    "sep_1961_vs_1971_km": 1.9
   },
   "geometry": {
    "type": "Point",
    "coordinates": [
     73.4615,
     28.7829
    ]
   }
  },
  {
   "type": "Feature",
   "properties": {
    "name": "Motasar",
    "alt_names": [],
    "source": "Census 1971 DCH Bikaner Part X-A map 2.3 (p177) + Census 1961 DCH Bikaner tehsil map (p266); village-area position, local-affine georef this session",
    "source_id": "1971 loc code 15; 1961 code 15",
    "lat": 28.6364,
    "lon": 73.4093,
    "inside_range_polygon": true,
    "confidence": "medium (village land centroid, not abadi; +-2-4 km)",
    "km_to_range_boundary": 4.4,
    "project_slug": "motasar",
    "frac_of_1961_village_polygon_inside": 0.91,
    "sep_1961_vs_1971_km": 5.5
   },
   "geometry": {
    "type": "Point",
    "coordinates": [
     73.4093,
     28.6364
    ]
   }
  },
  {
   "type": "Feature",
   "properties": {
    "name": "Raimalwali @ Reena",
    "alt_names": [
     "Rina/Reena"
    ],
    "source": "Census 1971 DCH Bikaner Part X-A map 2.3 (p177) + Census 1961 DCH Bikaner tehsil map (p266); village-area position, local-affine georef this session",
    "source_id": "1971 loc code 16; 1961 code 16",
    "lat": 28.6706,
    "lon": 73.4539,
    "inside_range_polygon": true,
    "confidence": "medium (village land centroid, not abadi; +-2-4 km)",
    "km_to_range_boundary": 8.5,
    "project_slug": "raimalwali",
    "frac_of_1961_village_polygon_inside": 0.99,
    "sep_1961_vs_1971_km": 3.6
   },
   "geometry": {
    "type": "Point",
    "coordinates": [
     73.4539,
     28.6706
    ]
   }
  },
  {
   "type": "Feature",
   "properties": {
    "name": "Beranwala",
    "alt_names": [
     "Berawala"
    ],
    "source": "Census 1971 DCH Bikaner Part X-A map 2.3 (p177) + Census 1961 DCH Bikaner tehsil map (p266); village-area position, local-affine georef this session",
    "source_id": "1971 loc code 17; 1961 code 17",
    "lat": 28.7083,
    "lon": 73.49,
    "inside_range_polygon": true,
    "confidence": "medium (village land centroid, not abadi; +-2-4 km)",
    "km_to_range_boundary": 10.8,
    "project_slug": "berawala",
    "frac_of_1961_village_polygon_inside": 1.0,
    "sep_1961_vs_1971_km": 0.4
   },
   "geometry": {
    "type": "Point",
    "coordinates": [
     73.49,
     28.7083
    ]
   }
  },
  {
   "type": "Feature",
   "properties": {
    "name": "Kummana with Bas Dhannasar",
    "alt_names": [
     "Kumbhana",
     "Bas Dhannasar"
    ],
    "source": "Census 1971 DCH Bikaner Part X-A map 2.3 (p177) + Census 1961 DCH Bikaner tehsil map (p266); village-area position, local-affine georef this session",
    "source_id": "1971 loc code 18; 1961 code 18",
    "lat": 28.7295,
    "lon": 73.5814,
    "inside_range_polygon": true,
    "confidence": "medium (village land centroid, not abadi; +-2-4 km)",
    "km_to_range_boundary": 6.1,
    "project_slug": "kumbhana",
    "frac_of_1961_village_polygon_inside": 1.0,
    "sep_1961_vs_1971_km": 3.9
   },
   "geometry": {
    "type": "Point",
    "coordinates": [
     73.5814,
     28.7295
    ]
   }
  },
  {
   "type": "Feature",
   "properties": {
    "name": "Rekh Chudana",
    "alt_names": [
     "Kolana (community list; identification unconfirmed)"
    ],
    "source": "Census 1971 DCH Bikaner Part X-A map 2.3 (p177) + Census 1961 DCH Bikaner tehsil map (p266); village-area position, local-affine georef this session",
    "source_id": "1971 loc code 19; 1961 code 19",
    "lat": 28.6806,
    "lon": 73.593,
    "inside_range_polygon": true,
    "confidence": "medium (village land centroid, not abadi; +-2-4 km)",
    "km_to_range_boundary": 1.9,
    "project_slug": "kolana",
    "frac_of_1961_village_polygon_inside": null,
    "sep_1961_vs_1971_km": 1.5
   },
   "geometry": {
    "type": "Point",
    "coordinates": [
     73.593,
     28.6806
    ]
   }
  },
  {
   "type": "Feature",
   "properties": {
    "name": "Rekh Bhanabasti",
    "alt_names": [],
    "source": "Census 1971 DCH Bikaner Part X-A map 2.3 (p177) + Census 1961 DCH Bikaner tehsil map (p266); village-area position, local-affine georef this session",
    "source_id": "1971 loc code 20; 1961 code 20",
    "lat": 28.6886,
    "lon": 73.6077,
    "inside_range_polygon": true,
    "confidence": "medium (village land centroid, not abadi; +-2-4 km)",
    "km_to_range_boundary": 1.0,
    "project_slug": "bhanabasti",
    "frac_of_1961_village_polygon_inside": null,
    "sep_1961_vs_1971_km": 1.5
   },
   "geometry": {
    "type": "Point",
    "coordinates": [
     73.6077,
     28.6886
    ]
   }
  },
  {
   "type": "Feature",
   "properties": {
    "name": "Ladera",
    "alt_names": [],
    "source": "Census 1971 DCH Bikaner Part X-A map 2.3 (p177) + Census 1961 DCH Bikaner tehsil map (p266); village-area position, local-affine georef this session",
    "source_id": "1971 loc code 21; 1961 code 21",
    "lat": 28.674,
    "lon": 73.5879,
    "inside_range_polygon": true,
    "confidence": "medium (village land centroid, not abadi; +-2-4 km)",
    "km_to_range_boundary": 2.2,
    "project_slug": "ladera",
    "frac_of_1961_village_polygon_inside": 0.9,
    "sep_1961_vs_1971_km": 0.5
   },
   "geometry": {
    "type": "Point",
    "coordinates": [
     73.5879,
     28.674
    ]
   }
  },
  {
   "type": "Feature",
   "properties": {
    "name": "Rekh Ajeetmana",
    "alt_names": [
     "Ajeetwana (Rekh)"
    ],
    "source": "Census 1971 DCH Bikaner Part X-A map 2.3 (p177) + Census 1961 DCH Bikaner tehsil map (p266); village-area position, local-affine georef this session",
    "source_id": "1971 loc code 22; 1961 code 22",
    "lat": 28.656,
    "lon": 73.5883,
    "inside_range_polygon": true,
    "confidence": "medium (village land centroid, not abadi; +-2-4 km)",
    "km_to_range_boundary": 1.2,
    "project_slug": "ajeetwana",
    "frac_of_1961_village_polygon_inside": null,
    "sep_1961_vs_1971_km": 1.2
   },
   "geometry": {
    "type": "Point",
    "coordinates": [
     73.5883,
     28.656
    ]
   }
  },
  {
   "type": "Feature",
   "properties": {
    "name": "Bhunwala",
    "alt_names": [],
    "source": "Census 1971 DCH Bikaner Part X-A map 2.3 (p177) + Census 1961 DCH Bikaner tehsil map (p266); village-area position, local-affine georef this session",
    "source_id": "1971 loc code 23; 1961 code 23",
    "lat": 28.6468,
    "lon": 73.5732,
    "inside_range_polygon": true,
    "confidence": "medium (village land centroid, not abadi; +-2-4 km)",
    "km_to_range_boundary": 1.8,
    "project_slug": "bhunwala",
    "frac_of_1961_village_polygon_inside": 0.85,
    "sep_1961_vs_1971_km": 0.7
   },
   "geometry": {
    "type": "Point",
    "coordinates": [
     73.5732,
     28.6468
    ]
   }
  },
  {
   "type": "Feature",
   "properties": {
    "name": "Manera",
    "alt_names": [],
    "source": "Census 1971 DCH Bikaner Part X-A map 2.3 (p177) + Census 1961 DCH Bikaner tehsil map (p266); village-area position, local-affine georef this session",
    "source_id": "1971 loc code 25; 1961 code 25",
    "lat": 28.7262,
    "lon": 73.6368,
    "inside_range_polygon": true,
    "confidence": "medium (village land centroid, not abadi; +-2-4 km)",
    "km_to_range_boundary": 2.3,
    "project_slug": "manera",
    "frac_of_1961_village_polygon_inside": 0.95,
    "sep_1961_vs_1971_km": 2.8
   },
   "geometry": {
    "type": "Point",
    "coordinates": [
     73.6368,
     28.7262
    ]
   }
  },
  {
   "type": "Feature",
   "properties": {
    "name": "Thuiya",
    "alt_names": [],
    "source": "Census 1971 DCH Bikaner Part X-A map 2.3 (p177) + Census 1961 DCH Bikaner tehsil map (p266); village-area position, local-affine georef this session",
    "source_id": "1971 loc code 26; 1961 code 26",
    "lat": 28.8503,
    "lon": 73.5822,
    "inside_range_polygon": true,
    "confidence": "medium (village land centroid, not abadi; +-2-4 km)",
    "km_to_range_boundary": 10.6,
    "project_slug": "thoiya",
    "frac_of_1961_village_polygon_inside": 1.0,
    "sep_1961_vs_1971_km": 1.2
   },
   "geometry": {
    "type": "Point",
    "coordinates": [
     73.5822,
     28.8503
    ]
   }
  },
  {
   "type": "Feature",
   "properties": {
    "name": "Jagor",
    "alt_names": [],
    "source": "Census 1971 DCH Bikaner Part X-A map 2.3 (p177) + Census 1961 DCH Bikaner tehsil map (p266); village-area position, local-affine georef this session",
    "source_id": "1971 loc code 27; 1961 code 27",
    "lat": 28.9218,
    "lon": 73.564,
    "inside_range_polygon": true,
    "confidence": "medium (village land centroid, not abadi; +-2-4 km)",
    "km_to_range_boundary": 5.0,
    "project_slug": "jagor",
    "frac_of_1961_village_polygon_inside": 1.0,
    "sep_1961_vs_1971_km": 2.9
   },
   "geometry": {
    "type": "Point",
    "coordinates": [
     73.564,
     28.9218
    ]
   }
  },
  {
   "type": "Feature",
   "properties": {
    "name": "Hathoosar",
    "alt_names": [],
    "source": "Census 1971 DCH Bikaner Part X-A map 2.3 (p177) + Census 1961 DCH Bikaner tehsil map (p266); village-area position, local-affine georef this session",
    "source_id": "1971 loc code 28; 1961 code 28",
    "lat": 28.9465,
    "lon": 73.5689,
    "inside_range_polygon": true,
    "confidence": "medium (village land centroid, not abadi; +-2-4 km)",
    "km_to_range_boundary": 5.3,
    "project_slug": "hathusar",
    "frac_of_1961_village_polygon_inside": 0.96,
    "sep_1961_vs_1971_km": 1.0
   },
   "geometry": {
    "type": "Point",
    "coordinates": [
     73.5689,
     28.9465
    ]
   }
  },
  {
   "type": "Feature",
   "properties": {
    "name": "Cheedasar",
    "alt_names": [
     "Chidasar"
    ],
    "source": "Census 1971 DCH Bikaner Part X-A map 2.3 (p177) + Census 1961 DCH Bikaner tehsil map (p266); village-area position, local-affine georef this session",
    "source_id": "1971 loc code 29; 1961 code 29",
    "lat": 28.9687,
    "lon": 73.5543,
    "inside_range_polygon": true,
    "confidence": "medium (village land centroid, not abadi; +-2-4 km)",
    "km_to_range_boundary": 3.4,
    "project_slug": "chidasar",
    "frac_of_1961_village_polygon_inside": 0.93,
    "sep_1961_vs_1971_km": 2.7
   },
   "geometry": {
    "type": "Point",
    "coordinates": [
     73.5543,
     28.9687
    ]
   }
  },
  {
   "type": "Feature",
   "properties": {
    "name": "Hindor",
    "alt_names": [],
    "source": "Census 1971 DCH Bikaner Part X-A map 2.3 (p177) + Census 1961 DCH Bikaner tehsil map (p266); village-area position, local-affine georef this session",
    "source_id": "1971 loc code 30; 1961 code 30",
    "lat": 28.9729,
    "lon": 73.6057,
    "inside_range_polygon": true,
    "confidence": "medium (village land centroid, not abadi; +-2-4 km)",
    "km_to_range_boundary": 4.2,
    "project_slug": "hindor",
    "frac_of_1961_village_polygon_inside": 1.0,
    "sep_1961_vs_1971_km": 1.6
   },
   "geometry": {
    "type": "Point",
    "coordinates": [
     73.6057,
     28.9729
    ]
   }
  },
  {
   "type": "Feature",
   "properties": {
    "name": "Lakhaur Bari",
    "alt_names": [
     "Lakhor Moti"
    ],
    "source": "Census 1971 DCH Bikaner Part X-A map 2.3 (p177) + Census 1961 DCH Bikaner tehsil map (p266); village-area position, local-affine georef this session",
    "source_id": "1971 loc code 31; 1961 code 31",
    "lat": 28.9863,
    "lon": 73.6523,
    "inside_range_polygon": true,
    "confidence": "medium (village land centroid, not abadi; +-2-4 km)",
    "km_to_range_boundary": 3.4,
    "project_slug": "lakhor-moti",
    "frac_of_1961_village_polygon_inside": 1.0,
    "sep_1961_vs_1971_km": 0.7
   },
   "geometry": {
    "type": "Point",
    "coordinates": [
     73.6523,
     28.9863
    ]
   }
  },
  {
   "type": "Feature",
   "properties": {
    "name": "Lakhaur Chhoti",
    "alt_names": [
     "Lakhor Chhoti"
    ],
    "source": "Census 1971 DCH Bikaner Part X-A map 2.3 (p177) + Census 1961 DCH Bikaner tehsil map (p266); village-area position, local-affine georef this session",
    "source_id": "1971 loc code 32; 1961 code 32",
    "lat": 28.9997,
    "lon": 73.6684,
    "inside_range_polygon": true,
    "confidence": "medium (village land centroid, not abadi; +-2-4 km)",
    "km_to_range_boundary": 1.7,
    "project_slug": "lakhor-chhoti",
    "frac_of_1961_village_polygon_inside": null,
    "sep_1961_vs_1971_km": 0.7
   },
   "geometry": {
    "type": "Point",
    "coordinates": [
     73.6684,
     28.9997
    ]
   }
  },
  {
   "type": "Feature",
   "properties": {
    "name": "Rampura",
    "alt_names": [],
    "source": "Census 1971 DCH Bikaner Part X-A map 2.3 (p177) + Census 1961 DCH Bikaner tehsil map (p266); village-area position, local-affine georef this session",
    "source_id": "1971 loc code 33; 1961 code 33",
    "lat": 28.9874,
    "lon": 73.7154,
    "inside_range_polygon": true,
    "confidence": "medium (village land centroid, not abadi; +-2-4 km)",
    "km_to_range_boundary": 1.5,
    "project_slug": "rampura",
    "frac_of_1961_village_polygon_inside": 0.97,
    "sep_1961_vs_1971_km": 1.7
   },
   "geometry": {
    "type": "Point",
    "coordinates": [
     73.7154,
     28.9874
    ]
   }
  },
  {
   "type": "Feature",
   "properties": {
    "name": "Jagatsinghpura",
    "alt_names": [
     "Jagsingpura (AMS)"
    ],
    "source": "Census 1971 DCH Bikaner Part X-A map 2.3 (p177) + Census 1961 DCH Bikaner tehsil map (p266); village-area position, local-affine georef this session",
    "source_id": "1971 loc code 40; 1961 code 40",
    "lat": 28.9173,
    "lon": 73.7398,
    "inside_range_polygon": true,
    "confidence": "medium (village land centroid, not abadi; +-2-4 km)",
    "km_to_range_boundary": 2.3,
    "project_slug": "jagatsinghpura",
    "frac_of_1961_village_polygon_inside": null,
    "sep_1961_vs_1971_km": 1.5
   },
   "geometry": {
    "type": "Point",
    "coordinates": [
     73.7398,
     28.9173
    ]
   }
  },
  {
   "type": "Feature",
   "properties": {
    "name": "Khanisar",
    "alt_names": [],
    "source": "Census 1971 DCH Bikaner Part X-A map 2.3 (p177) + Census 1961 DCH Bikaner tehsil map (p266); village-area position, local-affine georef this session",
    "source_id": "1971 loc code 41; 1961 code 41",
    "lat": 28.9516,
    "lon": 73.732,
    "inside_range_polygon": true,
    "confidence": "medium (village land centroid, not abadi; +-2-4 km)",
    "km_to_range_boundary": 2.4,
    "project_slug": "khanisar",
    "frac_of_1961_village_polygon_inside": 0.95,
    "sep_1961_vs_1971_km": 2.1
   },
   "geometry": {
    "type": "Point",
    "coordinates": [
     73.732,
     28.9516
    ]
   }
  },
  {
   "type": "Feature",
   "properties": {
    "name": "Likhmisar",
    "alt_names": [],
    "source": "Census 1971 DCH Bikaner Part X-A map 2.3 (p177) + Census 1961 DCH Bikaner tehsil map (p266); village-area position, local-affine georef this session",
    "source_id": "1971 loc code 42; 1961 code 42",
    "lat": 28.9434,
    "lon": 73.6608,
    "inside_range_polygon": true,
    "confidence": "medium (village land centroid, not abadi; +-2-4 km)",
    "km_to_range_boundary": 8.0,
    "project_slug": "likhmisar",
    "frac_of_1961_village_polygon_inside": 1.0,
    "sep_1961_vs_1971_km": 1.7
   },
   "geometry": {
    "type": "Point",
    "coordinates": [
     73.6608,
     28.9434
    ]
   }
  },
  {
   "type": "Feature",
   "properties": {
    "name": "Kumbhasar",
    "alt_names": [],
    "source": "Census 1971 DCH Bikaner Part X-A map 2.3 (p177) + Census 1961 DCH Bikaner tehsil map (p266); village-area position, local-affine georef this session",
    "source_id": "1971 loc code 43; 1961 code 43",
    "lat": 28.926,
    "lon": 73.6801,
    "inside_range_polygon": true,
    "confidence": "medium (village land centroid, not abadi; +-2-4 km)",
    "km_to_range_boundary": 7.1,
    "project_slug": "kumbhasar",
    "frac_of_1961_village_polygon_inside": 1.0,
    "sep_1961_vs_1971_km": 1.0
   },
   "geometry": {
    "type": "Point",
    "coordinates": [
     73.6801,
     28.926
    ]
   }
  },
  {
   "type": "Feature",
   "properties": {
    "name": "Dooderiya",
    "alt_names": [],
    "source": "Census 1971 DCH Bikaner Part X-A map 2.3 (p177) + Census 1961 DCH Bikaner tehsil map (p266); village-area position, local-affine georef this session",
    "source_id": "1971 loc code 44; 1961 code 44",
    "lat": 28.9007,
    "lon": 73.7184,
    "inside_range_polygon": true,
    "confidence": "medium (village land centroid, not abadi; +-2-4 km)",
    "km_to_range_boundary": 2.7,
    "project_slug": "duderiya",
    "frac_of_1961_village_polygon_inside": 0.98,
    "sep_1961_vs_1971_km": 0.3
   },
   "geometry": {
    "type": "Point",
    "coordinates": [
     73.7184,
     28.9007
    ]
   }
  },
  {
   "type": "Feature",
   "properties": {
    "name": "Meusar",
    "alt_names": [],
    "source": "Census 1971 DCH Bikaner Part X-A map 2.3 (p177) + Census 1961 DCH Bikaner tehsil map (p266); village-area position, local-affine georef this session",
    "source_id": "1971 loc code 45; 1961 code 45",
    "lat": 28.8948,
    "lon": 73.6887,
    "inside_range_polygon": true,
    "confidence": "medium (village land centroid, not abadi; +-2-4 km)",
    "km_to_range_boundary": 5.0,
    "project_slug": "meusar",
    "frac_of_1961_village_polygon_inside": 1.0,
    "sep_1961_vs_1971_km": 1.6
   },
   "geometry": {
    "type": "Point",
    "coordinates": [
     73.6887,
     28.8948
    ]
   }
  },
  {
   "type": "Feature",
   "properties": {
    "name": "Nakrasar",
    "alt_names": [],
    "source": "Census 1971 DCH Bikaner Part X-A map 2.3 (p177) + Census 1961 DCH Bikaner tehsil map (p266); village-area position, local-affine georef this session",
    "source_id": "1971 loc code 46; 1961 code 46",
    "lat": 28.916,
    "lon": 73.6331,
    "inside_range_polygon": true,
    "confidence": "medium (village land centroid, not abadi; +-2-4 km)",
    "km_to_range_boundary": 10.9,
    "project_slug": "nakrasar",
    "frac_of_1961_village_polygon_inside": 1.0,
    "sep_1961_vs_1971_km": 1.0
   },
   "geometry": {
    "type": "Point",
    "coordinates": [
     73.6331,
     28.916
    ]
   }
  },
  {
   "type": "Feature",
   "properties": {
    "name": "Kankraliya",
    "alt_names": [
     "Kankraliyo"
    ],
    "source": "Census 1971 DCH Bikaner Part X-A map 2.3 (p177) + Census 1961 DCH Bikaner tehsil map (p266); village-area position, local-affine georef this session",
    "source_id": "1971 loc code 47; 1961 code 47",
    "lat": 28.8822,
    "lon": 73.6514,
    "inside_range_polygon": true,
    "confidence": "medium (village land centroid, not abadi; +-2-4 km)",
    "km_to_range_boundary": 8.4,
    "project_slug": "kankraliyo",
    "frac_of_1961_village_polygon_inside": 1.0,
    "sep_1961_vs_1971_km": 1.0
   },
   "geometry": {
    "type": "Point",
    "coordinates": [
     73.6514,
     28.8822
    ]
   }
  },
  {
   "type": "Feature",
   "properties": {
    "name": "Dooder",
    "alt_names": [],
    "source": "Census 1971 DCH Bikaner Part X-A map 2.3 (p177) + Census 1961 DCH Bikaner tehsil map (p266); village-area position, local-affine georef this session",
    "source_id": "1971 loc code 48; 1961 code 48",
    "lat": 28.8574,
    "lon": 73.7139,
    "inside_range_polygon": true,
    "confidence": "medium (village land centroid, not abadi; +-2-4 km)",
    "km_to_range_boundary": 2.8,
    "project_slug": "duder",
    "frac_of_1961_village_polygon_inside": 0.99,
    "sep_1961_vs_1971_km": 2.8
   },
   "geometry": {
    "type": "Point",
    "coordinates": [
     73.7139,
     28.8574
    ]
   }
  },
  {
   "type": "Feature",
   "properties": {
    "name": "Bhojrasar",
    "alt_names": [],
    "source": "Census 1971 DCH Bikaner Part X-A map 2.3 (p177) + Census 1961 DCH Bikaner tehsil map (p266); village-area position, local-affine georef this session",
    "source_id": "1971 loc code 49; 1961 code 49",
    "lat": 28.8056,
    "lon": 73.6979,
    "inside_range_polygon": true,
    "confidence": "medium (village land centroid, not abadi; +-2-4 km)",
    "km_to_range_boundary": 2.2,
    "project_slug": "bhojrasar",
    "frac_of_1961_village_polygon_inside": 0.95,
    "sep_1961_vs_1971_km": 2.4
   },
   "geometry": {
    "type": "Point",
    "coordinates": [
     73.6979,
     28.8056
    ]
   }
  },
  {
   "type": "Feature",
   "properties": {
    "name": "Khinyana",
    "alt_names": [],
    "source": "Census 1971 DCH Bikaner Part X-A map 2.3 (p177) + Census 1961 DCH Bikaner tehsil map (p266); village-area position, local-affine georef this session",
    "source_id": "1971 loc code 50; 1961 code 50",
    "lat": 28.7157,
    "lon": 73.6798,
    "inside_range_polygon": true,
    "confidence": "medium (village land centroid, not abadi; +-2-4 km)",
    "km_to_range_boundary": 1.5,
    "project_slug": "khiyana",
    "frac_of_1961_village_polygon_inside": 0.85,
    "sep_1961_vs_1971_km": 2.6
   },
   "geometry": {
    "type": "Point",
    "coordinates": [
     73.6798,
     28.7157
    ]
   }
  },
  {
   "type": "Feature",
   "properties": {
    "name": "Motolai",
    "alt_names": [],
    "source": "Census 1971 DCH Bikaner Part X-A map 2.3 (p177) + Census 1961 DCH Bikaner tehsil map (p266); village-area position, local-affine georef this session",
    "source_id": "1971 loc code 81; 1961 code 82",
    "lat": 28.6153,
    "lon": 73.4992,
    "inside_range_polygon": true,
    "confidence": "medium (village land centroid, not abadi; +-2-4 km)",
    "km_to_range_boundary": 1.7,
    "project_slug": "motlai",
    "frac_of_1961_village_polygon_inside": 0.92,
    "sep_1961_vs_1971_km": 2.0
   },
   "geometry": {
    "type": "Point",
    "coordinates": [
     73.4992,
     28.6153
    ]
   }
  },
  {
   "type": "Feature",
   "properties": {
    "name": "Beermana (Birmana)",
    "alt_names": [],
    "source": "Census 1971 DCH Bikaner Part X-A map 2.3 (p177) + Census 1961 DCH Bikaner tehsil map (p266); village-area position, local-affine georef this session",
    "source_id": "1971 loc code 80; 1961 code 81",
    "lat": 28.5819,
    "lon": 73.5057,
    "inside_range_polygon": true,
    "confidence": "medium (village land centroid, not abadi; +-2-4 km)",
    "km_to_range_boundary": 0.7,
    "project_slug": "birmana",
    "frac_of_1961_village_polygon_inside": 0.42,
    "sep_1961_vs_1971_km": 2.5
   },
   "geometry": {
    "type": "Point",
    "coordinates": [
     73.5057,
     28.5819
    ]
   }
  },
  {
   "type": "Feature",
   "properties": {
    "name": "Chak Jor",
    "alt_names": [
     "Chakdo? (weak)"
    ],
    "source": "Census 1971 DCH Bikaner Part X-A map 2.3 (p177) + Census 1961 DCH Bikaner tehsil map (p266); village-area position, local-affine georef this session",
    "source_id": "1971 loc code 35; 1961 code 35",
    "lat": 28.9653,
    "lon": 73.7792,
    "inside_range_polygon": true,
    "confidence": "low (single map, +-3-5 km)",
    "km_to_range_boundary": 0.7,
    "project_slug": null,
    "frac_of_1961_village_polygon_inside": null,
    "sep_1961_vs_1971_km": null
   },
   "geometry": {
    "type": "Point",
    "coordinates": [
     73.7792,
     28.9653
    ]
   }
  },
  {
   "type": "Feature",
   "properties": {
    "name": "Chak Asrasar",
    "alt_names": [],
    "source": "Census 1971 DCH Bikaner Part X-A map 2.3 (p177) + Census 1961 DCH Bikaner tehsil map (p266); village-area position, local-affine georef this session",
    "source_id": "1971 loc code 37; 1961 code 37",
    "lat": 28.9128,
    "lon": 73.8141,
    "inside_range_polygon": false,
    "confidence": "low (single map, +-3-5 km)",
    "km_to_range_boundary": 3.8,
    "project_slug": null,
    "frac_of_1961_village_polygon_inside": null,
    "sep_1961_vs_1971_km": null
   },
   "geometry": {
    "type": "Point",
    "coordinates": [
     73.8141,
     28.9128
    ]
   }
  },
  {
   "type": "Feature",
   "properties": {
    "name": "Sherpura",
    "alt_names": [],
    "source": "Census 1971 DCH Bikaner Part X-A map 2.3 (p177) + Census 1961 DCH Bikaner tehsil map (p266); village-area position, local-affine georef this session",
    "source_id": "1971 loc code 2; 1961 code 2",
    "lat": 28.9446,
    "lon": 73.3251,
    "inside_range_polygon": false,
    "confidence": "low (single map, +-3-5 km)",
    "km_to_range_boundary": 12.9,
    "project_slug": null,
    "frac_of_1961_village_polygon_inside": null,
    "sep_1961_vs_1971_km": null
   },
   "geometry": {
    "type": "Point",
    "coordinates": [
     73.3251,
     28.9446
    ]
   }
  },
  {
   "type": "Feature",
   "properties": {
    "name": "Shyodanpura",
    "alt_names": [],
    "source": "Census 1971 DCH Bikaner Part X-A map 2.3 (p177) + Census 1961 DCH Bikaner tehsil map (p266); village-area position, local-affine georef this session",
    "source_id": "1971 loc code 51; 1961 code 51",
    "lat": 28.7648,
    "lon": 73.723,
    "inside_range_polygon": false,
    "confidence": "medium (village land centroid, not abadi; +-2-4 km)",
    "km_to_range_boundary": 1.5,
    "project_slug": null,
    "frac_of_1961_village_polygon_inside": null,
    "sep_1961_vs_1971_km": 1.0
   },
   "geometry": {
    "type": "Point",
    "coordinates": [
     73.723,
     28.7648
    ]
   }
  },
  {
   "type": "Feature",
   "properties": {
    "name": "Bheekhnera",
    "alt_names": [],
    "source": "Census 1971 DCH Bikaner Part X-A map 2.3 (p177) + Census 1961 DCH Bikaner tehsil map (p266); village-area position, local-affine georef this session",
    "source_id": "1971 loc code 24; 1961 code 24",
    "lat": 28.6706,
    "lon": 73.6306,
    "inside_range_polygon": false,
    "confidence": "medium (village land centroid, not abadi; +-2-4 km)",
    "km_to_range_boundary": 1.6,
    "project_slug": null,
    "frac_of_1961_village_polygon_inside": 0.0,
    "sep_1961_vs_1971_km": 2.1
   },
   "geometry": {
    "type": "Point",
    "coordinates": [
     73.6306,
     28.6706
    ]
   }
  },
  {
   "type": "Feature",
   "properties": {
    "name": "Rekh Meghana",
    "alt_names": [],
    "source": "Census 1971 DCH Bikaner Part X-A map 2.3 (p177) + Census 1961 DCH Bikaner tehsil map (p266); village-area position, local-affine georef this session",
    "source_id": "1971 loc code 78; 1961 code 78",
    "lat": 28.636,
    "lon": 73.6056,
    "inside_range_polygon": true,
    "confidence": "medium (village land centroid, not abadi; +-2-4 km)",
    "km_to_range_boundary": 0.0,
    "project_slug": null,
    "frac_of_1961_village_polygon_inside": null,
    "sep_1961_vs_1971_km": 1.8
   },
   "geometry": {
    "type": "Point",
    "coordinates": [
     73.6056,
     28.636
    ]
   }
  },
  {
   "type": "Feature",
   "properties": {
    "name": "Soolera",
    "alt_names": [],
    "source": "Census 1971 DCH Bikaner Part X-A map 2.3 (p177) + Census 1961 DCH Bikaner tehsil map (p266); village-area position, local-affine georef this session",
    "source_id": "1971 loc code 74; 1961 code 74",
    "lat": 28.6677,
    "lon": 73.6655,
    "inside_range_polygon": false,
    "confidence": "medium (village land centroid, not abadi; +-2-4 km)",
    "km_to_range_boundary": 3.1,
    "project_slug": null,
    "frac_of_1961_village_polygon_inside": 0.0,
    "sep_1961_vs_1971_km": 0.8
   },
   "geometry": {
    "type": "Point",
    "coordinates": [
     73.6655,
     28.6677
    ]
   }
  },
  {
   "type": "Feature",
   "properties": {
    "name": "Asrasar",
    "alt_names": [],
    "source": "Census 1971 DCH Bikaner Part X-A map 2.3 (p177) + Census 1961 DCH Bikaner tehsil map (p266); village-area position, local-affine georef this session",
    "source_id": "1971 loc code 39; 1961 code 39",
    "lat": 28.8898,
    "lon": 73.7707,
    "inside_range_polygon": false,
    "confidence": "medium (village land centroid, not abadi; +-2-4 km)",
    "km_to_range_boundary": 0.5,
    "project_slug": null,
    "frac_of_1961_village_polygon_inside": null,
    "sep_1961_vs_1971_km": 2.0
   },
   "geometry": {
    "type": "Point",
    "coordinates": [
     73.7707,
     28.8898
    ]
   }
  },
  {
   "type": "Feature",
   "properties": {
    "name": "Ramsara",
    "alt_names": [],
    "source": "Census 1971 DCH Bikaner Part X-A map 2.3 (p177) + Census 1961 DCH Bikaner tehsil map (p266); village-area position, local-affine georef this session",
    "source_id": "1971 loc code 36; 1961 code 36",
    "lat": 28.9306,
    "lon": 73.7746,
    "inside_range_polygon": false,
    "confidence": "medium (village land centroid, not abadi; +-2-4 km)",
    "km_to_range_boundary": 0.4,
    "project_slug": null,
    "frac_of_1961_village_polygon_inside": 0.11,
    "sep_1961_vs_1971_km": 1.1
   },
   "geometry": {
    "type": "Point",
    "coordinates": [
     73.7746,
     28.9306
    ]
   }
  },
  {
   "type": "Feature",
   "properties": {
    "name": "Udepur",
    "alt_names": [
     "Ūdepur"
    ],
    "source": "GeoNames IN.zip (2026-09-25) = NGA GNS",
    "source_id": "geonames:1253959;gns_ufi:-2113662",
    "lat": 29.14936,
    "lon": 73.83815,
    "inside_range_polygon": false,
    "confidence": "medium (GNS/AMS-derived)",
    "km_to_range_boundary": 17.3,
    "feature_code": "PPL"
   },
   "geometry": {
    "type": "Point",
    "coordinates": [
     73.83815,
     29.14936
    ]
   }
  },
  {
   "type": "Feature",
   "properties": {
    "name": "Thotya",
    "alt_names": [],
    "source": "GeoNames IN.zip (2026-09-25) = NGA GNS",
    "source_id": "geonames:1254571;gns_ufi:-2113043",
    "lat": 28.85267,
    "lon": 73.5811,
    "inside_range_polygon": true,
    "confidence": "medium (GNS/AMS-derived)",
    "km_to_range_boundary": 10.3,
    "feature_code": "PPL"
   },
   "geometry": {
    "type": "Point",
    "coordinates": [
     73.5811,
     28.85267
    ]
   }
  },
  {
   "type": "Feature",
   "properties": {
    "name": "Surjansar",
    "alt_names": [],
    "source": "GeoNames IN.zip (2026-09-25) = NGA GNS",
    "source_id": "geonames:1255338;gns_ufi:-2112269",
    "lat": 29.06403,
    "lon": 73.46985,
    "inside_range_polygon": false,
    "confidence": "medium (GNS/AMS-derived)",
    "km_to_range_boundary": 9.2,
    "feature_code": "PPL"
   },
   "geometry": {
    "type": "Point",
    "coordinates": [
     73.46985,
     29.06403
    ]
   }
  },
  {
   "type": "Feature",
   "properties": {
    "name": "Sadolai",
    "alt_names": [],
    "source": "GeoNames IN.zip (2026-09-25) = NGA GNS",
    "source_id": "geonames:1257870;gns_ufi:-2109731",
    "lat": 28.61723,
    "lon": 73.26835,
    "inside_range_polygon": false,
    "confidence": "medium (GNS/AMS-derived)",
    "km_to_range_boundary": 3.7,
    "feature_code": "PPL"
   },
   "geometry": {
    "type": "Point",
    "coordinates": [
     73.26835,
     28.61723
    ]
   }
  },
  {
   "type": "Feature",
   "properties": {
    "name": "Rāner",
    "alt_names": [],
    "source": "GeoNames IN.zip (2026-09-25) = NGA GNS",
    "source_id": "geonames:1258513;gns_ufi:-2109081",
    "lat": 28.88396,
    "lon": 73.28633,
    "inside_range_polygon": false,
    "confidence": "medium (GNS/AMS-derived)",
    "km_to_range_boundary": 11.6,
    "feature_code": "PPL"
   },
   "geometry": {
    "type": "Point",
    "coordinates": [
     73.28633,
     28.88396
    ]
   }
  },
  {
   "type": "Feature",
   "properties": {
    "name": "Rāmpura",
    "alt_names": [],
    "source": "GeoNames IN.zip (2026-09-25) = NGA GNS",
    "source_id": "geonames:1258588;gns_ufi:-2109006",
    "lat": 28.98404,
    "lon": 73.72701,
    "inside_range_polygon": true,
    "confidence": "medium (GNS/AMS-derived)",
    "km_to_range_boundary": 0.8,
    "feature_code": "PPL"
   },
   "geometry": {
    "type": "Point",
    "coordinates": [
     73.72701,
     28.98404
    ]
   }
  },
  {
   "type": "Feature",
   "properties": {
    "name": "Rājiyāsar",
    "alt_names": [
     "Rajisar",
     "Rajiyasar",
     "Rājīsar"
    ],
    "source": "GeoNames IN.zip (2026-09-25) = NGA GNS",
    "source_id": "geonames:1258854;gns_ufi:-2108740",
    "lat": 29.03723,
    "lon": 73.86386,
    "inside_range_polygon": false,
    "confidence": "medium (GNS/AMS-derived)",
    "km_to_range_boundary": 8.3,
    "feature_code": "PPL"
   },
   "geometry": {
    "type": "Point",
    "coordinates": [
     73.86386,
     29.03723
    ]
   }
  },
  {
   "type": "Feature",
   "properties": {
    "name": "Phulān",
    "alt_names": [],
    "source": "GeoNames IN.zip (2026-09-25) = NGA GNS",
    "source_id": "geonames:1259752;gns_ufi:-2107834",
    "lat": 28.97742,
    "lon": 73.18104,
    "inside_range_polygon": false,
    "confidence": "medium (GNS/AMS-derived)",
    "km_to_range_boundary": 25.9,
    "feature_code": "PPL"
   },
   "geometry": {
    "type": "Point",
    "coordinates": [
     73.18104,
     28.97742
    ]
   }
  },
  {
   "type": "Feature",
   "properties": {
    "name": "Motāsur",
    "alt_names": [],
    "source": "GeoNames IN.zip (2026-09-25) = NGA GNS",
    "source_id": "geonames:1262718;gns_ufi:-2104857",
    "lat": 28.64652,
    "lon": 73.43362,
    "inside_range_polygon": true,
    "confidence": "medium (GNS/AMS-derived)",
    "km_to_range_boundary": 5.4,
    "feature_code": "PPL"
   },
   "geometry": {
    "type": "Point",
    "coordinates": [
     73.43362,
     28.64652
    ]
   }
  },
  {
   "type": "Feature",
   "properties": {
    "name": "Mohkampura",
    "alt_names": [
     "Mokampur",
     "Mōkampur"
    ],
    "source": "GeoNames IN.zip (2026-09-25) = NGA GNS",
    "source_id": "geonames:1262850;gns_ufi:-2104725",
    "lat": 28.69888,
    "lon": 73.83754,
    "inside_range_polygon": false,
    "confidence": "medium (GNS/AMS-derived)",
    "km_to_range_boundary": 12.3,
    "feature_code": "PPL"
   },
   "geometry": {
    "type": "Point",
    "coordinates": [
     73.83754,
     28.69888
    ]
   }
  },
  {
   "type": "Feature",
   "properties": {
    "name": "Mōkalsar",
    "alt_names": [],
    "source": "GeoNames IN.zip (2026-09-25) = NGA GNS",
    "source_id": "geonames:1262854;gns_ufi:-2104721",
    "lat": 28.99876,
    "lon": 73.90197,
    "inside_range_polygon": false,
    "confidence": "medium (GNS/AMS-derived)",
    "km_to_range_boundary": 10.3,
    "feature_code": "PPL"
   },
   "geometry": {
    "type": "Point",
    "coordinates": [
     73.90197,
     28.99876
    ]
   }
  },
  {
   "type": "Feature",
   "properties": {
    "name": "Mānna",
    "alt_names": [],
    "source": "GeoNames IN.zip (2026-09-25) = NGA GNS",
    "source_id": "geonames:1263662;gns_ufi:-2103909",
    "lat": 28.56493,
    "lon": 73.38877,
    "inside_range_polygon": false,
    "confidence": "medium (GNS/AMS-derived)",
    "km_to_range_boundary": 2.7,
    "feature_code": "PPL"
   },
   "geometry": {
    "type": "Point",
    "coordinates": [
     73.38877,
     28.56493
    ]
   }
  },
  {
   "type": "Feature",
   "properties": {
    "name": "Malkīsar Railroad Station",
    "alt_names": [
     "MLC",
     "Malkisar",
     "Malkisar Railroad Station",
     "Malkisar Station",
     "Malkīsar"
    ],
    "source": "GeoNames IN.zip (2026-09-25) = NGA GNS",
    "source_id": "geonames:1264063;gns_ufi:-2103507",
    "lat": 28.64426,
    "lon": 73.86659,
    "inside_range_polygon": false,
    "confidence": "medium (GNS/AMS-derived)",
    "km_to_range_boundary": 16.5,
    "feature_code": "RSTN"
   },
   "geometry": {
    "type": "Point",
    "coordinates": [
     73.86659,
     28.64426
    ]
   }
  },
  {
   "type": "Feature",
   "properties": {
    "name": "Mahājan",
    "alt_names": [],
    "source": "GeoNames IN.zip (2026-09-25) = NGA GNS",
    "source_id": "geonames:1264467;gns_ufi:-2103101",
    "lat": 28.78613,
    "lon": 73.84354,
    "inside_range_polygon": false,
    "confidence": "medium (GNS/AMS-derived)",
    "km_to_range_boundary": 10.1,
    "feature_code": "PPL"
   },
   "geometry": {
    "type": "Point",
    "coordinates": [
     73.84354,
     28.78613
    ]
   }
  },
  {
   "type": "Feature",
   "properties": {
    "name": "Madiali",
    "alt_names": [],
    "source": "GeoNames IN.zip (2026-09-25) = NGA GNS",
    "source_id": "geonames:1264541;gns_ufi:-2103027",
    "lat": 28.7072,
    "lon": 73.30617,
    "inside_range_polygon": false,
    "confidence": "medium (GNS/AMS-derived)",
    "km_to_range_boundary": 4.9,
    "feature_code": "PPL"
   },
   "geometry": {
    "type": "Point",
    "coordinates": [
     73.30617,
     28.7072
    ]
   }
  },
  {
   "type": "Feature",
   "properties": {
    "name": "Lūnkaransar",
    "alt_names": [
     "LKS",
     "Lunkaransar"
    ],
    "source": "GeoNames IN.zip (2026-09-25) = NGA GNS",
    "source_id": "geonames:1264667;gns_ufi:-2102901",
    "lat": 28.4973,
    "lon": 73.74939,
    "inside_range_polygon": false,
    "confidence": "medium (GNS/AMS-derived)",
    "km_to_range_boundary": 19.3,
    "feature_code": "RSTN"
   },
   "geometry": {
    "type": "Point",
    "coordinates": [
     73.74939,
     28.4973
    ]
   }
  },
  {
   "type": "Feature",
   "properties": {
    "name": "Lūnkaransar",
    "alt_names": [
     "Lunkaransar",
     "Sar"
    ],
    "source": "GeoNames IN.zip (2026-09-25)",
    "source_id": "geonames:1264668",
    "lat": 28.50128,
    "lon": 73.75525,
    "inside_range_polygon": false,
    "confidence": "medium (GNS/AMS-derived)",
    "km_to_range_boundary": 19.3,
    "feature_code": "PPL"
   },
   "geometry": {
    "type": "Point",
    "coordinates": [
     73.75525,
     28.50128
    ]
   }
  },
  {
   "type": "Feature",
   "properties": {
    "name": "Kuināna",
    "alt_names": [],
    "source": "GeoNames IN.zip (2026-09-25) = NGA GNS",
    "source_id": "geonames:1265776;gns_ufi:-2101788",
    "lat": 28.72158,
    "lon": 73.60013,
    "inside_range_polygon": true,
    "confidence": "medium (GNS/AMS-derived)",
    "km_to_range_boundary": 4.4,
    "feature_code": "PPL"
   },
   "geometry": {
    "type": "Point",
    "coordinates": [
     73.60013,
     28.72158
    ]
   }
  },
  {
   "type": "Feature",
   "properties": {
    "name": "Khera",
    "alt_names": [],
    "source": "GeoNames IN.zip (2026-09-25) = NGA GNS",
    "source_id": "geonames:1266777;gns_ufi:-2100784",
    "lat": 28.47752,
    "lon": 73.56325,
    "inside_range_polygon": false,
    "confidence": "medium (GNS/AMS-derived)",
    "km_to_range_boundary": 12.0,
    "feature_code": "PPL"
   },
   "geometry": {
    "type": "Point",
    "coordinates": [
     73.56325,
     28.47752
    ]
   }
  },
  {
   "type": "Feature",
   "properties": {
    "name": "Kharbara",
    "alt_names": [],
    "source": "GeoNames IN.zip (2026-09-25) = NGA GNS",
    "source_id": "geonames:1266949;gns_ufi:-2100612",
    "lat": 28.94227,
    "lon": 73.41296,
    "inside_range_polygon": false,
    "confidence": "medium (GNS/AMS-derived)",
    "km_to_range_boundary": 5.6,
    "feature_code": "PPL"
   },
   "geometry": {
    "type": "Point",
    "coordinates": [
     73.41296,
     28.94227
    ]
   }
  },
  {
   "type": "Feature",
   "properties": {
    "name": "Khāl",
    "alt_names": [
     "Khai",
     "Khal",
     "Khāi"
    ],
    "source": "GeoNames IN.zip (2026-09-25) = NGA GNS",
    "source_id": "geonames:1267126;gns_ufi:-2100435",
    "lat": 29.08819,
    "lon": 73.36518,
    "inside_range_polygon": false,
    "confidence": "medium (GNS/AMS-derived)",
    "km_to_range_boundary": 18.3,
    "feature_code": "PPL"
   },
   "geometry": {
    "type": "Point",
    "coordinates": [
     73.36518,
     29.08819
    ]
   }
  },
  {
   "type": "Feature",
   "properties": {
    "name": "Kelasar",
    "alt_names": [],
    "source": "GeoNames IN.zip (2026-09-25) = NGA GNS",
    "source_id": "geonames:1267326;gns_ufi:-2100235",
    "lat": 28.46384,
    "lon": 73.25922,
    "inside_range_polygon": false,
    "confidence": "medium (GNS/AMS-derived)",
    "km_to_range_boundary": 14.1,
    "feature_code": "PPL"
   },
   "geometry": {
    "type": "Point",
    "coordinates": [
     73.25922,
     28.46384
    ]
   }
  },
  {
   "type": "Feature",
   "properties": {
    "name": "Karru",
    "alt_names": [],
    "source": "GeoNames IN.zip (2026-09-25) = NGA GNS",
    "source_id": "geonames:1267679;gns_ufi:-2099882",
    "lat": 29.09059,
    "lon": 73.94601,
    "inside_range_polygon": false,
    "confidence": "medium (GNS/AMS-derived)",
    "km_to_range_boundary": 18.2,
    "feature_code": "PPL"
   },
   "geometry": {
    "type": "Point",
    "coordinates": [
     73.94601,
     29.09059
    ]
   }
  },
  {
   "type": "Feature",
   "properties": {
    "name": "Kapūrīsar",
    "alt_names": [
     "Kapurisar",
     "Kapūrisar"
    ],
    "source": "GeoNames IN.zip (2026-09-25) = NGA GNS",
    "source_id": "geonames:1267913;gns_ufi:-2099643",
    "lat": 28.64282,
    "lon": 73.92271,
    "inside_range_polygon": false,
    "confidence": "medium (GNS/AMS-derived)",
    "km_to_range_boundary": 21.8,
    "feature_code": "PPL"
   },
   "geometry": {
    "type": "Point",
    "coordinates": [
     73.92271,
     28.64282
    ]
   }
  },
  {
   "type": "Feature",
   "properties": {
    "name": "Jasuntsar",
    "alt_names": [],
    "source": "GeoNames IN.zip (2026-09-25) = NGA GNS",
    "source_id": "geonames:1269160;gns_ufi:-2098389",
    "lat": 28.87547,
    "lon": 73.78802,
    "inside_range_polygon": false,
    "confidence": "medium (GNS/AMS-derived)",
    "km_to_range_boundary": 1.2,
    "feature_code": "PPL"
   },
   "geometry": {
    "type": "Point",
    "coordinates": [
     73.78802,
     28.87547
    ]
   }
  },
  {
   "type": "Feature",
   "properties": {
    "name": "Hāthusar",
    "alt_names": [],
    "source": "GeoNames IN.zip (2026-09-25) = NGA GNS",
    "source_id": "geonames:1270213;gns_ufi:-2097328",
    "lat": 28.94452,
    "lon": 73.57311,
    "inside_range_polygon": true,
    "confidence": "medium (GNS/AMS-derived)",
    "km_to_range_boundary": 5.8,
    "feature_code": "PPL"
   },
   "geometry": {
    "type": "Point",
    "coordinates": [
     73.57311,
     28.94452
    ]
   }
  },
  {
   "type": "Feature",
   "properties": {
    "name": "Gopālsar",
    "alt_names": [],
    "source": "GeoNames IN.zip (2026-09-25) = NGA GNS",
    "source_id": "geonames:1270954;gns_ufi:-2096583",
    "lat": 29.05679,
    "lon": 73.65342,
    "inside_range_polygon": false,
    "confidence": "medium (GNS/AMS-derived)",
    "km_to_range_boundary": 3.3,
    "feature_code": "PPL"
   },
   "geometry": {
    "type": "Point",
    "coordinates": [
     73.65342,
     29.05679
    ]
   }
  },
  {
   "type": "Feature",
   "properties": {
    "name": "Gomewāli",
    "alt_names": [],
    "source": "GeoNames IN.zip (2026-09-25) = NGA GNS",
    "source_id": "geonames:1271006;gns_ufi:-2096531",
    "lat": 29.04278,
    "lon": 73.43961,
    "inside_range_polygon": false,
    "confidence": "medium (GNS/AMS-derived)",
    "km_to_range_boundary": 9.5,
    "feature_code": "PPL"
   },
   "geometry": {
    "type": "Point",
    "coordinates": [
     73.43961,
     29.04278
    ]
   }
  },
  {
   "type": "Feature",
   "properties": {
    "name": "Dhāba",
    "alt_names": [],
    "source": "GeoNames IN.zip (2026-09-25) = NGA GNS",
    "source_id": "geonames:1273060;gns_ufi:-2094464",
    "lat": 29.01992,
    "lon": 73.30366,
    "inside_range_polygon": false,
    "confidence": "medium (GNS/AMS-derived)",
    "km_to_range_boundary": 19.2,
    "feature_code": "PPL"
   },
   "geometry": {
    "type": "Point",
    "coordinates": [
     73.30366,
     29.01992
    ]
   }
  },
  {
   "type": "Feature",
   "properties": {
    "name": "Dewāsar",
    "alt_names": [],
    "source": "GeoNames IN.zip (2026-09-25) = NGA GNS",
    "source_id": "geonames:1273065;gns_ufi:-2094459",
    "lat": 28.88095,
    "lon": 73.47241,
    "inside_range_polygon": true,
    "confidence": "medium (GNS/AMS-derived)",
    "km_to_range_boundary": 2.0,
    "feature_code": "PPL"
   },
   "geometry": {
    "type": "Point",
    "coordinates": [
     73.47241,
     28.88095
    ]
   }
  },
  {
   "type": "Feature",
   "properties": {
    "name": "Bhāgsar",
    "alt_names": [
     "Bhagsar"
    ],
    "source": "GeoNames IN.zip (2026-09-25) = NGA GNS",
    "source_id": "geonames:1276290;gns_ufi:-2091219",
    "lat": 29.1166,
    "lon": 73.44478,
    "inside_range_polygon": false,
    "confidence": "medium (GNS/AMS-derived)",
    "km_to_range_boundary": 15.4,
    "feature_code": "PPL"
   },
   "geometry": {
    "type": "Point",
    "coordinates": [
     73.44478,
     29.1166
    ]
   }
  },
  {
   "type": "Feature",
   "properties": {
    "name": "Bara Delāna",
    "alt_names": [],
    "source": "GeoNames IN.zip (2026-09-25) = NGA GNS",
    "source_id": "geonames:1277144;gns_ufi:-2090363",
    "lat": 28.59022,
    "lon": 73.61283,
    "inside_range_polygon": false,
    "confidence": "medium (GNS/AMS-derived)",
    "km_to_range_boundary": 3.6,
    "feature_code": "PPL"
   },
   "geometry": {
    "type": "Point",
    "coordinates": [
     73.61283,
     28.59022
    ]
   }
  },
  {
   "type": "Feature",
   "properties": {
    "name": "Arjansar",
    "alt_names": [
     "AS",
     "Arjansar Flag Station"
    ],
    "source": "GeoNames IN.zip (2026-09-25) = NGA GNS",
    "source_id": "geonames:1278402;gns_ufi:-2089102",
    "lat": 28.93084,
    "lon": 73.87148,
    "inside_range_polygon": false,
    "confidence": "medium (GNS/AMS-derived)",
    "km_to_range_boundary": 8.6,
    "feature_code": "RSTN"
   },
   "geometry": {
    "type": "Point",
    "coordinates": [
     73.87148,
     28.93084
    ]
   }
  },
  {
   "type": "Feature",
   "properties": {
    "name": "Thori",
    "alt_names": [],
    "source": "GeoNames IN.zip (2026-09-25) = NGA GNS",
    "source_id": "geonames:1332224;gns_ufi:78450",
    "lat": 28.47556,
    "lon": 73.76472,
    "inside_range_polygon": false,
    "confidence": "medium (GNS/AMS-derived)",
    "km_to_range_boundary": 22.1,
    "feature_code": "PPL"
   },
   "geometry": {
    "type": "Point",
    "coordinates": [
     73.76472,
     28.47556
    ]
   }
  },
  {
   "type": "Feature",
   "properties": {
    "name": "Kālūbās",
    "alt_names": [
     "Kalubas",
     "Kaluwas",
     "Kaluwās"
    ],
    "source": "GeoNames IN.zip (2026-09-25) = NGA GNS",
    "source_id": "geonames:1332225;gns_ufi:78452",
    "lat": 28.49054,
    "lon": 73.77725,
    "inside_range_polygon": false,
    "confidence": "medium (GNS/AMS-derived)",
    "km_to_range_boundary": 21.7,
    "feature_code": "PPL"
   },
   "geometry": {
    "type": "Point",
    "coordinates": [
     73.77725,
     28.49054
    ]
   }
  },
  {
   "type": "Feature",
   "properties": {
    "name": "Dhingania",
    "alt_names": [],
    "source": "GeoNames IN.zip (2026-09-25) = NGA GNS",
    "source_id": "geonames:1332226;gns_ufi:78464",
    "lat": 28.51417,
    "lon": 73.83,
    "inside_range_polygon": false,
    "confidence": "medium (GNS/AMS-derived)",
    "km_to_range_boundary": 22.9,
    "feature_code": "PPLQ"
   },
   "geometry": {
    "type": "Point",
    "coordinates": [
     73.83,
     28.51417
    ]
   }
  },
  {
   "type": "Feature",
   "properties": {
    "name": "Kishnāsar",
    "alt_names": [],
    "source": "GeoNames IN.zip (2026-09-25) = NGA GNS",
    "source_id": "geonames:1332227;gns_ufi:78466",
    "lat": 28.51267,
    "lon": 73.8936,
    "inside_range_polygon": false,
    "confidence": "medium (GNS/AMS-derived)",
    "km_to_range_boundary": 26.9,
    "feature_code": "PPL"
   },
   "geometry": {
    "type": "Point",
    "coordinates": [
     73.8936,
     28.51267
    ]
   }
  },
  {
   "type": "Feature",
   "properties": {
    "name": "Rājpura Hudān",
    "alt_names": [
     "Rajpura",
     "Rajpura Hudan"
    ],
    "source": "GeoNames IN.zip (2026-09-25) = NGA GNS",
    "source_id": "geonames:1332228;gns_ufi:78467",
    "lat": 28.51684,
    "lon": 73.91857,
    "inside_range_polygon": false,
    "confidence": "medium (GNS/AMS-derived)",
    "km_to_range_boundary": 28.3,
    "feature_code": "PPL"
   },
   "geometry": {
    "type": "Point",
    "coordinates": [
     73.91857,
     28.51684
    ]
   }
  },
  {
   "type": "Feature",
   "properties": {
    "name": "Nāthwāna",
    "alt_names": [
     "Nathwana",
     "Nathwāna"
    ],
    "source": "GeoNames IN.zip (2026-09-25) = NGA GNS",
    "source_id": "geonames:1332231;gns_ufi:78474",
    "lat": 28.53241,
    "lon": 73.83105,
    "inside_range_polygon": false,
    "confidence": "medium (GNS/AMS-derived)",
    "km_to_range_boundary": 21.3,
    "feature_code": "PPL"
   },
   "geometry": {
    "type": "Point",
    "coordinates": [
     73.83105,
     28.53241
    ]
   }
  },
  {
   "type": "Feature",
   "properties": {
    "name": "Udāna",
    "alt_names": [],
    "source": "GeoNames IN.zip (2026-09-25) = NGA GNS",
    "source_id": "geonames:1332232;gns_ufi:78475",
    "lat": 28.56833,
    "lon": 73.7675,
    "inside_range_polygon": false,
    "confidence": "medium (GNS/AMS-derived)",
    "km_to_range_boundary": 14.8,
    "feature_code": "PPLQ"
   },
   "geometry": {
    "type": "Point",
    "coordinates": [
     73.7675,
     28.56833
    ]
   }
  },
  {
   "type": "Feature",
   "properties": {
    "name": "Nai Bhādera",
    "alt_names": [
     "Bhadera",
     "Hariasar",
     "Hariāsar",
     "Nai Bhadera"
    ],
    "source": "GeoNames IN.zip (2026-09-25) = NGA GNS",
    "source_id": "geonames:1332233;gns_ufi:78476",
    "lat": 28.60655,
    "lon": 73.82322,
    "inside_range_polygon": false,
    "confidence": "medium (GNS/AMS-derived)",
    "km_to_range_boundary": 14.7,
    "feature_code": "PPL"
   },
   "geometry": {
    "type": "Point",
    "coordinates": [
     73.82322,
     28.60655
    ]
   }
  },
  {
   "type": "Feature",
   "properties": {
    "name": "Goplān",
    "alt_names": [],
    "source": "GeoNames IN.zip (2026-09-25) = NGA GNS",
    "source_id": "geonames:1332234;gns_ufi:78477",
    "lat": 28.6115,
    "lon": 73.93117,
    "inside_range_polygon": false,
    "confidence": "medium (GNS/AMS-derived)",
    "km_to_range_boundary": 23.6,
    "feature_code": "PPL"
   },
   "geometry": {
    "type": "Point",
    "coordinates": [
     73.93117,
     28.6115
    ]
   }
  },
  {
   "type": "Feature",
   "properties": {
    "name": "Tejana Bās",
    "alt_names": [],
    "source": "GeoNames IN.zip (2026-09-25) = NGA GNS",
    "source_id": "geonames:1332238;gns_ufi:78601",
    "lat": 28.64833,
    "lon": 73.78583,
    "inside_range_polygon": false,
    "confidence": "medium (GNS/AMS-derived)",
    "km_to_range_boundary": 9.0,
    "feature_code": "PPLQ"
   },
   "geometry": {
    "type": "Point",
    "coordinates": [
     73.78583,
     28.64833
    ]
   }
  },
  {
   "type": "Feature",
   "properties": {
    "name": "Piperān",
    "alt_names": [
     "Piperan"
    ],
    "source": "GeoNames IN.zip (2026-09-25) = NGA GNS",
    "source_id": "geonames:1332239;gns_ufi:78618",
    "lat": 28.65014,
    "lon": 73.8695,
    "inside_range_polygon": false,
    "confidence": "medium (GNS/AMS-derived)",
    "km_to_range_boundary": 16.5,
    "feature_code": "PPL"
   },
   "geometry": {
    "type": "Point",
    "coordinates": [
     73.8695,
     28.65014
    ]
   }
  },
  {
   "type": "Feature",
   "properties": {
    "name": "Malkīsar Bara",
    "alt_names": [
     "Malkisar",
     "Malkisar Bara"
    ],
    "source": "GeoNames IN.zip (2026-09-25) = NGA GNS",
    "source_id": "geonames:1332240;gns_ufi:78621",
    "lat": 28.65357,
    "lon": 73.90635,
    "inside_range_polygon": false,
    "confidence": "medium (GNS/AMS-derived)",
    "km_to_range_boundary": 19.9,
    "feature_code": "PPL"
   },
   "geometry": {
    "type": "Point",
    "coordinates": [
     73.90635,
     28.65357
    ]
   }
  },
  {
   "type": "Feature",
   "properties": {
    "name": "Malkīsar Chhota",
    "alt_names": [
     "Malkisar Chhota",
     "Malkisar Chota"
    ],
    "source": "GeoNames IN.zip (2026-09-25) = NGA GNS",
    "source_id": "geonames:1332241;gns_ufi:78625",
    "lat": 28.67704,
    "lon": 73.9129,
    "inside_range_polygon": false,
    "confidence": "medium (GNS/AMS-derived)",
    "km_to_range_boundary": 20.0,
    "feature_code": "PPL"
   },
   "geometry": {
    "type": "Point",
    "coordinates": [
     73.9129,
     28.67704
    ]
   }
  },
  {
   "type": "Feature",
   "properties": {
    "name": "Baderan",
    "alt_names": [],
    "source": "GeoNames IN.zip (2026-09-25) = NGA GNS",
    "source_id": "geonames:1332242;gns_ufi:78626",
    "lat": 28.6913,
    "lon": 73.76542,
    "inside_range_polygon": false,
    "confidence": "medium (GNS/AMS-derived)",
    "km_to_range_boundary": 5.8,
    "feature_code": "PPL"
   },
   "geometry": {
    "type": "Point",
    "coordinates": [
     73.76542,
     28.6913
    ]
   }
  },
  {
   "type": "Feature",
   "properties": {
    "name": "Manoria",
    "alt_names": [],
    "source": "GeoNames IN.zip (2026-09-25) = NGA GNS",
    "source_id": "geonames:1332244;gns_ufi:78638",
    "lat": 28.75859,
    "lon": 73.772,
    "inside_range_polygon": false,
    "confidence": "medium (GNS/AMS-derived)",
    "km_to_range_boundary": 5.6,
    "feature_code": "PPL"
   },
   "geometry": {
    "type": "Point",
    "coordinates": [
     73.772,
     28.75859
    ]
   }
  },
  {
   "type": "Feature",
   "properties": {
    "name": "Serpura",
    "alt_names": [],
    "source": "GeoNames IN.zip (2026-09-25) = NGA GNS",
    "source_id": "geonames:1332245;gns_ufi:78640",
    "lat": 28.76635,
    "lon": 73.91648,
    "inside_range_polygon": false,
    "confidence": "medium (GNS/AMS-derived)",
    "km_to_range_boundary": 17.3,
    "feature_code": "PPL"
   },
   "geometry": {
    "type": "Point",
    "coordinates": [
     73.91648,
     28.76635
    ]
   }
  },
  {
   "type": "Feature",
   "properties": {
    "name": "Gesura",
    "alt_names": [],
    "source": "GeoNames IN.zip (2026-09-25) = NGA GNS",
    "source_id": "geonames:1332246;gns_ufi:78643",
    "lat": 28.81377,
    "lon": 73.8645,
    "inside_range_polygon": false,
    "confidence": "medium (GNS/AMS-derived)",
    "km_to_range_boundary": 10.7,
    "feature_code": "PPL"
   },
   "geometry": {
    "type": "Point",
    "coordinates": [
     73.8645,
     28.81377
    ]
   }
  },
  {
   "type": "Feature",
   "properties": {
    "name": "Baladesar",
    "alt_names": [],
    "source": "GeoNames IN.zip (2026-09-25) = NGA GNS",
    "source_id": "geonames:1332247;gns_ufi:78644",
    "lat": 28.82716,
    "lon": 73.76476,
    "inside_range_polygon": false,
    "confidence": "medium (GNS/AMS-derived)",
    "km_to_range_boundary": 1.3,
    "feature_code": "PPL"
   },
   "geometry": {
    "type": "Point",
    "coordinates": [
     73.76476,
     28.82716
    ]
   }
  },
  {
   "type": "Feature",
   "properties": {
    "name": "Lalera",
    "alt_names": [],
    "source": "GeoNames IN.zip (2026-09-25) = NGA GNS",
    "source_id": "geonames:1332248;gns_ufi:78645",
    "lat": 28.86194,
    "lon": 73.82444,
    "inside_range_polygon": false,
    "confidence": "medium (GNS/AMS-derived)",
    "km_to_range_boundary": 5.1,
    "feature_code": "PPL"
   },
   "geometry": {
    "type": "Point",
    "coordinates": [
     73.82444,
     28.86194
    ]
   }
  },
  {
   "type": "Feature",
   "properties": {
    "name": "Asrasar",
    "alt_names": [],
    "source": "GeoNames IN.zip (2026-09-25) = NGA GNS",
    "source_id": "geonames:1332249;gns_ufi:78647",
    "lat": 28.88597,
    "lon": 73.78074,
    "inside_range_polygon": false,
    "confidence": "medium (GNS/AMS-derived)",
    "km_to_range_boundary": 0.5,
    "feature_code": "PPL"
   },
   "geometry": {
    "type": "Point",
    "coordinates": [
     73.78074,
     28.88597
    ]
   }
  },
  {
   "type": "Feature",
   "properties": {
    "name": "Ramsara",
    "alt_names": [],
    "source": "GeoNames IN.zip (2026-09-25) = NGA GNS",
    "source_id": "geonames:1332250;gns_ufi:78649",
    "lat": 28.93409,
    "lon": 73.7705,
    "inside_range_polygon": false,
    "confidence": "medium (GNS/AMS-derived)",
    "km_to_range_boundary": 0.7,
    "feature_code": "PPL"
   },
   "geometry": {
    "type": "Point",
    "coordinates": [
     73.7705,
     28.93409
    ]
   }
  },
  {
   "type": "Feature",
   "properties": {
    "name": "Arjansar",
    "alt_names": [],
    "source": "GeoNames IN.zip (2026-09-25) = NGA GNS",
    "source_id": "geonames:1332251;gns_ufi:78650",
    "lat": 28.90513,
    "lon": 73.94419,
    "inside_range_polygon": false,
    "confidence": "medium (GNS/AMS-derived)",
    "km_to_range_boundary": 16.1,
    "feature_code": "PPL"
   },
   "geometry": {
    "type": "Point",
    "coordinates": [
     73.94419,
     28.90513
    ]
   }
  },
  {
   "type": "Feature",
   "properties": {
    "name": "Mitharia",
    "alt_names": [],
    "source": "GeoNames IN.zip (2026-09-25) = NGA GNS",
    "source_id": "geonames:1332252;gns_ufi:78652",
    "lat": 28.94584,
    "lon": 73.92146,
    "inside_range_polygon": false,
    "confidence": "medium (GNS/AMS-derived)",
    "km_to_range_boundary": 12.4,
    "feature_code": "PPL"
   },
   "geometry": {
    "type": "Point",
    "coordinates": [
     73.92146,
     28.94584
    ]
   }
  },
  {
   "type": "Feature",
   "properties": {
    "name": "Didwana",
    "alt_names": [],
    "source": "GeoNames IN.zip (2026-09-25) = NGA GNS",
    "source_id": "geonames:1332254;gns_ufi:78656",
    "lat": 28.97256,
    "lon": 73.93865,
    "inside_range_polygon": false,
    "confidence": "medium (GNS/AMS-derived)",
    "km_to_range_boundary": 13.8,
    "feature_code": "PPL"
   },
   "geometry": {
    "type": "Point",
    "coordinates": [
     73.93865,
     28.97256
    ]
   }
  },
  {
   "type": "Feature",
   "properties": {
    "name": "Khāria",
    "alt_names": [],
    "source": "GeoNames IN.zip (2026-09-25) = NGA GNS",
    "source_id": "geonames:1332255;gns_ufi:78657",
    "lat": 28.97106,
    "lon": 73.91127,
    "inside_range_polygon": false,
    "confidence": "medium (GNS/AMS-derived)",
    "km_to_range_boundary": 11.1,
    "feature_code": "PPL"
   },
   "geometry": {
    "type": "Point",
    "coordinates": [
     73.91127,
     28.97106
    ]
   }
  },
  {
   "type": "Feature",
   "properties": {
    "name": "Rajasar",
    "alt_names": [],
    "source": "GeoNames IN.zip (2026-09-25) = NGA GNS",
    "source_id": "geonames:8440936;gns_ufi:11657779",
    "lat": 28.49066,
    "lon": 73.34845,
    "inside_range_polygon": false,
    "confidence": "medium (GNS/AMS-derived)",
    "km_to_range_boundary": 9.5,
    "feature_code": "PPL"
   },
   "geometry": {
    "type": "Point",
    "coordinates": [
     73.34845,
     28.49066
    ]
   }
  },
  {
   "type": "Feature",
   "properties": {
    "name": "Bhagorwāla Dhora",
    "alt_names": [],
    "source": "GeoNames IN.zip (2026-09-25) = NGA GNS",
    "source_id": "geonames:9887558;gns_ufi:12288778",
    "lat": 28.7424,
    "lon": 73.75236,
    "inside_range_polygon": false,
    "confidence": "medium (GNS/AMS-derived)",
    "km_to_range_boundary": 3.6,
    "feature_code": "DUNE"
   },
   "geometry": {
    "type": "Point",
    "coordinates": [
     73.75236,
     28.7424
    ]
   }
  },
  {
   "type": "Feature",
   "properties": {
    "name": "Munh Talāi",
    "alt_names": [],
    "source": "GeoNames IN.zip (2026-09-25) = NGA GNS",
    "source_id": "geonames:9887559;gns_ufi:12288779",
    "lat": 28.73992,
    "lon": 73.79948,
    "inside_range_polygon": false,
    "confidence": "medium (GNS/AMS-derived)",
    "km_to_range_boundary": 8.1,
    "feature_code": "PNDI"
   },
   "geometry": {
    "type": "Point",
    "coordinates": [
     73.79948,
     28.73992
    ]
   }
  },
  {
   "type": "Feature",
   "properties": {
    "name": "Jatlāiwāla Dhora",
    "alt_names": [],
    "source": "GeoNames IN.zip (2026-09-25) = NGA GNS",
    "source_id": "geonames:9887560;gns_ufi:12288780",
    "lat": 28.73352,
    "lon": 73.81639,
    "inside_range_polygon": false,
    "confidence": "medium (GNS/AMS-derived)",
    "km_to_range_boundary": 9.7,
    "feature_code": "DUNE"
   },
   "geometry": {
    "type": "Point",
    "coordinates": [
     73.81639,
     28.73352
    ]
   }
  },
  {
   "type": "Feature",
   "properties": {
    "name": "Ādītewāla Dhora",
    "alt_names": [],
    "source": "GeoNames IN.zip (2026-09-25) = NGA GNS",
    "source_id": "geonames:9887561;gns_ufi:12288781",
    "lat": 28.69054,
    "lon": 73.80034,
    "inside_range_polygon": false,
    "confidence": "medium (GNS/AMS-derived)",
    "km_to_range_boundary": 9.2,
    "feature_code": "DUNE"
   },
   "geometry": {
    "type": "Point",
    "coordinates": [
     73.80034,
     28.69054
    ]
   }
  },
  {
   "type": "Feature",
   "properties": {
    "name": "Nāk Toki",
    "alt_names": [],
    "source": "GeoNames IN.zip (2026-09-25) = NGA GNS",
    "source_id": "geonames:9887562;gns_ufi:12288782",
    "lat": 28.67941,
    "lon": 73.83081,
    "inside_range_polygon": false,
    "confidence": "medium (GNS/AMS-derived)",
    "km_to_range_boundary": 12.2,
    "feature_code": "FRM"
   },
   "geometry": {
    "type": "Point",
    "coordinates": [
     73.83081,
     28.67941
    ]
   }
  },
  {
   "type": "Feature",
   "properties": {
    "name": "Tejānāwāli Johri",
    "alt_names": [],
    "source": "GeoNames IN.zip (2026-09-25) = NGA GNS",
    "source_id": "geonames:9887563;gns_ufi:12288783",
    "lat": 28.6355,
    "lon": 73.76517,
    "inside_range_polygon": false,
    "confidence": "medium (GNS/AMS-derived)",
    "km_to_range_boundary": 8.4,
    "feature_code": "PNDI"
   },
   "geometry": {
    "type": "Point",
    "coordinates": [
     73.76517,
     28.6355
    ]
   }
  },
  {
   "type": "Feature",
   "properties": {
    "name": "Tejāna Minor",
    "alt_names": [],
    "source": "GeoNames IN.zip (2026-09-25) = NGA GNS",
    "source_id": "geonames:9887564;gns_ufi:12288784",
    "lat": 28.64639,
    "lon": 73.76384,
    "inside_range_polygon": false,
    "confidence": "medium (GNS/AMS-derived)",
    "km_to_range_boundary": 7.4,
    "feature_code": "CNL"
   },
   "geometry": {
    "type": "Point",
    "coordinates": [
     73.76384,
     28.64639
    ]
   }
  },
  {
   "type": "Feature",
   "properties": {
    "name": "Chāran Distributary",
    "alt_names": [],
    "source": "GeoNames IN.zip (2026-09-25) = NGA GNS",
    "source_id": "geonames:9887565;gns_ufi:12288785",
    "lat": 28.60859,
    "lon": 73.75013,
    "inside_range_polygon": false,
    "confidence": "medium (GNS/AMS-derived)",
    "km_to_range_boundary": 10.0,
    "feature_code": "STMD"
   },
   "geometry": {
    "type": "Point",
    "coordinates": [
     73.75013,
     28.60859
    ]
   }
  },
  {
   "type": "Feature",
   "properties": {
    "name": "Bhādera Minor",
    "alt_names": [],
    "source": "GeoNames IN.zip (2026-09-25) = NGA GNS",
    "source_id": "geonames:9887566;gns_ufi:12288786",
    "lat": 28.57301,
    "lon": 73.76704,
    "inside_range_polygon": false,
    "confidence": "medium (GNS/AMS-derived)",
    "km_to_range_boundary": 14.3,
    "feature_code": "CNL"
   },
   "geometry": {
    "type": "Point",
    "coordinates": [
     73.76704,
     28.57301
    ]
   }
  },
  {
   "type": "Feature",
   "properties": {
    "name": "Chāran Minor",
    "alt_names": [],
    "source": "GeoNames IN.zip (2026-09-25) = NGA GNS",
    "source_id": "geonames:9887567;gns_ufi:12288787",
    "lat": 28.57226,
    "lon": 73.74996,
    "inside_range_polygon": false,
    "confidence": "medium (GNS/AMS-derived)",
    "km_to_range_boundary": 13.8,
    "feature_code": "CNL"
   },
   "geometry": {
    "type": "Point",
    "coordinates": [
     73.74996,
     28.57226
    ]
   }
  },
  {
   "type": "Feature",
   "properties": {
    "name": "Bhādera Distributary",
    "alt_names": [],
    "source": "GeoNames IN.zip (2026-09-25) = NGA GNS",
    "source_id": "geonames:9887568;gns_ufi:12288788",
    "lat": 28.62403,
    "lon": 73.83888,
    "inside_range_polygon": false,
    "confidence": "medium (GNS/AMS-derived)",
    "km_to_range_boundary": 14.9,
    "feature_code": "STMD"
   },
   "geometry": {
    "type": "Point",
    "coordinates": [
     73.83888,
     28.62403
    ]
   }
  },
  {
   "type": "Feature",
   "properties": {
    "name": "Bīkāner Lūnkaransar Lift Canal",
    "alt_names": [
     "Bikaner Lunkaransar Lift Canal",
     "Indira Gandhi Nahar",
     "Indira Gāndhi Nahar"
    ],
    "source": "GeoNames IN.zip (2026-09-25) = NGA GNS",
    "source_id": "geonames:9887569;gns_ufi:12288789",
    "lat": 28.53057,
    "lon": 73.74987,
    "inside_range_polygon": false,
    "confidence": "medium (GNS/AMS-derived)",
    "km_to_range_boundary": 16.7,
    "feature_code": "CNL"
   },
   "geometry": {
    "type": "Point",
    "coordinates": [
     73.74987,
     28.53057
    ]
   }
  },
  {
   "type": "Feature",
   "properties": {
    "name": "Nāthwāna Railroad Station",
    "alt_names": [
     "NTZ",
     "Nathwana",
     "Nathwana Railroad Station",
     "Nāthwāna"
    ],
    "source": "GeoNames IN.zip (2026-09-25) = NGA GNS",
    "source_id": "geonames:9887570;gns_ufi:12288790",
    "lat": 28.56404,
    "lon": 73.81673,
    "inside_range_polygon": false,
    "confidence": "medium (GNS/AMS-derived)",
    "km_to_range_boundary": 17.7,
    "feature_code": "RSTN"
   },
   "geometry": {
    "type": "Point",
    "coordinates": [
     73.81673,
     28.56404
    ]
   }
  },
  {
   "type": "Feature",
   "properties": {
    "name": "Jāngūwāla Johra",
    "alt_names": [],
    "source": "GeoNames IN.zip (2026-09-25) = NGA GNS",
    "source_id": "geonames:9887571;gns_ufi:12288791",
    "lat": 28.6751,
    "lon": 73.86334,
    "inside_range_polygon": false,
    "confidence": "medium (GNS/AMS-derived)",
    "km_to_range_boundary": 15.4,
    "feature_code": "PNDI"
   },
   "geometry": {
    "type": "Point",
    "coordinates": [
     73.86334,
     28.6751
    ]
   }
  },
  {
   "type": "Feature",
   "properties": {
    "name": "Bhopālsinghwāli Talāi",
    "alt_names": [],
    "source": "GeoNames IN.zip (2026-09-25) = NGA GNS",
    "source_id": "geonames:9887572;gns_ufi:12288792",
    "lat": 28.7418,
    "lon": 73.86008,
    "inside_range_polygon": false,
    "confidence": "medium (GNS/AMS-derived)",
    "km_to_range_boundary": 14.0,
    "feature_code": "PNDI"
   },
   "geometry": {
    "type": "Point",
    "coordinates": [
     73.86008,
     28.7418
    ]
   }
  },
  {
   "type": "Feature",
   "properties": {
    "name": "Malkīsar Minor",
    "alt_names": [],
    "source": "GeoNames IN.zip (2026-09-25) = NGA GNS",
    "source_id": "geonames:9887576;gns_ufi:12288796",
    "lat": 28.63339,
    "lon": 73.87878,
    "inside_range_polygon": false,
    "confidence": "medium (GNS/AMS-derived)",
    "km_to_range_boundary": 18.0,
    "feature_code": "CNL"
   },
   "geometry": {
    "type": "Point",
    "coordinates": [
     73.87878,
     28.63339
    ]
   }
  },
  {
   "type": "Feature",
   "properties": {
    "name": "Lūnkaransar Distributary",
    "alt_names": [],
    "source": "GeoNames IN.zip (2026-09-25) = NGA GNS",
    "source_id": "geonames:9887578;gns_ufi:12288798",
    "lat": 28.52808,
    "lon": 73.79373,
    "inside_range_polygon": false,
    "confidence": "medium (GNS/AMS-derived)",
    "km_to_range_boundary": 19.9,
    "feature_code": "STMD"
   },
   "geometry": {
    "type": "Point",
    "coordinates": [
     73.79373,
     28.52808
    ]
   }
  },
  {
   "type": "Feature",
   "properties": {
    "name": "Malkīsar Distributary",
    "alt_names": [],
    "source": "GeoNames IN.zip (2026-09-25) = NGA GNS",
    "source_id": "geonames:9887579;gns_ufi:12288799",
    "lat": 28.62915,
    "lon": 73.86917,
    "inside_range_polygon": false,
    "confidence": "medium (GNS/AMS-derived)",
    "km_to_range_boundary": 17.3,
    "feature_code": "STMD"
   },
   "geometry": {
    "type": "Point",
    "coordinates": [
     73.86917,
     28.62915
    ]
   }
  },
  {
   "type": "Feature",
   "properties": {
    "name": "Uchchharang Desarwālī Delwa",
    "alt_names": [],
    "source": "GeoNames IN.zip (2026-09-25) = NGA GNS",
    "source_id": "geonames:9975141;gns_ufi:12310158",
    "lat": 28.48625,
    "lon": 73.75268,
    "inside_range_polygon": false,
    "confidence": "medium (GNS/AMS-derived)",
    "km_to_range_boundary": 20.4,
    "feature_code": "PPL"
   },
   "geometry": {
    "type": "Point",
    "coordinates": [
     73.75268,
     28.48625
    ]
   }
  },
  {
   "type": "Feature",
   "properties": {
    "name": "Mūlāram ka Kund",
    "alt_names": [],
    "source": "GeoNames IN.zip (2026-09-25) = NGA GNS",
    "source_id": "geonames:9975158;gns_ufi:12310175",
    "lat": 28.47106,
    "lon": 73.91336,
    "inside_range_polygon": false,
    "confidence": "medium (GNS/AMS-derived)",
    "km_to_range_boundary": 31.6,
    "feature_code": "PNDI"
   },
   "geometry": {
    "type": "Point",
    "coordinates": [
     73.91336,
     28.47106
    ]
   }
  },
  {
   "type": "Feature",
   "properties": {
    "name": "Nāthon ki Dhāni",
    "alt_names": [],
    "source": "GeoNames IN.zip (2026-09-25) = NGA GNS",
    "source_id": "geonames:9975159;gns_ufi:12310176",
    "lat": 28.48178,
    "lon": 73.87761,
    "inside_range_polygon": false,
    "confidence": "medium (GNS/AMS-derived)",
    "km_to_range_boundary": 28.5,
    "feature_code": "PPL"
   },
   "geometry": {
    "type": "Point",
    "coordinates": [
     73.87761,
     28.48178
    ]
   }
  },
  {
   "type": "Feature",
   "properties": {
    "name": "Baniyāl ki Dhāni",
    "alt_names": [],
    "source": "GeoNames IN.zip (2026-09-25) = NGA GNS",
    "source_id": "geonames:9975160;gns_ufi:12310177",
    "lat": 28.47318,
    "lon": 73.84782,
    "inside_range_polygon": false,
    "confidence": "medium (GNS/AMS-derived)",
    "km_to_range_boundary": 27.7,
    "feature_code": "PPL"
   },
   "geometry": {
    "type": "Point",
    "coordinates": [
     73.84782,
     28.47318
    ]
   }
  },
  {
   "type": "Feature",
   "properties": {
    "name": "Arnīwala Dhora",
    "alt_names": [],
    "source": "GeoNames IN.zip (2026-09-25) = NGA GNS",
    "source_id": "geonames:10009686;gns_ufi:12512762",
    "lat": 29.12454,
    "lon": 73.56107,
    "inside_range_polygon": false,
    "confidence": "medium (GNS/AMS-derived)",
    "km_to_range_boundary": 11.4,
    "feature_code": "DUNE"
   },
   "geometry": {
    "type": "Point",
    "coordinates": [
     73.56107,
     29.12454
    ]
   }
  },
  {
   "type": "Feature",
   "properties": {
    "name": "Lādhiānwāli Toki",
    "alt_names": [],
    "source": "GeoNames IN.zip (2026-09-25) = NGA GNS",
    "source_id": "geonames:10009687;gns_ufi:12512763",
    "lat": 29.11408,
    "lon": 73.533,
    "inside_range_polygon": false,
    "confidence": "medium (GNS/AMS-derived)",
    "km_to_range_boundary": 11.5,
    "feature_code": "LCTY"
   },
   "geometry": {
    "type": "Point",
    "coordinates": [
     73.533,
     29.11408
    ]
   }
  },
  {
   "type": "Feature",
   "properties": {
    "name": "Goindsar",
    "alt_names": [],
    "source": "GeoNames IN.zip (2026-09-25) = NGA GNS",
    "source_id": "geonames:10009688;gns_ufi:12512764",
    "lat": 29.07718,
    "lon": 73.5539,
    "inside_range_polygon": false,
    "confidence": "medium (GNS/AMS-derived)",
    "km_to_range_boundary": 7.3,
    "feature_code": "PPL"
   },
   "geometry": {
    "type": "Point",
    "coordinates": [
     73.5539,
     29.07718
    ]
   }
  },
  {
   "type": "Feature",
   "properties": {
    "name": "Pūranwāla Dhora",
    "alt_names": [],
    "source": "GeoNames IN.zip (2026-09-25) = NGA GNS",
    "source_id": "geonames:10009689;gns_ufi:12512765",
    "lat": 29.07208,
    "lon": 73.52854,
    "inside_range_polygon": false,
    "confidence": "medium (GNS/AMS-derived)",
    "km_to_range_boundary": 7.0,
    "feature_code": "DUNE"
   },
   "geometry": {
    "type": "Point",
    "coordinates": [
     73.52854,
     29.07208
    ]
   }
  },
  {
   "type": "Feature",
   "properties": {
    "name": "Rāikāwāla Dhora",
    "alt_names": [],
    "source": "GeoNames IN.zip (2026-09-25) = NGA GNS",
    "source_id": "geonames:10009690;gns_ufi:12512766",
    "lat": 29.06721,
    "lon": 73.56428,
    "inside_range_polygon": false,
    "confidence": "medium (GNS/AMS-derived)",
    "km_to_range_boundary": 5.8,
    "feature_code": "DUNE"
   },
   "geometry": {
    "type": "Point",
    "coordinates": [
     73.56428,
     29.06721
    ]
   }
  },
  {
   "type": "Feature",
   "properties": {
    "name": "Bhopālpura",
    "alt_names": [],
    "source": "GeoNames IN.zip (2026-09-25) = NGA GNS",
    "source_id": "geonames:10009691;gns_ufi:12512767",
    "lat": 29.04976,
    "lon": 73.52785,
    "inside_range_polygon": false,
    "confidence": "medium (GNS/AMS-derived)",
    "km_to_range_boundary": 4.7,
    "feature_code": "PPL"
   },
   "geometry": {
    "type": "Point",
    "coordinates": [
     73.52785,
     29.04976
    ]
   }
  },
  {
   "type": "Feature",
   "properties": {
    "name": "Binjhewāla Dhora",
    "alt_names": [],
    "source": "GeoNames IN.zip (2026-09-25) = NGA GNS",
    "source_id": "geonames:10009692;gns_ufi:12512768",
    "lat": 29.04091,
    "lon": 73.54574,
    "inside_range_polygon": false,
    "confidence": "medium (GNS/AMS-derived)",
    "km_to_range_boundary": 3.3,
    "feature_code": "DUNE"
   },
   "geometry": {
    "type": "Point",
    "coordinates": [
     73.54574,
     29.04091
    ]
   }
  },
  {
   "type": "Feature",
   "properties": {
    "name": "Jwārjīwāla Dhora",
    "alt_names": [],
    "source": "GeoNames IN.zip (2026-09-25) = NGA GNS",
    "source_id": "geonames:10009693;gns_ufi:12512769",
    "lat": 29.03142,
    "lon": 73.56956,
    "inside_range_polygon": false,
    "confidence": "medium (GNS/AMS-derived)",
    "km_to_range_boundary": 2.8,
    "feature_code": "DUNE"
   },
   "geometry": {
    "type": "Point",
    "coordinates": [
     73.56956,
     29.03142
    ]
   }
  },
  {
   "type": "Feature",
   "properties": {
    "name": "Bārwāla Mūl",
    "alt_names": [],
    "source": "GeoNames IN.zip (2026-09-25) = NGA GNS",
    "source_id": "geonames:10009694;gns_ufi:12512770",
    "lat": 29.02541,
    "lon": 73.51549,
    "inside_range_polygon": false,
    "confidence": "medium (GNS/AMS-derived)",
    "km_to_range_boundary": 3.2,
    "feature_code": "LCTY"
   },
   "geometry": {
    "type": "Point",
    "coordinates": [
     73.51549,
     29.02541
    ]
   }
  },
  {
   "type": "Feature",
   "properties": {
    "name": "Kūmtewāla Dhora",
    "alt_names": [],
    "source": "GeoNames IN.zip (2026-09-25) = NGA GNS",
    "source_id": "geonames:10009695;gns_ufi:12512771",
    "lat": 29.00725,
    "lon": 73.56343,
    "inside_range_polygon": false,
    "confidence": "medium (GNS/AMS-derived)",
    "km_to_range_boundary": 0.6,
    "feature_code": "DUNE"
   },
   "geometry": {
    "type": "Point",
    "coordinates": [
     73.56343,
     29.00725
    ]
   }
  },
  {
   "type": "Feature",
   "properties": {
    "name": "Jahndīwāla Dhora",
    "alt_names": [],
    "source": "GeoNames IN.zip (2026-09-25) = NGA GNS",
    "source_id": "geonames:10009696;gns_ufi:12512772",
    "lat": 29.00042,
    "lon": 73.56707,
    "inside_range_polygon": false,
    "confidence": "medium (GNS/AMS-derived)",
    "km_to_range_boundary": 0.1,
    "feature_code": "DUNE"
   },
   "geometry": {
    "type": "Point",
    "coordinates": [
     73.56707,
     29.00042
    ]
   }
  },
  {
   "type": "Feature",
   "properties": {
    "name": "Hinjrāsar",
    "alt_names": [],
    "source": "GeoNames IN.zip (2026-09-25) = NGA GNS",
    "source_id": "geonames:10009697;gns_ufi:12512773",
    "lat": 29.05783,
    "lon": 73.5981,
    "inside_range_polygon": false,
    "confidence": "medium (GNS/AMS-derived)",
    "km_to_range_boundary": 3.2,
    "feature_code": "PPL"
   },
   "geometry": {
    "type": "Point",
    "coordinates": [
     73.5981,
     29.05783
    ]
   }
  },
  {
   "type": "Feature",
   "properties": {
    "name": "Jolwāla Dhora",
    "alt_names": [],
    "source": "GeoNames IN.zip (2026-09-25) = NGA GNS",
    "source_id": "geonames:10009698;gns_ufi:12512774",
    "lat": 29.06687,
    "lon": 73.67115,
    "inside_range_polygon": false,
    "confidence": "medium (GNS/AMS-derived)",
    "km_to_range_boundary": 4.0,
    "feature_code": "DUNE"
   },
   "geometry": {
    "type": "Point",
    "coordinates": [
     73.67115,
     29.06687
    ]
   }
  },
  {
   "type": "Feature",
   "properties": {
    "name": "Koswāla Dhora",
    "alt_names": [],
    "source": "GeoNames IN.zip (2026-09-25) = NGA GNS",
    "source_id": "geonames:10009699;gns_ufi:12512775",
    "lat": 29.08067,
    "lon": 73.64436,
    "inside_range_polygon": false,
    "confidence": "medium (GNS/AMS-derived)",
    "km_to_range_boundary": 5.3,
    "feature_code": "DUNE"
   },
   "geometry": {
    "type": "Point",
    "coordinates": [
     73.64436,
     29.08067
    ]
   }
  },
  {
   "type": "Feature",
   "properties": {
    "name": "Bakhtāwarpura",
    "alt_names": [],
    "source": "GeoNames IN.zip (2026-09-25) = NGA GNS",
    "source_id": "geonames:10009700;gns_ufi:12512776",
    "lat": 29.09402,
    "lon": 73.58892,
    "inside_range_polygon": false,
    "confidence": "medium (GNS/AMS-derived)",
    "km_to_range_boundary": 7.2,
    "feature_code": "PPL"
   },
   "geometry": {
    "type": "Point",
    "coordinates": [
     73.58892,
     29.09402
    ]
   }
  },
  {
   "type": "Feature",
   "properties": {
    "name": "Dhungiānwāli Toki",
    "alt_names": [],
    "source": "GeoNames IN.zip (2026-09-25) = NGA GNS",
    "source_id": "geonames:10009701;gns_ufi:12512777",
    "lat": 29.129,
    "lon": 73.65879,
    "inside_range_polygon": false,
    "confidence": "medium (GNS/AMS-derived)",
    "km_to_range_boundary": 10.8,
    "feature_code": "DUNE"
   },
   "geometry": {
    "type": "Point",
    "coordinates": [
     73.65879,
     29.129
    ]
   }
  },
  {
   "type": "Feature",
   "properties": {
    "name": "Sukhchainpura",
    "alt_names": [],
    "source": "GeoNames IN.zip (2026-09-25) = NGA GNS",
    "source_id": "geonames:10009702;gns_ufi:12512778",
    "lat": 29.13995,
    "lon": 73.59261,
    "inside_range_polygon": false,
    "confidence": "medium (GNS/AMS-derived)",
    "km_to_range_boundary": 11.9,
    "feature_code": "PPLQ"
   },
   "geometry": {
    "type": "Point",
    "coordinates": [
     73.59261,
     29.13995
    ]
   }
  },
  {
   "type": "Feature",
   "properties": {
    "name": "Lālgarh",
    "alt_names": [],
    "source": "GeoNames IN.zip (2026-09-25) = NGA GNS",
    "source_id": "geonames:10009706;gns_ufi:12512782",
    "lat": 29.09684,
    "lon": 73.71573,
    "inside_range_polygon": false,
    "confidence": "medium (GNS/AMS-derived)",
    "km_to_range_boundary": 7.2,
    "feature_code": "PPL"
   },
   "geometry": {
    "type": "Point",
    "coordinates": [
     73.71573,
     29.09684
    ]
   }
  },
  {
   "type": "Feature",
   "properties": {
    "name": "Lālgarh Dhora",
    "alt_names": [],
    "source": "GeoNames IN.zip (2026-09-25) = NGA GNS",
    "source_id": "geonames:10009707;gns_ufi:12512783",
    "lat": 29.0791,
    "lon": 73.7438,
    "inside_range_polygon": false,
    "confidence": "medium (GNS/AMS-derived)",
    "km_to_range_boundary": 6.2,
    "feature_code": "DUNE"
   },
   "geometry": {
    "type": "Point",
    "coordinates": [
     73.7438,
     29.0791
    ]
   }
  },
  {
   "type": "Feature",
   "properties": {
    "name": "Jhandīwāla Dhora",
    "alt_names": [],
    "source": "GeoNames IN.zip (2026-09-25) = NGA GNS",
    "source_id": "geonames:10009708;gns_ufi:12512784",
    "lat": 29.06135,
    "lon": 73.70273,
    "inside_range_polygon": false,
    "confidence": "medium (GNS/AMS-derived)",
    "km_to_range_boundary": 3.1,
    "feature_code": "DUNE"
   },
   "geometry": {
    "type": "Point",
    "coordinates": [
     73.70273,
     29.06135
    ]
   }
  },
  {
   "type": "Feature",
   "properties": {
    "name": "Kumbhgarh",
    "alt_names": [],
    "source": "GeoNames IN.zip (2026-09-25) = NGA GNS",
    "source_id": "geonames:10009709;gns_ufi:12512785",
    "lat": 29.05847,
    "lon": 73.72358,
    "inside_range_polygon": false,
    "confidence": "medium (GNS/AMS-derived)",
    "km_to_range_boundary": 3.6,
    "feature_code": "PPL"
   },
   "geometry": {
    "type": "Point",
    "coordinates": [
     73.72358,
     29.05847
    ]
   }
  },
  {
   "type": "Feature",
   "properties": {
    "name": "Sutāronwāla Dhora",
    "alt_names": [],
    "source": "GeoNames IN.zip (2026-09-25) = NGA GNS",
    "source_id": "geonames:10009710;gns_ufi:12512786",
    "lat": 29.03528,
    "lon": 73.69788,
    "inside_range_polygon": false,
    "confidence": "medium (GNS/AMS-derived)",
    "km_to_range_boundary": 0.2,
    "feature_code": "DUNE"
   },
   "geometry": {
    "type": "Point",
    "coordinates": [
     73.69788,
     29.03528
    ]
   }
  },
  {
   "type": "Feature",
   "properties": {
    "name": "Shivnāthpura",
    "alt_names": [],
    "source": "GeoNames IN.zip (2026-09-25) = NGA GNS",
    "source_id": "geonames:10009711;gns_ufi:12512787",
    "lat": 29.02609,
    "lon": 73.74878,
    "inside_range_polygon": false,
    "confidence": "medium (GNS/AMS-derived)",
    "km_to_range_boundary": 1.5,
    "feature_code": "PPL"
   },
   "geometry": {
    "type": "Point",
    "coordinates": [
     73.74878,
     29.02609
    ]
   }
  },
  {
   "type": "Feature",
   "properties": {
    "name": "Daldewāla Dhora",
    "alt_names": [],
    "source": "GeoNames IN.zip (2026-09-25) = NGA GNS",
    "source_id": "geonames:10009712;gns_ufi:12512788",
    "lat": 29.01894,
    "lon": 73.70782,
    "inside_range_polygon": true,
    "confidence": "medium (GNS/AMS-derived)",
    "km_to_range_boundary": 0.4,
    "feature_code": "DUNE"
   },
   "geometry": {
    "type": "Point",
    "coordinates": [
     73.70782,
     29.01894
    ]
   }
  },
  {
   "type": "Feature",
   "properties": {
    "name": "Rorānwāla Dhora",
    "alt_names": [],
    "source": "GeoNames IN.zip (2026-09-25) = NGA GNS",
    "source_id": "geonames:10009713;gns_ufi:12512789",
    "lat": 29.001,
    "lon": 73.69839,
    "inside_range_polygon": true,
    "confidence": "medium (GNS/AMS-derived)",
    "km_to_range_boundary": 2.5,
    "feature_code": "DUNE"
   },
   "geometry": {
    "type": "Point",
    "coordinates": [
     73.69839,
     29.001
    ]
   }
  },
  {
   "type": "Feature",
   "properties": {
    "name": "Lakhor Chhoti",
    "alt_names": [],
    "source": "GeoNames IN.zip (2026-09-25) = NGA GNS",
    "source_id": "geonames:10009714;gns_ufi:12512790",
    "lat": 29.00074,
    "lon": 73.67697,
    "inside_range_polygon": true,
    "confidence": "medium (GNS/AMS-derived)",
    "km_to_range_boundary": 1.7,
    "feature_code": "PPL"
   },
   "geometry": {
    "type": "Point",
    "coordinates": [
     73.67697,
     29.00074
    ]
   }
  },
  {
   "type": "Feature",
   "properties": {
    "name": "Bīradhwāl",
    "alt_names": [],
    "source": "GeoNames IN.zip (2026-09-25) = NGA GNS",
    "source_id": "geonames:10009853;gns_ufi:12513019",
    "lat": 29.11697,
    "lon": 73.9202,
    "inside_range_polygon": false,
    "confidence": "medium (GNS/AMS-derived)",
    "km_to_range_boundary": 18.1,
    "feature_code": "PPL"
   },
   "geometry": {
    "type": "Point",
    "coordinates": [
     73.9202,
     29.11697
    ]
   }
  },
  {
   "type": "Feature",
   "properties": {
    "name": "Harīsinghpura",
    "alt_names": [],
    "source": "GeoNames IN.zip (2026-09-25) = NGA GNS",
    "source_id": "geonames:10009855;gns_ufi:12513021",
    "lat": 29.13017,
    "lon": 73.78768,
    "inside_range_polygon": false,
    "confidence": "medium (GNS/AMS-derived)",
    "km_to_range_boundary": 13.0,
    "feature_code": "PPL"
   },
   "geometry": {
    "type": "Point",
    "coordinates": [
     73.78768,
     29.13017
    ]
   }
  },
  {
   "type": "Feature",
   "properties": {
    "name": "Māler",
    "alt_names": [],
    "source": "GeoNames IN.zip (2026-09-25) = NGA GNS",
    "source_id": "geonames:10009856;gns_ufi:12513022",
    "lat": 29.08619,
    "lon": 73.78566,
    "inside_range_polygon": false,
    "confidence": "medium (GNS/AMS-derived)",
    "km_to_range_boundary": 8.7,
    "feature_code": "PPL"
   },
   "geometry": {
    "type": "Point",
    "coordinates": [
     73.78566,
     29.08619
    ]
   }
  },
  {
   "type": "Feature",
   "properties": {
    "name": "Phūleji",
    "alt_names": [],
    "source": "GeoNames IN.zip (2026-09-25) = NGA GNS",
    "source_id": "geonames:10009857;gns_ufi:12513023",
    "lat": 29.02324,
    "lon": 73.75712,
    "inside_range_polygon": false,
    "confidence": "medium (GNS/AMS-derived)",
    "km_to_range_boundary": 2.1,
    "feature_code": "PPL"
   },
   "geometry": {
    "type": "Point",
    "coordinates": [
     73.75712,
     29.02324
    ]
   }
  },
  {
   "type": "Feature",
   "properties": {
    "name": "Pīnpāsar",
    "alt_names": [],
    "source": "GeoNames IN.zip (2026-09-25) = NGA GNS",
    "source_id": "geonames:10009858;gns_ufi:12513024",
    "lat": 29.05498,
    "lon": 73.85712,
    "inside_range_polygon": false,
    "confidence": "medium (GNS/AMS-derived)",
    "km_to_range_boundary": 9.0,
    "feature_code": "PPL"
   },
   "geometry": {
    "type": "Point",
    "coordinates": [
     73.85712,
     29.05498
    ]
   }
  },
  {
   "type": "Feature",
   "properties": {
    "name": "Rājiyāsar Railroad Station",
    "alt_names": [
     "RJS",
     "Rajiyasar",
     "Rajiyasar Railroad Station",
     "Rājiyāsar"
    ],
    "source": "GeoNames IN.zip (2026-09-25) = NGA GNS",
    "source_id": "geonames:10009859;gns_ufi:12513025",
    "lat": 29.06796,
    "lon": 73.84265,
    "inside_range_polygon": false,
    "confidence": "medium (GNS/AMS-derived)",
    "km_to_range_boundary": 9.2,
    "feature_code": "RSTN"
   },
   "geometry": {
    "type": "Point",
    "coordinates": [
     73.84265,
     29.06796
    ]
   }
  },
  {
   "type": "Feature",
   "properties": {
    "name": "Hindor",
    "alt_names": [],
    "source": "GeoNames IN.zip (2026-09-25) = NGA GNS",
    "source_id": "geonames:10009860;gns_ufi:12513027",
    "lat": 29.09597,
    "lon": 73.86643,
    "inside_range_polygon": false,
    "confidence": "medium (GNS/AMS-derived)",
    "km_to_range_boundary": 13.0,
    "feature_code": "PPL"
   },
   "geometry": {
    "type": "Point",
    "coordinates": [
     73.86643,
     29.09597
    ]
   }
  },
  {
   "type": "Feature",
   "properties": {
    "name": "Bachhrāra",
    "alt_names": [],
    "source": "GeoNames IN.zip (2026-09-25) = NGA GNS",
    "source_id": "geonames:10009868;gns_ufi:12513035",
    "lat": 29.02898,
    "lon": 73.93299,
    "inside_range_polygon": false,
    "confidence": "medium (GNS/AMS-derived)",
    "km_to_range_boundary": 14.0,
    "feature_code": "PPL"
   },
   "geometry": {
    "type": "Point",
    "coordinates": [
     73.93299,
     29.02898
    ]
   }
  },
  {
   "type": "Feature",
   "properties": {
    "name": "Northern Railway",
    "alt_names": [],
    "source": "GeoNames IN.zip (2026-09-25) = NGA GNS",
    "source_id": "geonames:10009869;gns_ufi:12513036",
    "lat": 29.00021,
    "lon": 73.85087,
    "inside_range_polygon": false,
    "confidence": "medium (GNS/AMS-derived)",
    "km_to_range_boundary": 5.4,
    "feature_code": "RR"
   },
   "geometry": {
    "type": "Point",
    "coordinates": [
     73.85087,
     29.00021
    ]
   }
  },
  {
   "type": "Feature",
   "properties": {
    "name": "Mahajan",
    "alt_names": [
     "MHJ"
    ],
    "source": "GeoNames IN.zip (2026-09-25)",
    "source_id": "geonames:11859666",
    "lat": 28.79301,
    "lon": 73.85367,
    "inside_range_polygon": false,
    "confidence": "medium (GNS/AMS-derived)",
    "km_to_range_boundary": 10.5,
    "feature_code": "RSTN"
   },
   "geometry": {
    "type": "Point",
    "coordinates": [
     73.85367,
     28.79301
    ]
   }
  },
  {
   "type": "Feature",
   "properties": {
    "name": "Lunkaransar",
    "alt_names": [],
    "source": "GeoNames IN.zip (2026-09-25)",
    "source_id": "geonames:12680970",
    "lat": 28.66254,
    "lon": 73.70812,
    "inside_range_polygon": false,
    "confidence": "medium (GNS/AMS-derived)",
    "km_to_range_boundary": 3.1,
    "feature_code": "ADM3"
   },
   "geometry": {
    "type": "Point",
    "coordinates": [
     73.70812,
     28.66254
    ]
   }
  },
  {
   "type": "Feature",
   "properties": {
    "name": "Lūnkaransar",
    "alt_names": [
     "Sar"
    ],
    "source": "NGA GNS (geonames.nga.mil GIS_OUTPUT)",
    "source_id": "gns_ufi:-2102900",
    "lat": 28.4922,
    "lon": 73.74688,
    "inside_range_polygon": false,
    "confidence": "medium",
    "km_to_range_boundary": 19.5,
    "feature_code": "PPL"
   },
   "geometry": {
    "type": "Point",
    "coordinates": [
     73.74688,
     28.4922
    ]
   }
  },
  {
   "type": "Feature",
   "properties": {
    "name": "Lunkaransar",
    "alt_names": [
     "लूणकरणसर"
    ],
    "source": "OpenStreetMap (Overpass kumi.systems, 2026-09-25)",
    "source_id": "osm:node/245765589",
    "lat": 28.4885,
    "lon": 73.752,
    "inside_range_polygon": false,
    "confidence": "medium (crowd-mapped)",
    "km_to_range_boundary": 20.2,
    "place": "town"
   },
   "geometry": {
    "type": "Point",
    "coordinates": [
     73.752,
     28.4885
    ]
   }
  },
  {
   "type": "Feature",
   "properties": {
    "name": "Mahajan",
    "alt_names": [
     "महाजन"
    ],
    "source": "OpenStreetMap (Overpass kumi.systems, 2026-09-25)",
    "source_id": "osm:node/1894262192",
    "lat": 28.78574,
    "lon": 73.84285,
    "inside_range_polygon": false,
    "confidence": "medium (crowd-mapped)",
    "km_to_range_boundary": 10.1,
    "place": "village"
   },
   "geometry": {
    "type": "Point",
    "coordinates": [
     73.84285,
     28.78574
    ]
   }
  },
  {
   "type": "Feature",
   "properties": {
    "name": "Arjunsar Station",
    "alt_names": [
     "अरजनसर स्टेशन"
    ],
    "source": "OpenStreetMap (Overpass kumi.systems, 2026-09-25)",
    "source_id": "osm:node/1910439446",
    "lat": 28.93244,
    "lon": 73.86808,
    "inside_range_polygon": false,
    "confidence": "medium (crowd-mapped)",
    "km_to_range_boundary": 8.2,
    "place": "village"
   },
   "geometry": {
    "type": "Point",
    "coordinates": [
     73.86808,
     28.93244
    ]
   }
  },
  {
   "type": "Feature",
   "properties": {
    "name": "Gopalyan",
    "alt_names": [
     "गोपल्यान"
    ],
    "source": "OpenStreetMap (Overpass kumi.systems, 2026-09-25)",
    "source_id": "osm:node/1910439457",
    "lat": 28.61125,
    "lon": 73.92871,
    "inside_range_polygon": false,
    "confidence": "medium (crowd-mapped)",
    "km_to_range_boundary": 23.4,
    "place": "village"
   },
   "geometry": {
    "type": "Point",
    "coordinates": [
     73.92871,
     28.61125
    ]
   }
  },
  {
   "type": "Feature",
   "properties": {
    "name": "Kapoorisar",
    "alt_names": [
     "कपूरीसर"
    ],
    "source": "OpenStreetMap (Overpass kumi.systems, 2026-09-25)",
    "source_id": "osm:node/1910439464",
    "lat": 28.64337,
    "lon": 73.92216,
    "inside_range_polygon": false,
    "confidence": "medium (crowd-mapped)",
    "km_to_range_boundary": 21.7,
    "place": "village"
   },
   "geometry": {
    "type": "Point",
    "coordinates": [
     73.92216,
     28.64337
    ]
   }
  },
  {
   "type": "Feature",
   "properties": {
    "name": "Kishnasar",
    "alt_names": [],
    "source": "OpenStreetMap (Overpass kumi.systems, 2026-09-25)",
    "source_id": "osm:node/1910439467",
    "lat": 28.51291,
    "lon": 73.89273,
    "inside_range_polygon": false,
    "confidence": "medium (crowd-mapped)",
    "km_to_range_boundary": 26.8,
    "place": "village"
   },
   "geometry": {
    "type": "Point",
    "coordinates": [
     73.89273,
     28.51291
    ]
   }
  },
  {
   "type": "Feature",
   "properties": {
    "name": "Kalwas",
    "alt_names": [
     "कालवास"
    ],
    "source": "OpenStreetMap (Overpass kumi.systems, 2026-09-25)",
    "source_id": "osm:node/1910439471",
    "lat": 28.49022,
    "lon": 73.77718,
    "inside_range_polygon": false,
    "confidence": "medium (crowd-mapped)",
    "km_to_range_boundary": 21.7,
    "place": "village"
   },
   "geometry": {
    "type": "Point",
    "coordinates": [
     73.77718,
     28.49022
    ]
   }
  },
  {
   "type": "Feature",
   "properties": {
    "name": "Peepera",
    "alt_names": [
     "पीपेरां"
    ],
    "source": "OpenStreetMap (Overpass kumi.systems, 2026-09-25)",
    "source_id": "osm:node/1910439474",
    "lat": 28.64871,
    "lon": 73.86866,
    "inside_range_polygon": false,
    "confidence": "medium (crowd-mapped)",
    "km_to_range_boundary": 16.5,
    "place": "village"
   },
   "geometry": {
    "type": "Point",
    "coordinates": [
     73.86866,
     28.64871
    ]
   }
  },
  {
   "type": "Feature",
   "properties": {
    "name": "Malkisar Bara",
    "alt_names": [],
    "source": "OpenStreetMap (Overpass kumi.systems, 2026-09-25)",
    "source_id": "osm:node/1910439475",
    "lat": 28.65392,
    "lon": 73.90562,
    "inside_range_polygon": false,
    "confidence": "medium (crowd-mapped)",
    "km_to_range_boundary": 19.9,
    "place": "village"
   },
   "geometry": {
    "type": "Point",
    "coordinates": [
     73.90562,
     28.65392
    ]
   }
  },
  {
   "type": "Feature",
   "properties": {
    "name": "Nathwana",
    "alt_names": [
     "नाथवाना"
    ],
    "source": "OpenStreetMap (Overpass kumi.systems, 2026-09-25)",
    "source_id": "osm:node/1910439486",
    "lat": 28.53279,
    "lon": 73.83064,
    "inside_range_polygon": false,
    "confidence": "medium (crowd-mapped)",
    "km_to_range_boundary": 21.3,
    "place": "village"
   },
   "geometry": {
    "type": "Point",
    "coordinates": [
     73.83064,
     28.53279
    ]
   }
  },
  {
   "type": "Feature",
   "properties": {
    "name": "Bachhrara",
    "alt_names": [],
    "source": "OpenStreetMap (Overpass kumi.systems, 2026-09-25)",
    "source_id": "osm:node/1910439503",
    "lat": 29.03715,
    "lon": 73.86371,
    "inside_range_polygon": false,
    "confidence": "medium (crowd-mapped)",
    "km_to_range_boundary": 8.3,
    "place": "village"
   },
   "geometry": {
    "type": "Point",
    "coordinates": [
     73.86371,
     29.03715
    ]
   }
  },
  {
   "type": "Feature",
   "properties": {
    "name": "Rajpura Hudan",
    "alt_names": [
     "राजपूरा हुडान"
    ],
    "source": "OpenStreetMap (Overpass kumi.systems, 2026-09-25)",
    "source_id": "osm:node/1910439504",
    "lat": 28.51712,
    "lon": 73.91891,
    "inside_range_polygon": false,
    "confidence": "medium (crowd-mapped)",
    "km_to_range_boundary": 28.3,
    "place": "village"
   },
   "geometry": {
    "type": "Point",
    "coordinates": [
     73.91891,
     28.51712
    ]
   }
  },
  {
   "type": "Feature",
   "properties": {
    "name": "Harisinghpura",
    "alt_names": [],
    "source": "OpenStreetMap (Overpass kumi.systems, 2026-09-25)",
    "source_id": "osm:node/2090003653",
    "lat": 29.12867,
    "lon": 73.78828,
    "inside_range_polygon": false,
    "confidence": "medium (crowd-mapped)",
    "km_to_range_boundary": 12.9,
    "place": "village"
   },
   "geometry": {
    "type": "Point",
    "coordinates": [
     73.78828,
     29.12867
    ]
   }
  },
  {
   "type": "Feature",
   "properties": {
    "name": "Kumgarh",
    "alt_names": [],
    "source": "OpenStreetMap (Overpass kumi.systems, 2026-09-25)",
    "source_id": "osm:node/2090003654",
    "lat": 29.05855,
    "lon": 73.72239,
    "inside_range_polygon": false,
    "confidence": "medium (crowd-mapped)",
    "km_to_range_boundary": 3.6,
    "place": "village"
   },
   "geometry": {
    "type": "Point",
    "coordinates": [
     73.72239,
     29.05855
    ]
   }
  },
  {
   "type": "Feature",
   "properties": {
    "name": "Lalgarh",
    "alt_names": [
     "लालगढ"
    ],
    "source": "OpenStreetMap (Overpass kumi.systems, 2026-09-25)",
    "source_id": "osm:node/2090003655",
    "lat": 29.0971,
    "lon": 73.71559,
    "inside_range_polygon": false,
    "confidence": "medium (crowd-mapped)",
    "km_to_range_boundary": 7.2,
    "place": "village"
   },
   "geometry": {
    "type": "Point",
    "coordinates": [
     73.71559,
     29.0971
    ]
   }
  },
  {
   "type": "Feature",
   "properties": {
    "name": "Maler",
    "alt_names": [],
    "source": "OpenStreetMap (Overpass kumi.systems, 2026-09-25)",
    "source_id": "osm:node/2090003656",
    "lat": 29.08587,
    "lon": 73.78372,
    "inside_range_polygon": false,
    "confidence": "medium (crowd-mapped)",
    "km_to_range_boundary": 8.6,
    "place": "village"
   },
   "geometry": {
    "type": "Point",
    "coordinates": [
     73.78372,
     29.08587
    ]
   }
  },
  {
   "type": "Feature",
   "properties": {
    "name": "Udhepur",
    "alt_names": [],
    "source": "OpenStreetMap (Overpass kumi.systems, 2026-09-25)",
    "source_id": "osm:node/2090003659",
    "lat": 29.14883,
    "lon": 73.8378,
    "inside_range_polygon": false,
    "confidence": "medium (crowd-mapped)",
    "km_to_range_boundary": 17.2,
    "place": "village"
   },
   "geometry": {
    "type": "Point",
    "coordinates": [
     73.8378,
     29.14883
    ]
   }
  },
  {
   "type": "Feature",
   "properties": {
    "name": "Bakhtawarpura",
    "alt_names": [
     "बख्तावरपुरा"
    ],
    "source": "OpenStreetMap (Overpass kumi.systems, 2026-09-25)",
    "source_id": "osm:node/2091452487",
    "lat": 29.09507,
    "lon": 73.58715,
    "inside_range_polygon": false,
    "confidence": "medium (crowd-mapped)",
    "km_to_range_boundary": 7.4,
    "place": "village"
   },
   "geometry": {
    "type": "Point",
    "coordinates": [
     73.58715,
     29.09507
    ]
   }
  },
  {
   "type": "Feature",
   "properties": {
    "name": "Bhopalpura",
    "alt_names": [],
    "source": "OpenStreetMap (Overpass kumi.systems, 2026-09-25)",
    "source_id": "osm:node/2091452494",
    "lat": 29.04992,
    "lon": 73.52616,
    "inside_range_polygon": false,
    "confidence": "medium (crowd-mapped)",
    "km_to_range_boundary": 4.8,
    "place": "village"
   },
   "geometry": {
    "type": "Point",
    "coordinates": [
     73.52616,
     29.04992
    ]
   }
  },
  {
   "type": "Feature",
   "properties": {
    "name": "Gondsar",
    "alt_names": [],
    "source": "OpenStreetMap (Overpass kumi.systems, 2026-09-25)",
    "source_id": "osm:node/2091452498",
    "lat": 29.07659,
    "lon": 73.55429,
    "inside_range_polygon": false,
    "confidence": "medium (crowd-mapped)",
    "km_to_range_boundary": 7.2,
    "place": "village"
   },
   "geometry": {
    "type": "Point",
    "coordinates": [
     73.55429,
     29.07659
    ]
   }
  },
  {
   "type": "Feature",
   "properties": {
    "name": "Gopalsar",
    "alt_names": [
     "गोपालसर"
    ],
    "source": "OpenStreetMap (Overpass kumi.systems, 2026-09-25)",
    "source_id": "osm:node/2091452499",
    "lat": 29.056,
    "lon": 73.65212,
    "inside_range_polygon": false,
    "confidence": "medium (crowd-mapped)",
    "km_to_range_boundary": 3.2,
    "place": "village"
   },
   "geometry": {
    "type": "Point",
    "coordinates": [
     73.65212,
     29.056
    ]
   }
  },
  {
   "type": "Feature",
   "properties": {
    "name": "Hinjrasar",
    "alt_names": [],
    "source": "OpenStreetMap (Overpass kumi.systems, 2026-09-25)",
    "source_id": "osm:node/2091452502",
    "lat": 29.05891,
    "lon": 73.59835,
    "inside_range_polygon": false,
    "confidence": "medium (crowd-mapped)",
    "km_to_range_boundary": 3.3,
    "place": "village"
   },
   "geometry": {
    "type": "Point",
    "coordinates": [
     73.59835,
     29.05891
    ]
   }
  },
  {
   "type": "Feature",
   "properties": {
    "name": "Phooleji",
    "alt_names": [
     "फूलेजी"
    ],
    "source": "OpenStreetMap (Overpass kumi.systems, 2026-09-25)",
    "source_id": "osm:node/2091452507",
    "lat": 29.02186,
    "lon": 73.75801,
    "inside_range_polygon": false,
    "confidence": "medium (crowd-mapped)",
    "km_to_range_boundary": 2.1,
    "place": "village"
   },
   "geometry": {
    "type": "Point",
    "coordinates": [
     73.75801,
     29.02186
    ]
   }
  },
  {
   "type": "Feature",
   "properties": {
    "name": "Birdhawal",
    "alt_names": [],
    "source": "OpenStreetMap (Overpass kumi.systems, 2026-09-25)",
    "source_id": "osm:node/2091465569",
    "lat": 29.11627,
    "lon": 73.92088,
    "inside_range_polygon": false,
    "confidence": "medium (crowd-mapped)",
    "km_to_range_boundary": 18.1,
    "place": "village"
   },
   "geometry": {
    "type": "Point",
    "coordinates": [
     73.92088,
     29.11627
    ]
   }
  },
  {
   "type": "Feature",
   "properties": {
    "name": "Hindor",
    "alt_names": [],
    "source": "OpenStreetMap (Overpass kumi.systems, 2026-09-25)",
    "source_id": "osm:node/2091465570",
    "lat": 29.09444,
    "lon": 73.86597,
    "inside_range_polygon": false,
    "confidence": "medium (crowd-mapped)",
    "km_to_range_boundary": 12.9,
    "place": "village"
   },
   "geometry": {
    "type": "Point",
    "coordinates": [
     73.86597,
     29.09444
    ]
   }
  },
  {
   "type": "Feature",
   "properties": {
    "name": "Karru",
    "alt_names": [],
    "source": "OpenStreetMap (Overpass kumi.systems, 2026-09-25)",
    "source_id": "osm:node/2091465571",
    "lat": 29.0899,
    "lon": 73.94599,
    "inside_range_polygon": false,
    "confidence": "medium (crowd-mapped)",
    "km_to_range_boundary": 18.2,
    "place": "village"
   },
   "geometry": {
    "type": "Point",
    "coordinates": [
     73.94599,
     29.0899
    ]
   }
  },
  {
   "type": "Feature",
   "properties": {
    "name": "Ranisar",
    "alt_names": [
     "राणीसर"
    ],
    "source": "OpenStreetMap (Overpass kumi.systems, 2026-09-25)",
    "source_id": "osm:node/2102423764",
    "lat": 28.90536,
    "lon": 73.9463,
    "inside_range_polygon": false,
    "confidence": "medium (crowd-mapped)",
    "km_to_range_boundary": 16.3,
    "place": "village"
   },
   "geometry": {
    "type": "Point",
    "coordinates": [
     73.9463,
     28.90536
    ]
   }
  },
  {
   "type": "Feature",
   "properties": {
    "name": "Bhojoosar",
    "alt_names": [],
    "source": "OpenStreetMap (Overpass kumi.systems, 2026-09-25)",
    "source_id": "osm:node/2102423765",
    "lat": 29.02752,
    "lon": 73.93257,
    "inside_range_polygon": false,
    "confidence": "medium (crowd-mapped)",
    "km_to_range_boundary": 13.9,
    "place": "village"
   },
   "geometry": {
    "type": "Point",
    "coordinates": [
     73.93257,
     29.02752
    ]
   }
  },
  {
   "type": "Feature",
   "properties": {
    "name": "Didwana",
    "alt_names": [
     "डीडवाना"
    ],
    "source": "OpenStreetMap (Overpass kumi.systems, 2026-09-25)",
    "source_id": "osm:node/2102423769",
    "lat": 28.97221,
    "lon": 73.93786,
    "inside_range_polygon": false,
    "confidence": "medium (crowd-mapped)",
    "km_to_range_boundary": 13.7,
    "place": "village"
   },
   "geometry": {
    "type": "Point",
    "coordinates": [
     73.93786,
     28.97221
    ]
   }
  },
  {
   "type": "Feature",
   "properties": {
    "name": "Mithriya",
    "alt_names": [
     "मिठड़िया"
    ],
    "source": "OpenStreetMap (Overpass kumi.systems, 2026-09-25)",
    "source_id": "osm:node/2102423773",
    "lat": 28.9459,
    "lon": 73.92115,
    "inside_range_polygon": false,
    "confidence": "medium (crowd-mapped)",
    "km_to_range_boundary": 12.4,
    "place": "village"
   },
   "geometry": {
    "type": "Point",
    "coordinates": [
     73.92115,
     28.9459
    ]
   }
  },
  {
   "type": "Feature",
   "properties": {
    "name": "Mokalsar",
    "alt_names": [
     "मोकलसर"
    ],
    "source": "OpenStreetMap (Overpass kumi.systems, 2026-09-25)",
    "source_id": "osm:node/2102423774",
    "lat": 28.99778,
    "lon": 73.90295,
    "inside_range_polygon": false,
    "confidence": "medium (crowd-mapped)",
    "km_to_range_boundary": 10.3,
    "place": "village"
   },
   "geometry": {
    "type": "Point",
    "coordinates": [
     73.90295,
     28.99778
    ]
   }
  },
  {
   "type": "Feature",
   "properties": {
    "name": "Pipasar",
    "alt_names": [],
    "source": "OpenStreetMap (Overpass kumi.systems, 2026-09-25)",
    "source_id": "osm:node/2102423776",
    "lat": 29.05442,
    "lon": 73.85838,
    "inside_range_polygon": false,
    "confidence": "medium (crowd-mapped)",
    "km_to_range_boundary": 9.0,
    "place": "village"
   },
   "geometry": {
    "type": "Point",
    "coordinates": [
     73.85838,
     29.05442
    ]
   }
  },
  {
   "type": "Feature",
   "properties": {
    "name": "Sherpura",
    "alt_names": [
     "शेरपुरा"
    ],
    "source": "OpenStreetMap (Overpass kumi.systems, 2026-09-25)",
    "source_id": "osm:node/2102435482",
    "lat": 28.76836,
    "lon": 73.91532,
    "inside_range_polygon": false,
    "confidence": "medium (crowd-mapped)",
    "km_to_range_boundary": 17.1,
    "place": "village"
   },
   "geometry": {
    "type": "Point",
    "coordinates": [
     73.91532,
     28.76836
    ]
   }
  },
  {
   "type": "Feature",
   "properties": {
    "name": "Ramsara",
    "alt_names": [
     "रामसरा"
    ],
    "source": "OpenStreetMap (Overpass kumi.systems, 2026-09-25)",
    "source_id": "osm:node/2102449133",
    "lat": 28.93448,
    "lon": 73.77054,
    "inside_range_polygon": false,
    "confidence": "medium (crowd-mapped)",
    "km_to_range_boundary": 0.7,
    "place": "village"
   },
   "geometry": {
    "type": "Point",
    "coordinates": [
     73.77054,
     28.93448
    ]
   }
  },
  {
   "type": "Feature",
   "properties": {
    "name": "Ajeetmana",
    "alt_names": [
     "अजीतमाना"
    ],
    "source": "OpenStreetMap (Overpass kumi.systems, 2026-09-25)",
    "source_id": "osm:node/2302434941",
    "lat": 28.56507,
    "lon": 73.38827,
    "inside_range_polygon": false,
    "confidence": "medium (crowd-mapped)",
    "km_to_range_boundary": 2.7,
    "place": "village"
   },
   "geometry": {
    "type": "Point",
    "coordinates": [
     73.38827,
     28.56507
    ]
   }
  },
  {
   "type": "Feature",
   "properties": {
    "name": "Aludia",
    "alt_names": [
     "अलौदा"
    ],
    "source": "OpenStreetMap (Overpass kumi.systems, 2026-09-25)",
    "source_id": "osm:node/2302434942",
    "lat": 28.52161,
    "lon": 73.50837,
    "inside_range_polygon": false,
    "confidence": "medium (crowd-mapped)",
    "km_to_range_boundary": 5.4,
    "place": "hamlet"
   },
   "geometry": {
    "type": "Point",
    "coordinates": [
     73.50837,
     28.52161
    ]
   }
  },
  {
   "type": "Feature",
   "properties": {
    "name": "Bhadwan",
    "alt_names": [
     "भाडेरां"
    ],
    "source": "OpenStreetMap (Overpass kumi.systems, 2026-09-25)",
    "source_id": "osm:node/2302434943",
    "lat": 28.47424,
    "lon": 73.54546,
    "inside_range_polygon": false,
    "confidence": "medium (crowd-mapped)",
    "km_to_range_boundary": 11.6,
    "place": "village"
   },
   "geometry": {
    "type": "Point",
    "coordinates": [
     73.54546,
     28.47424
    ]
   }
  },
  {
   "type": "Feature",
   "properties": {
    "name": "Binjharwali",
    "alt_names": [
     "बींझरवाली"
    ],
    "source": "OpenStreetMap (Overpass kumi.systems, 2026-09-25)",
    "source_id": "osm:node/2302434944",
    "lat": 28.46293,
    "lon": 73.46045,
    "inside_range_polygon": false,
    "confidence": "medium (crowd-mapped)",
    "km_to_range_boundary": 9.7,
    "place": "village"
   },
   "geometry": {
    "type": "Point",
    "coordinates": [
     73.46045,
     28.46293
    ]
   }
  },
  {
   "type": "Feature",
   "properties": {
    "name": "Doodiwali",
    "alt_names": [
     "डूूडीवाली"
    ],
    "source": "OpenStreetMap (Overpass kumi.systems, 2026-09-25)",
    "source_id": "osm:node/2302434945",
    "lat": 28.45442,
    "lon": 73.53077,
    "inside_range_polygon": false,
    "confidence": "medium (crowd-mapped)",
    "km_to_range_boundary": 12.7,
    "place": "village"
   },
   "geometry": {
    "type": "Point",
    "coordinates": [
     73.53077,
     28.45442
    ]
   }
  },
  {
   "type": "Feature",
   "properties": {
    "name": "Karnali",
    "alt_names": [
     "करनाली"
    ],
    "source": "OpenStreetMap (Overpass kumi.systems, 2026-09-25)",
    "source_id": "osm:node/2302434947",
    "lat": 28.57189,
    "lon": 73.35686,
    "inside_range_polygon": false,
    "confidence": "medium (crowd-mapped)",
    "km_to_range_boundary": 1.4,
    "place": "village"
   },
   "geometry": {
    "type": "Point",
    "coordinates": [
     73.35686,
     28.57189
    ]
   }
  },
  {
   "type": "Feature",
   "properties": {
    "name": "Kelan",
    "alt_names": [
     "केला"
    ],
    "source": "OpenStreetMap (Overpass kumi.systems, 2026-09-25)",
    "source_id": "osm:node/2302434948",
    "lat": 28.46309,
    "lon": 73.25856,
    "inside_range_polygon": false,
    "confidence": "medium (crowd-mapped)",
    "km_to_range_boundary": 14.2,
    "place": "village"
   },
   "geometry": {
    "type": "Point",
    "coordinates": [
     73.25856,
     28.46309
    ]
   }
  },
  {
   "type": "Feature",
   "properties": {
    "name": "Kheeleriya",
    "alt_names": [
     "खीलेरिया"
    ],
    "source": "OpenStreetMap (Overpass kumi.systems, 2026-09-25)",
    "source_id": "osm:node/2302434949",
    "lat": 28.53962,
    "lon": 73.52351,
    "inside_range_polygon": false,
    "confidence": "medium (crowd-mapped)",
    "km_to_range_boundary": 4.1,
    "place": "village"
   },
   "geometry": {
    "type": "Point",
    "coordinates": [
     73.52351,
     28.53962
    ]
   }
  },
  {
   "type": "Feature",
   "properties": {
    "name": "Kheenyera",
    "alt_names": [
     "खींयेरा"
    ],
    "source": "OpenStreetMap (Overpass kumi.systems, 2026-09-25)",
    "source_id": "osm:node/2302434950",
    "lat": 28.47803,
    "lon": 73.5634,
    "inside_range_polygon": false,
    "confidence": "medium (crowd-mapped)",
    "km_to_range_boundary": 11.9,
    "place": "village"
   },
   "geometry": {
    "type": "Point",
    "coordinates": [
     73.5634,
     28.47803
    ]
   }
  },
  {
   "type": "Feature",
   "properties": {
    "name": "Khokharana",
    "alt_names": [
     "खोखराना"
    ],
    "source": "OpenStreetMap (Overpass kumi.systems, 2026-09-25)",
    "source_id": "osm:node/2302434954",
    "lat": 28.55108,
    "lon": 73.57108,
    "inside_range_polygon": false,
    "confidence": "medium (crowd-mapped)",
    "km_to_range_boundary": 6.5,
    "place": "village"
   },
   "geometry": {
    "type": "Point",
    "coordinates": [
     73.57108,
     28.55108
    ]
   }
  },
  {
   "type": "Feature",
   "properties": {
    "name": "Kunda",
    "alt_names": [
     "कुंडा"
    ],
    "source": "OpenStreetMap (Overpass kumi.systems, 2026-09-25)",
    "source_id": "osm:node/2302434957",
    "lat": 28.53683,
    "lon": 73.2925,
    "inside_range_polygon": false,
    "confidence": "medium (crowd-mapped)",
    "km_to_range_boundary": 5.5,
    "place": "village"
   },
   "geometry": {
    "type": "Point",
    "coordinates": [
     73.2925,
     28.53683
    ]
   }
  },
  {
   "type": "Feature",
   "properties": {
    "name": "Lakhawar",
    "alt_names": [
     "लखावर"
    ],
    "source": "OpenStreetMap (Overpass kumi.systems, 2026-09-25)",
    "source_id": "osm:node/2302434960",
    "lat": 28.55415,
    "lon": 73.42647,
    "inside_range_polygon": false,
    "confidence": "medium (crowd-mapped)",
    "km_to_range_boundary": 2.4,
    "place": "village"
   },
   "geometry": {
    "type": "Point",
    "coordinates": [
     73.42647,
     28.55415
    ]
   }
  },
  {
   "type": "Feature",
   "properties": {
    "name": "Laleran",
    "alt_names": [
     "लालेरा पट्टा महाजन"
    ],
    "source": "OpenStreetMap (Overpass kumi.systems, 2026-09-25)",
    "source_id": "osm:node/2302434965",
    "lat": 28.53011,
    "lon": 73.56282,
    "inside_range_polygon": false,
    "confidence": "medium (crowd-mapped)",
    "km_to_range_boundary": 7.2,
    "place": "village"
   },
   "geometry": {
    "type": "Point",
    "coordinates": [
     73.56282,
     28.53011
    ]
   }
  },
  {
   "type": "Feature",
   "properties": {
    "name": "Moosalki",
    "alt_names": [
     "मूसलकी"
    ],
    "source": "OpenStreetMap (Overpass kumi.systems, 2026-09-25)",
    "source_id": "osm:node/2302434968",
    "lat": 28.48352,
    "lon": 73.47694,
    "inside_range_polygon": false,
    "confidence": "medium (crowd-mapped)",
    "km_to_range_boundary": 7.6,
    "place": "village"
   },
   "geometry": {
    "type": "Point",
    "coordinates": [
     73.47694,
     28.48352
    ]
   }
  },
  {
   "type": "Feature",
   "properties": {
    "name": "Rajasar Bhatiyan",
    "alt_names": [
     "राजासर भाटियान"
    ],
    "source": "OpenStreetMap (Overpass kumi.systems, 2026-09-25)",
    "source_id": "osm:node/2302434971",
    "lat": 28.49523,
    "lon": 73.34574,
    "inside_range_polygon": false,
    "confidence": "medium (crowd-mapped)",
    "km_to_range_boundary": 8.9,
    "place": "village"
   },
   "geometry": {
    "type": "Point",
    "coordinates": [
     73.34574,
     28.49523
    ]
   }
  },
  {
   "type": "Feature",
   "properties": {
    "name": "Sadolai",
    "alt_names": [
     "सादोलाई"
    ],
    "source": "OpenStreetMap (Overpass kumi.systems, 2026-09-25)",
    "source_id": "osm:node/2302434974",
    "lat": 28.61712,
    "lon": 73.26782,
    "inside_range_polygon": false,
    "confidence": "medium (crowd-mapped)",
    "km_to_range_boundary": 3.7,
    "place": "village"
   },
   "geometry": {
    "type": "Point",
    "coordinates": [
     73.26782,
     28.61712
    ]
   }
  },
  {
   "type": "Feature",
   "properties": {
    "name": "Sobhalai",
    "alt_names": [
     "शोभोलाई"
    ],
    "source": "OpenStreetMap (Overpass kumi.systems, 2026-09-25)",
    "source_id": "osm:node/2302434978",
    "lat": 28.52059,
    "lon": 73.47987,
    "inside_range_polygon": false,
    "confidence": "medium (crowd-mapped)",
    "km_to_range_boundary": 3.9,
    "place": "village"
   },
   "geometry": {
    "type": "Point",
    "coordinates": [
     73.47987,
     28.52059
    ]
   }
  },
  {
   "type": "Feature",
   "properties": {
    "name": "Asrasar",
    "alt_names": [
     "असरासर"
    ],
    "source": "OpenStreetMap (Overpass kumi.systems, 2026-09-25)",
    "source_id": "osm:node/2302738206",
    "lat": 28.88519,
    "lon": 73.78104,
    "inside_range_polygon": false,
    "confidence": "medium (crowd-mapped)",
    "km_to_range_boundary": 0.5,
    "place": "village"
   },
   "geometry": {
    "type": "Point",
    "coordinates": [
     73.78104,
     28.88519
    ]
   }
  },
  {
   "type": "Feature",
   "properties": {
    "name": "Baderan",
    "alt_names": [
     "बडेरण"
    ],
    "source": "OpenStreetMap (Overpass kumi.systems, 2026-09-25)",
    "source_id": "osm:node/2302738207",
    "lat": 28.69194,
    "lon": 73.76426,
    "inside_range_polygon": false,
    "confidence": "medium (crowd-mapped)",
    "km_to_range_boundary": 5.6,
    "place": "village"
   },
   "geometry": {
    "type": "Point",
    "coordinates": [
     73.76426,
     28.69194
    ]
   }
  },
  {
   "type": "Feature",
   "properties": {
    "name": "Baladesar",
    "alt_names": [
     "बालादेसर"
    ],
    "source": "OpenStreetMap (Overpass kumi.systems, 2026-09-25)",
    "source_id": "osm:node/2302738208",
    "lat": 28.82698,
    "lon": 73.76557,
    "inside_range_polygon": false,
    "confidence": "medium (crowd-mapped)",
    "km_to_range_boundary": 1.3,
    "place": "hamlet"
   },
   "geometry": {
    "type": "Point",
    "coordinates": [
     73.76557,
     28.82698
    ]
   }
  },
  {
   "type": "Feature",
   "properties": {
    "name": "Bhansar",
    "alt_names": [
     "भांनसर"
    ],
    "source": "OpenStreetMap (Overpass kumi.systems, 2026-09-25)",
    "source_id": "osm:node/2302738209",
    "lat": 28.96372,
    "lon": 73.48989,
    "inside_range_polygon": false,
    "confidence": "medium (crowd-mapped)",
    "km_to_range_boundary": 2.4,
    "place": "village"
   },
   "geometry": {
    "type": "Point",
    "coordinates": [
     73.48989,
     28.96372
    ]
   }
  },
  {
   "type": "Feature",
   "properties": {
    "name": "Bheekhnera",
    "alt_names": [
     "भीखनेरा"
    ],
    "source": "OpenStreetMap (Overpass kumi.systems, 2026-09-25)",
    "source_id": "osm:node/2302738210",
    "lat": 28.68028,
    "lon": 73.63199,
    "inside_range_polygon": false,
    "confidence": "medium (crowd-mapped)",
    "km_to_range_boundary": 1.1,
    "place": "village"
   },
   "geometry": {
    "type": "Point",
    "coordinates": [
     73.63199,
     28.68028
    ]
   }
  },
  {
   "type": "Feature",
   "properties": {
    "name": "Gusaina",
    "alt_names": [
     "गुसाईणा"
    ],
    "source": "OpenStreetMap (Overpass kumi.systems, 2026-09-25)",
    "source_id": "osm:node/2302738211",
    "lat": 28.80844,
    "lon": 73.74207,
    "inside_range_polygon": false,
    "confidence": "medium (crowd-mapped)",
    "km_to_range_boundary": 0.8,
    "place": "hamlet"
   },
   "geometry": {
    "type": "Point",
    "coordinates": [
     73.74207,
     28.80844
    ]
   }
  },
  {
   "type": "Feature",
   "properties": {
    "name": "Birmana",
    "alt_names": [],
    "source": "OpenStreetMap (Overpass kumi.systems, 2026-09-25)",
    "source_id": "osm:node/2302738212",
    "lat": 28.59247,
    "lon": 73.51872,
    "inside_range_polygon": false,
    "confidence": "medium (crowd-mapped)",
    "km_to_range_boundary": 0.1,
    "place": "village"
   },
   "geometry": {
    "type": "Point",
    "coordinates": [
     73.51872,
     28.59247
    ]
   }
  },
  {
   "type": "Feature",
   "properties": {
    "name": "Delana Bara",
    "alt_names": [
     "डेलाना बड़ा"
    ],
    "source": "OpenStreetMap (Overpass kumi.systems, 2026-09-25)",
    "source_id": "osm:node/2302738213",
    "lat": 28.59027,
    "lon": 73.61314,
    "inside_range_polygon": false,
    "confidence": "medium (crowd-mapped)",
    "km_to_range_boundary": 3.6,
    "place": "village"
   },
   "geometry": {
    "type": "Point",
    "coordinates": [
     73.61314,
     28.59027
    ]
   }
  },
  {
   "type": "Feature",
   "properties": {
    "name": "Delana Chhota",
    "alt_names": [
     "डेलाना छोटा"
    ],
    "source": "OpenStreetMap (Overpass kumi.systems, 2026-09-25)",
    "source_id": "osm:node/2302738214",
    "lat": 28.57129,
    "lon": 73.66106,
    "inside_range_polygon": false,
    "confidence": "medium (crowd-mapped)",
    "km_to_range_boundary": 7.5,
    "place": "hamlet"
   },
   "geometry": {
    "type": "Point",
    "coordinates": [
     73.66106,
     28.57129
    ]
   }
  },
  {
   "type": "Feature",
   "properties": {
    "name": "Hathusar",
    "alt_names": [],
    "source": "OpenStreetMap (Overpass kumi.systems, 2026-09-25)",
    "source_id": "osm:node/2302738215",
    "lat": 28.93356,
    "lon": 73.55323,
    "inside_range_polygon": true,
    "confidence": "medium (crowd-mapped)",
    "km_to_range_boundary": 3.8,
    "place": "locality"
   },
   "geometry": {
    "type": "Point",
    "coordinates": [
     73.55323,
     28.93356
    ]
   }
  },
  {
   "type": "Feature",
   "properties": {
    "name": "Hindor",
    "alt_names": [],
    "source": "OpenStreetMap (Overpass kumi.systems, 2026-09-25)",
    "source_id": "osm:node/2302738216",
    "lat": 28.9666,
    "lon": 73.60048,
    "inside_range_polygon": true,
    "confidence": "medium (crowd-mapped)",
    "km_to_range_boundary": 4.5,
    "place": "locality"
   },
   "geometry": {
    "type": "Point",
    "coordinates": [
     73.60048,
     28.9666
    ]
   }
  },
  {
   "type": "Feature",
   "properties": {
    "name": "Jagar",
    "alt_names": [],
    "source": "OpenStreetMap (Overpass kumi.systems, 2026-09-25)",
    "source_id": "osm:node/2302738218",
    "lat": 28.91988,
    "lon": 73.55845,
    "inside_range_polygon": true,
    "confidence": "medium (crowd-mapped)",
    "km_to_range_boundary": 4.5,
    "place": "locality"
   },
   "geometry": {
    "type": "Point",
    "coordinates": [
     73.55845,
     28.91988
    ]
   }
  },
  {
   "type": "Feature",
   "properties": {
    "name": "Jaswantsar",
    "alt_names": [
     "जसवन्तसर"
    ],
    "source": "OpenStreetMap (Overpass kumi.systems, 2026-09-25)",
    "source_id": "osm:node/2302738219",
    "lat": 28.87556,
    "lon": 73.78721,
    "inside_range_polygon": false,
    "confidence": "medium (crowd-mapped)",
    "km_to_range_boundary": 1.1,
    "place": "hamlet"
   },
   "geometry": {
    "type": "Point",
    "coordinates": [
     73.78721,
     28.87556
    ]
   }
  },
  {
   "type": "Feature",
   "properties": {
    "name": "Kankarwala",
    "alt_names": [
     "काकड़वाला"
    ],
    "source": "OpenStreetMap (Overpass kumi.systems, 2026-09-25)",
    "source_id": "osm:node/2302738220",
    "lat": 28.61108,
    "lon": 73.72463,
    "inside_range_polygon": false,
    "confidence": "medium (crowd-mapped)",
    "km_to_range_boundary": 9.0,
    "place": "hamlet"
   },
   "geometry": {
    "type": "Point",
    "coordinates": [
     73.72463,
     28.61108
    ]
   }
  },
  {
   "type": "Feature",
   "properties": {
    "name": "Kharbara",
    "alt_names": [
     "खारबारा"
    ],
    "source": "OpenStreetMap (Overpass kumi.systems, 2026-09-25)",
    "source_id": "osm:node/2302738221",
    "lat": 28.94123,
    "lon": 73.41439,
    "inside_range_polygon": false,
    "confidence": "medium (crowd-mapped)",
    "km_to_range_boundary": 5.5,
    "place": "village"
   },
   "geometry": {
    "type": "Point",
    "coordinates": [
     73.41439,
     28.94123
    ]
   }
  },
  {
   "type": "Feature",
   "properties": {
    "name": "Khiana",
    "alt_names": [],
    "source": "OpenStreetMap (Overpass kumi.systems, 2026-09-25)",
    "source_id": "osm:node/2302738222",
    "lat": 28.70225,
    "lon": 73.67455,
    "inside_range_polygon": true,
    "confidence": "medium (crowd-mapped)",
    "km_to_range_boundary": 0.6,
    "place": "isolated_dwelling"
   },
   "geometry": {
    "type": "Point",
    "coordinates": [
     73.67455,
     28.70225
    ]
   }
  },
  {
   "type": "Feature",
   "properties": {
    "name": "Kumana",
    "alt_names": [],
    "source": "OpenStreetMap (Overpass kumi.systems, 2026-09-25)",
    "source_id": "osm:node/2302738223",
    "lat": 28.72474,
    "lon": 73.59626,
    "inside_range_polygon": true,
    "confidence": "medium (crowd-mapped)",
    "km_to_range_boundary": 4.9,
    "place": "locality"
   },
   "geometry": {
    "type": "Point",
    "coordinates": [
     73.59626,
     28.72474
    ]
   }
  },
  {
   "type": "Feature",
   "properties": {
    "name": "Laxminarayansar",
    "alt_names": [
     "लक्ष्मीनारायणसर"
    ],
    "source": "OpenStreetMap (Overpass kumi.systems, 2026-09-25)",
    "source_id": "osm:node/2302738224",
    "lat": 28.61252,
    "lon": 73.71303,
    "inside_range_polygon": false,
    "confidence": "medium (crowd-mapped)",
    "km_to_range_boundary": 8.7,
    "place": "hamlet"
   },
   "geometry": {
    "type": "Point",
    "coordinates": [
     73.71303,
     28.61252
    ]
   }
  },
  {
   "type": "Feature",
   "properties": {
    "name": "Manera",
    "alt_names": [],
    "source": "OpenStreetMap (Overpass kumi.systems, 2026-09-25)",
    "source_id": "osm:node/2302738225",
    "lat": 28.71585,
    "lon": 73.62822,
    "inside_range_polygon": true,
    "confidence": "medium (crowd-mapped)",
    "km_to_range_boundary": 2.0,
    "place": "locality"
   },
   "geometry": {
    "type": "Point",
    "coordinates": [
     73.62822,
     28.71585
    ]
   }
  },
  {
   "type": "Feature",
   "properties": {
    "name": "Manoria",
    "alt_names": [],
    "source": "OpenStreetMap (Overpass kumi.systems, 2026-09-25)",
    "source_id": "osm:node/2302738226",
    "lat": 28.75836,
    "lon": 73.77155,
    "inside_range_polygon": false,
    "confidence": "medium (crowd-mapped)",
    "km_to_range_boundary": 5.6,
    "place": "village"
   },
   "geometry": {
    "type": "Point",
    "coordinates": [
     73.77155,
     28.75836
    ]
   }
  },
  {
   "type": "Feature",
   "properties": {
    "name": "Mokhampura",
    "alt_names": [
     "मोखमपुरा"
    ],
    "source": "OpenStreetMap (Overpass kumi.systems, 2026-09-25)",
    "source_id": "osm:node/2302738227",
    "lat": 28.69981,
    "lon": 73.83666,
    "inside_range_polygon": false,
    "confidence": "medium (crowd-mapped)",
    "km_to_range_boundary": 12.2,
    "place": "village"
   },
   "geometry": {
    "type": "Point",
    "coordinates": [
     73.83666,
     28.69981
    ]
   }
  },
  {
   "type": "Feature",
   "properties": {
    "name": "Motolai",
    "alt_names": [],
    "source": "OpenStreetMap (Overpass kumi.systems, 2026-09-25)",
    "source_id": "osm:node/2302738229",
    "lat": 28.62978,
    "lon": 73.49434,
    "inside_range_polygon": true,
    "confidence": "medium (crowd-mapped)",
    "km_to_range_boundary": 2.9,
    "place": "locality"
   },
   "geometry": {
    "type": "Point",
    "coordinates": [
     73.49434,
     28.62978
    ]
   }
  },
  {
   "type": "Feature",
   "properties": {
    "name": "Ratnisar",
    "alt_names": [
     "रतनीसर"
    ],
    "source": "OpenStreetMap (Overpass kumi.systems, 2026-09-25)",
    "source_id": "osm:node/2302738338",
    "lat": 28.84231,
    "lon": 73.79487,
    "inside_range_polygon": false,
    "confidence": "medium (crowd-mapped)",
    "km_to_range_boundary": 3.5,
    "place": "hamlet"
   },
   "geometry": {
    "type": "Point",
    "coordinates": [
     73.79487,
     28.84231
    ]
   }
  },
  {
   "type": "Feature",
   "properties": {
    "name": "Rekh Megana",
    "alt_names": [
     "रेख मेघाना"
    ],
    "source": "OpenStreetMap (Overpass kumi.systems, 2026-09-25)",
    "source_id": "osm:node/2302738339",
    "lat": 28.64082,
    "lon": 73.59636,
    "inside_range_polygon": false,
    "confidence": "medium (crowd-mapped)",
    "km_to_range_boundary": 0.4,
    "place": "hamlet"
   },
   "geometry": {
    "type": "Point",
    "coordinates": [
     73.59636,
     28.64082
    ]
   }
  },
  {
   "type": "Feature",
   "properties": {
    "name": "Soolera",
    "alt_names": [
     "सूलेरा"
    ],
    "source": "OpenStreetMap (Overpass kumi.systems, 2026-09-25)",
    "source_id": "osm:node/2302738340",
    "lat": 28.67099,
    "lon": 73.66388,
    "inside_range_polygon": false,
    "confidence": "medium (crowd-mapped)",
    "km_to_range_boundary": 2.8,
    "place": "hamlet"
   },
   "geometry": {
    "type": "Point",
    "coordinates": [
     73.66388,
     28.67099
    ]
   }
  },
  {
   "type": "Feature",
   "properties": {
    "name": "Rojhan",
    "alt_names": [
     "रोझां"
    ],
    "source": "OpenStreetMap (Overpass kumi.systems, 2026-09-25)",
    "source_id": "osm:node/2302738341",
    "lat": 28.53395,
    "lon": 73.70365,
    "inside_range_polygon": false,
    "confidence": "medium (crowd-mapped)",
    "km_to_range_boundary": 13.3,
    "place": "village"
   },
   "geometry": {
    "type": "Point",
    "coordinates": [
     73.70365,
     28.53395
    ]
   }
  },
  {
   "type": "Feature",
   "properties": {
    "name": "Nai Bhadera",
    "alt_names": [],
    "source": "OpenStreetMap (Overpass kumi.systems, 2026-09-25)",
    "source_id": "osm:node/2302760688",
    "lat": 28.60703,
    "lon": 73.82301,
    "inside_range_polygon": false,
    "confidence": "medium (crowd-mapped)",
    "km_to_range_boundary": 14.7,
    "place": "hamlet"
   },
   "geometry": {
    "type": "Point",
    "coordinates": [
     73.82301,
     28.60703
    ]
   }
  },
  {
   "type": "Feature",
   "properties": {
    "name": "Nathuwas",
    "alt_names": [],
    "source": "OpenStreetMap (Overpass kumi.systems, 2026-09-25)",
    "source_id": "osm:node/7335802789",
    "lat": 28.50733,
    "lon": 73.26306,
    "inside_range_polygon": false,
    "confidence": "medium (crowd-mapped)",
    "km_to_range_boundary": 9.9,
    "place": "hamlet"
   },
   "geometry": {
    "type": "Point",
    "coordinates": [
     73.26306,
     28.50733
    ]
   }
  },
  {
   "type": "Feature",
   "properties": {
    "name": "Bodiyanwali",
    "alt_names": [],
    "source": "OpenStreetMap (Overpass kumi.systems, 2026-09-25)",
    "source_id": "osm:node/7335808233",
    "lat": 28.88436,
    "lon": 73.42532,
    "inside_range_polygon": false,
    "confidence": "medium (crowd-mapped)",
    "km_to_range_boundary": 1.5,
    "place": "hamlet"
   },
   "geometry": {
    "type": "Point",
    "coordinates": [
     73.42532,
     28.88436
    ]
   }
  },
  {
   "type": "Feature",
   "properties": {
    "name": "Raner Damolai",
    "alt_names": [],
    "source": "OpenStreetMap (Overpass kumi.systems, 2026-09-25)",
    "source_id": "osm:node/7335808234",
    "lat": 28.88633,
    "lon": 73.28389,
    "inside_range_polygon": false,
    "confidence": "medium (crowd-mapped)",
    "km_to_range_boundary": 11.9,
    "place": "hamlet"
   },
   "geometry": {
    "type": "Point",
    "coordinates": [
     73.28389,
     28.88633
    ]
   }
  },
  {
   "type": "Feature",
   "properties": {
    "name": "Lakhansar",
    "alt_names": [
     "लाखनसर"
    ],
    "source": "OpenStreetMap (Overpass kumi.systems, 2026-09-25)",
    "source_id": "osm:node/7335808235",
    "lat": 28.87373,
    "lon": 73.34752,
    "inside_range_polygon": false,
    "confidence": "medium (crowd-mapped)",
    "km_to_range_boundary": 6.1,
    "place": "village"
   },
   "geometry": {
    "type": "Point",
    "coordinates": [
     73.34752,
     28.87373
    ]
   }
  },
  {
   "type": "Feature",
   "properties": {
    "name": "Raner Damolai",
    "alt_names": [
     "राणेर"
    ],
    "source": "OpenStreetMap (Overpass kumi.systems, 2026-09-25)",
    "source_id": "osm:node/7335808236",
    "lat": 28.86399,
    "lon": 73.32816,
    "inside_range_polygon": false,
    "confidence": "medium (crowd-mapped)",
    "km_to_range_boundary": 7.0,
    "place": "hamlet"
   },
   "geometry": {
    "type": "Point",
    "coordinates": [
     73.32816,
     28.86399
    ]
   }
  },
  {
   "type": "Feature",
   "properties": {
    "name": "Balugwala Dhora",
    "alt_names": [],
    "source": "OpenStreetMap (Overpass kumi.systems, 2026-09-25)",
    "source_id": "osm:node/7335808237",
    "lat": 28.82571,
    "lon": 73.29834,
    "inside_range_polygon": false,
    "confidence": "medium (crowd-mapped)",
    "km_to_range_boundary": 9.1,
    "place": "hamlet"
   },
   "geometry": {
    "type": "Point",
    "coordinates": [
     73.29834,
     28.82571
    ]
   }
  },
  {
   "type": "Feature",
   "properties": {
    "name": "1 KM",
    "alt_names": [
     "1 के.एम."
    ],
    "source": "OpenStreetMap (Overpass kumi.systems, 2026-09-25)",
    "source_id": "osm:node/7335808238",
    "lat": 28.78064,
    "lon": 73.26327,
    "inside_range_polygon": false,
    "confidence": "medium (crowd-mapped)",
    "km_to_range_boundary": 10.0,
    "place": "hamlet"
   },
   "geometry": {
    "type": "Point",
    "coordinates": [
     73.26327,
     28.78064
    ]
   }
  },
  {
   "type": "Feature",
   "properties": {
    "name": "Gourisar",
    "alt_names": [
     "गौरीसर"
    ],
    "source": "OpenStreetMap (Overpass kumi.systems, 2026-09-25)",
    "source_id": "osm:node/7335808239",
    "lat": 28.69454,
    "lon": 73.22671,
    "inside_range_polygon": false,
    "confidence": "medium (crowd-mapped)",
    "km_to_range_boundary": 8.2,
    "place": "hamlet"
   },
   "geometry": {
    "type": "Point",
    "coordinates": [
     73.22671,
     28.69454
    ]
   }
  },
  {
   "type": "Feature",
   "properties": {
    "name": "Kamisar",
    "alt_names": [],
    "source": "OpenStreetMap (Overpass kumi.systems, 2026-09-25)",
    "source_id": "osm:node/7335808240",
    "lat": 28.71182,
    "lon": 73.26031,
    "inside_range_polygon": false,
    "confidence": "medium (crowd-mapped)",
    "km_to_range_boundary": 7.3,
    "place": "village"
   },
   "geometry": {
    "type": "Point",
    "coordinates": [
     73.26031,
     28.71182
    ]
   }
  },
  {
   "type": "Feature",
   "properties": {
    "name": "Mahadeowali",
    "alt_names": [
     "महादेववाली"
    ],
    "source": "OpenStreetMap (Overpass kumi.systems, 2026-09-25)",
    "source_id": "osm:node/7335808241",
    "lat": 28.7079,
    "lon": 73.3076,
    "inside_range_polygon": false,
    "confidence": "medium (crowd-mapped)",
    "km_to_range_boundary": 4.8,
    "place": "village"
   },
   "geometry": {
    "type": "Point",
    "coordinates": [
     73.3076,
     28.7079
    ]
   }
  },
  {
   "type": "Feature",
   "properties": {
    "name": "Sukhchenpura",
    "alt_names": [],
    "source": "OpenStreetMap (Overpass kumi.systems, 2026-09-25)",
    "source_id": "osm:node/7335823316",
    "lat": 29.14139,
    "lon": 73.59027,
    "inside_range_polygon": false,
    "confidence": "medium (crowd-mapped)",
    "km_to_range_boundary": 12.1,
    "place": "village"
   },
   "geometry": {
    "type": "Point",
    "coordinates": [
     73.59027,
     29.14139
    ]
   }
  },
  {
   "type": "Feature",
   "properties": {
    "name": "Kupli",
    "alt_names": [],
    "source": "OpenStreetMap (Overpass kumi.systems, 2026-09-25)",
    "source_id": "osm:node/7335823339",
    "lat": 29.11111,
    "lon": 73.40487,
    "inside_range_polygon": false,
    "confidence": "medium (crowd-mapped)",
    "km_to_range_boundary": 17.2,
    "place": "village"
   },
   "geometry": {
    "type": "Point",
    "coordinates": [
     73.40487,
     29.11111
    ]
   }
  },
  {
   "type": "Feature",
   "properties": {
    "name": "Bhagsar",
    "alt_names": [],
    "source": "OpenStreetMap (Overpass kumi.systems, 2026-09-25)",
    "source_id": "osm:node/7335823340",
    "lat": 29.11655,
    "lon": 73.44695,
    "inside_range_polygon": false,
    "confidence": "medium (crowd-mapped)",
    "km_to_range_boundary": 15.2,
    "place": "village"
   },
   "geometry": {
    "type": "Point",
    "coordinates": [
     73.44695,
     29.11655
    ]
   }
  },
  {
   "type": "Feature",
   "properties": {
    "name": "Arjenathpura",
    "alt_names": [],
    "source": "OpenStreetMap (Overpass kumi.systems, 2026-09-25)",
    "source_id": "osm:node/7335823341",
    "lat": 29.09145,
    "lon": 73.4971,
    "inside_range_polygon": false,
    "confidence": "medium (crowd-mapped)",
    "km_to_range_boundary": 10.2,
    "place": "village"
   },
   "geometry": {
    "type": "Point",
    "coordinates": [
     73.4971,
     29.09145
    ]
   }
  },
  {
   "type": "Feature",
   "properties": {
    "name": "Surjansur",
    "alt_names": [],
    "source": "OpenStreetMap (Overpass kumi.systems, 2026-09-25)",
    "source_id": "osm:node/7335823342",
    "lat": 29.06311,
    "lon": 73.46965,
    "inside_range_polygon": false,
    "confidence": "medium (crowd-mapped)",
    "km_to_range_boundary": 9.1,
    "place": "village"
   },
   "geometry": {
    "type": "Point",
    "coordinates": [
     73.46965,
     29.06311
    ]
   }
  },
  {
   "type": "Feature",
   "properties": {
    "name": "Gomawali Barani",
    "alt_names": [],
    "source": "OpenStreetMap (Overpass kumi.systems, 2026-09-25)",
    "source_id": "osm:node/7335823343",
    "lat": 29.04184,
    "lon": 73.43923,
    "inside_range_polygon": false,
    "confidence": "medium (crowd-mapped)",
    "km_to_range_boundary": 9.5,
    "place": "village"
   },
   "geometry": {
    "type": "Point",
    "coordinates": [
     73.43923,
     29.04184
    ]
   }
  },
  {
   "type": "Feature",
   "properties": {
    "name": "Malkisar",
    "alt_names": [
     "मलकीसर बडा"
    ],
    "source": "OpenStreetMap (Overpass kumi.systems, 2026-09-25)",
    "source_id": "osm:node/7338228416",
    "lat": 28.67613,
    "lon": 73.91327,
    "inside_range_polygon": false,
    "confidence": "medium (crowd-mapped)",
    "km_to_range_boundary": 20.1,
    "place": "village"
   },
   "geometry": {
    "type": "Point",
    "coordinates": [
     73.91327,
     28.67613
    ]
   }
  },
  {
   "type": "Feature",
   "properties": {
    "name": "Ghesura",
    "alt_names": [
     "घेसूरा"
    ],
    "source": "OpenStreetMap (Overpass kumi.systems, 2026-09-25)",
    "source_id": "osm:node/7338228417",
    "lat": 28.81311,
    "lon": 73.86559,
    "inside_range_polygon": false,
    "confidence": "medium (crowd-mapped)",
    "km_to_range_boundary": 10.8,
    "place": "village"
   },
   "geometry": {
    "type": "Point",
    "coordinates": [
     73.86559,
     28.81311
    ]
   }
  },
  {
   "type": "Feature",
   "properties": {
    "name": "Rambagh",
    "alt_names": [
     "रामबाग"
    ],
    "source": "OpenStreetMap (Overpass kumi.systems, 2026-09-25)",
    "source_id": "osm:node/7338228418",
    "lat": 28.85291,
    "lon": 73.89722,
    "inside_range_polygon": false,
    "confidence": "medium (crowd-mapped)",
    "km_to_range_boundary": 12.1,
    "place": "village"
   },
   "geometry": {
    "type": "Point",
    "coordinates": [
     73.89722,
     28.85291
    ]
   }
  },
  {
   "type": "Feature",
   "properties": {
    "name": "Rajana",
    "alt_names": [],
    "source": "OpenStreetMap (Overpass kumi.systems, 2026-09-25)",
    "source_id": "osm:node/7338228419",
    "lat": 29.08006,
    "lon": 73.62162,
    "inside_range_polygon": false,
    "confidence": "medium (crowd-mapped)",
    "km_to_range_boundary": 4.9,
    "place": "village"
   },
   "geometry": {
    "type": "Point",
    "coordinates": [
     73.62162,
     29.08006
    ]
   }
  },
  {
   "type": "Feature",
   "properties": {
    "name": "Rajiyasar",
    "alt_names": [],
    "source": "OpenStreetMap (Overpass kumi.systems, 2026-09-25)",
    "source_id": "osm:node/7338228420",
    "lat": 29.06532,
    "lon": 73.84469,
    "inside_range_polygon": false,
    "confidence": "medium (crowd-mapped)",
    "km_to_range_boundary": 9.0,
    "place": "village"
   },
   "geometry": {
    "type": "Point",
    "coordinates": [
     73.84469,
     29.06532
    ]
   }
  },
  {
   "type": "Feature",
   "properties": {
    "name": "Chak Asrasar",
    "alt_names": [
     "चक असरासर"
    ],
    "source": "OpenStreetMap (Overpass kumi.systems, 2026-09-25)",
    "source_id": "osm:node/7338228421",
    "lat": 28.93343,
    "lon": 73.82915,
    "inside_range_polygon": false,
    "confidence": "medium (crowd-mapped)",
    "km_to_range_boundary": 5.1,
    "place": "village"
   },
   "geometry": {
    "type": "Point",
    "coordinates": [
     73.82915,
     28.93343
    ]
   }
  },
  {
   "type": "Feature",
   "properties": {
    "name": "Udeshiyan",
    "alt_names": [
     "उदेशिया"
    ],
    "source": "OpenStreetMap (Overpass kumi.systems, 2026-09-25)",
    "source_id": "osm:node/8287463607",
    "lat": 28.46903,
    "lon": 73.6505,
    "inside_range_polygon": false,
    "confidence": "medium (crowd-mapped)",
    "km_to_range_boundary": 17.5,
    "place": "village"
   },
   "geometry": {
    "type": "Point",
    "coordinates": [
     73.6505,
     28.46903
    ]
   }
  },
  {
   "type": "Feature",
   "properties": {
    "name": "Unchaira",
    "alt_names": [
     "उचाईडा"
    ],
    "source": "OpenStreetMap (Overpass kumi.systems, 2026-09-25)",
    "source_id": "osm:node/8287463608",
    "lat": 28.49276,
    "lon": 73.62651,
    "inside_range_polygon": false,
    "confidence": "medium (crowd-mapped)",
    "km_to_range_boundary": 14.4,
    "place": "hamlet"
   },
   "geometry": {
    "type": "Point",
    "coordinates": [
     73.62651,
     28.49276
    ]
   }
  },
  {
   "type": "Feature",
   "properties": {
    "name": "Kishandas Ki Dhani",
    "alt_names": [],
    "source": "OpenStreetMap (Overpass kumi.systems, 2026-09-25)",
    "source_id": "osm:node/8287482469",
    "lat": 28.81531,
    "lon": 73.9343,
    "inside_range_polygon": false,
    "confidence": "medium (crowd-mapped)",
    "km_to_range_boundary": 17.0,
    "place": "hamlet"
   },
   "geometry": {
    "type": "Point",
    "coordinates": [
     73.9343,
     28.81531
    ]
   }
  },
  {
   "type": "Feature",
   "properties": {
    "name": "Chak Bhanwariya",
    "alt_names": [
     "चक भंवरीया"
    ],
    "source": "OpenStreetMap (Overpass kumi.systems, 2026-09-25)",
    "source_id": "osm:node/8287482470",
    "lat": 28.88226,
    "lon": 73.84787,
    "inside_range_polygon": false,
    "confidence": "medium (crowd-mapped)",
    "km_to_range_boundary": 6.9,
    "place": "hamlet"
   },
   "geometry": {
    "type": "Point",
    "coordinates": [
     73.84787,
     28.88226
    ]
   }
  },
  {
   "type": "Feature",
   "properties": {
    "name": "Lalera Patta Mahajan",
    "alt_names": [
     "लालेरा पट्टा महाजन"
    ],
    "source": "OpenStreetMap (Overpass kumi.systems, 2026-09-25)",
    "source_id": "osm:node/8287482471",
    "lat": 28.8617,
    "lon": 73.82317,
    "inside_range_polygon": false,
    "confidence": "medium (crowd-mapped)",
    "km_to_range_boundary": 5.0,
    "place": "hamlet"
   },
   "geometry": {
    "type": "Point",
    "coordinates": [
     73.82317,
     28.8617
    ]
   }
  },
  {
   "type": "Feature",
   "properties": {
    "name": "Chak Jor",
    "alt_names": [
     "चकजोहड़"
    ],
    "source": "OpenStreetMap (Overpass kumi.systems, 2026-09-25)",
    "source_id": "osm:node/8287482472",
    "lat": 28.98292,
    "lon": 73.81199,
    "inside_range_polygon": false,
    "confidence": "medium (crowd-mapped)",
    "km_to_range_boundary": 1.4,
    "place": "village"
   },
   "geometry": {
    "type": "Point",
    "coordinates": [
     73.81199,
     28.98292
    ]
   }
  },
  {
   "type": "Feature",
   "properties": {
    "name": "Chak Phooldesar",
    "alt_names": [
     "अण्खोल्या"
    ],
    "source": "OpenStreetMap (Overpass kumi.systems, 2026-09-25)",
    "source_id": "osm:node/8287482475",
    "lat": 28.53869,
    "lon": 73.71212,
    "inside_range_polygon": false,
    "confidence": "medium (crowd-mapped)",
    "km_to_range_boundary": 13.4,
    "place": "hamlet"
   },
   "geometry": {
    "type": "Point",
    "coordinates": [
     73.71212,
     28.53869
    ]
   }
  },
  {
   "type": "Feature",
   "properties": {
    "name": "3 JM",
    "alt_names": [],
    "source": "OpenStreetMap (Overpass kumi.systems, 2026-09-25)",
    "source_id": "osm:node/9532000084",
    "lat": 29.0473,
    "lon": 73.20258,
    "inside_range_polygon": false,
    "confidence": "medium (crowd-mapped)",
    "km_to_range_boundary": 28.8,
    "place": "village"
   },
   "geometry": {
    "type": "Point",
    "coordinates": [
     73.20258,
     29.0473
    ]
   }
  },
  {
   "type": "Feature",
   "properties": {
    "name": "1 NWM",
    "alt_names": [],
    "source": "OpenStreetMap (Overpass kumi.systems, 2026-09-25)",
    "source_id": "osm:node/9532000087",
    "lat": 29.09722,
    "lon": 73.21069,
    "inside_range_polygon": false,
    "confidence": "medium (crowd-mapped)",
    "km_to_range_boundary": 31.6,
    "place": "village"
   },
   "geometry": {
    "type": "Point",
    "coordinates": [
     73.21069,
     29.09722
    ]
   }
  },
  {
   "type": "Feature",
   "properties": {
    "name": "1 P",
    "alt_names": [],
    "source": "OpenStreetMap (Overpass kumi.systems, 2026-09-25)",
    "source_id": "osm:node/9532000088",
    "lat": 29.11595,
    "lon": 73.20908,
    "inside_range_polygon": false,
    "confidence": "medium (crowd-mapped)",
    "km_to_range_boundary": 33.1,
    "place": "hamlet"
   },
   "geometry": {
    "type": "Point",
    "coordinates": [
     73.20908,
     29.11595
    ]
   }
  },
  {
   "type": "Feature",
   "properties": {
    "name": "2 K-B",
    "alt_names": [],
    "source": "OpenStreetMap (Overpass kumi.systems, 2026-09-25)",
    "source_id": "osm:node/9532000089",
    "lat": 29.13921,
    "lon": 73.2172,
    "inside_range_polygon": false,
    "confidence": "medium (crowd-mapped)",
    "km_to_range_boundary": 33.5,
    "place": "hamlet"
   },
   "geometry": {
    "type": "Point",
    "coordinates": [
     73.2172,
     29.13921
    ]
   }
  },
  {
   "type": "Feature",
   "properties": {
    "name": "1 SPM",
    "alt_names": [],
    "source": "OpenStreetMap (Overpass kumi.systems, 2026-09-25)",
    "source_id": "osm:node/9532030092",
    "lat": 29.11449,
    "lon": 73.63796,
    "inside_range_polygon": false,
    "confidence": "medium (crowd-mapped)",
    "km_to_range_boundary": 8.8,
    "place": "hamlet"
   },
   "geometry": {
    "type": "Point",
    "coordinates": [
     73.63796,
     29.11449
    ]
   }
  },
  {
   "type": "Feature",
   "properties": {
    "name": "3 SPM",
    "alt_names": [],
    "source": "OpenStreetMap (Overpass kumi.systems, 2026-09-25)",
    "source_id": "osm:node/9532030093",
    "lat": 29.13006,
    "lon": 73.62446,
    "inside_range_polygon": false,
    "confidence": "medium (crowd-mapped)",
    "km_to_range_boundary": 10.4,
    "place": "hamlet"
   },
   "geometry": {
    "type": "Point",
    "coordinates": [
     73.62446,
     29.13006
    ]
   }
  },
  {
   "type": "Feature",
   "properties": {
    "name": "7 BKM",
    "alt_names": [],
    "source": "OpenStreetMap (Overpass kumi.systems, 2026-09-25)",
    "source_id": "osm:node/9532030094",
    "lat": 29.14585,
    "lon": 73.56837,
    "inside_range_polygon": false,
    "confidence": "medium (crowd-mapped)",
    "km_to_range_boundary": 13.3,
    "place": "village"
   },
   "geometry": {
    "type": "Point",
    "coordinates": [
     73.56837,
     29.14585
    ]
   }
  },
  {
   "type": "Feature",
   "properties": {
    "name": "5 CM",
    "alt_names": [],
    "source": "OpenStreetMap (Overpass kumi.systems, 2026-09-25)",
    "source_id": "osm:node/9532030095",
    "lat": 29.0239,
    "lon": 73.55375,
    "inside_range_polygon": false,
    "confidence": "medium (crowd-mapped)",
    "km_to_range_boundary": 1.5,
    "place": "hamlet"
   },
   "geometry": {
    "type": "Point",
    "coordinates": [
     73.55375,
     29.0239
    ]
   }
  },
  {
   "type": "Feature",
   "properties": {
    "name": "1 LM",
    "alt_names": [
     "1 ایل ایم"
    ],
    "source": "OpenStreetMap (Overpass kumi.systems, 2026-09-25)",
    "source_id": "osm:node/9532030096",
    "lat": 29.02666,
    "lon": 73.49398,
    "inside_range_polygon": false,
    "confidence": "medium (crowd-mapped)",
    "km_to_range_boundary": 4.5,
    "place": "village"
   },
   "geometry": {
    "type": "Point",
    "coordinates": [
     73.49398,
     29.02666
    ]
   }
  },
  {
   "type": "Feature",
   "properties": {
    "name": "4 BPM",
    "alt_names": [],
    "source": "OpenStreetMap (Overpass kumi.systems, 2026-09-25)",
    "source_id": "osm:node/9532030097",
    "lat": 29.09102,
    "lon": 73.52705,
    "inside_range_polygon": false,
    "confidence": "medium (crowd-mapped)",
    "km_to_range_boundary": 9.1,
    "place": "hamlet"
   },
   "geometry": {
    "type": "Point",
    "coordinates": [
     73.52705,
     29.09102
    ]
   }
  },
  {
   "type": "Feature",
   "properties": {
    "name": "1 GDSM",
    "alt_names": [],
    "source": "OpenStreetMap (Overpass kumi.systems, 2026-09-25)",
    "source_id": "osm:node/9532030098",
    "lat": 29.11617,
    "lon": 73.53628,
    "inside_range_polygon": false,
    "confidence": "medium (crowd-mapped)",
    "km_to_range_boundary": 11.6,
    "place": "hamlet"
   },
   "geometry": {
    "type": "Point",
    "coordinates": [
     73.53628,
     29.11617
    ]
   }
  },
  {
   "type": "Feature",
   "properties": {
    "name": "5 AS-B",
    "alt_names": [],
    "source": "OpenStreetMap (Overpass kumi.systems, 2026-09-25)",
    "source_id": "osm:node/9532030099",
    "lat": 29.14995,
    "lon": 73.50798,
    "inside_range_polygon": false,
    "confidence": "medium (crowd-mapped)",
    "km_to_range_boundary": 15.8,
    "place": "hamlet"
   },
   "geometry": {
    "type": "Point",
    "coordinates": [
     73.50798,
     29.14995
    ]
   }
  },
  {
   "type": "Feature",
   "properties": {
    "name": "52 GB",
    "alt_names": [],
    "source": "OpenStreetMap (Overpass kumi.systems, 2026-09-25)",
    "source_id": "osm:node/9532030100",
    "lat": 29.13518,
    "lon": 73.41666,
    "inside_range_polygon": false,
    "confidence": "medium (crowd-mapped)",
    "km_to_range_boundary": 18.6,
    "place": "hamlet"
   },
   "geometry": {
    "type": "Point",
    "coordinates": [
     73.41666,
     29.13518
    ]
   }
  },
  {
   "type": "Feature",
   "properties": {
    "name": "53 GB",
    "alt_names": [],
    "source": "OpenStreetMap (Overpass kumi.systems, 2026-09-25)",
    "source_id": "osm:node/9532030101",
    "lat": 29.13793,
    "lon": 73.40431,
    "inside_range_polygon": false,
    "confidence": "medium (crowd-mapped)",
    "km_to_range_boundary": 19.5,
    "place": "hamlet"
   },
   "geometry": {
    "type": "Point",
    "coordinates": [
     73.40431,
     29.13793
    ]
   }
  },
  {
   "type": "Feature",
   "properties": {
    "name": "55 GB",
    "alt_names": [],
    "source": "OpenStreetMap (Overpass kumi.systems, 2026-09-25)",
    "source_id": "osm:node/9532030102",
    "lat": 29.14472,
    "lon": 73.39396,
    "inside_range_polygon": false,
    "confidence": "medium (crowd-mapped)",
    "km_to_range_boundary": 20.7,
    "place": "village"
   },
   "geometry": {
    "type": "Point",
    "coordinates": [
     73.39396,
     29.14472
    ]
   }
  },
  {
   "type": "Feature",
   "properties": {
    "name": "56 GB-B",
    "alt_names": [],
    "source": "OpenStreetMap (Overpass kumi.systems, 2026-09-25)",
    "source_id": "osm:node/9532030103",
    "lat": 29.14934,
    "lon": 73.39905,
    "inside_range_polygon": false,
    "confidence": "medium (crowd-mapped)",
    "km_to_range_boundary": 20.9,
    "place": "hamlet"
   },
   "geometry": {
    "type": "Point",
    "coordinates": [
     73.39905,
     29.14934
    ]
   }
  },
  {
   "type": "Feature",
   "properties": {
    "name": "19 AS",
    "alt_names": [],
    "source": "OpenStreetMap (Overpass kumi.systems, 2026-09-25)",
    "source_id": "osm:node/9532030104",
    "lat": 29.14011,
    "lon": 73.37583,
    "inside_range_polygon": false,
    "confidence": "medium (crowd-mapped)",
    "km_to_range_boundary": 21.4,
    "place": "village"
   },
   "geometry": {
    "type": "Point",
    "coordinates": [
     73.37583,
     29.14011
    ]
   }
  },
  {
   "type": "Feature",
   "properties": {
    "name": "20 AS",
    "alt_names": [],
    "source": "OpenStreetMap (Overpass kumi.systems, 2026-09-25)",
    "source_id": "osm:node/9532030105",
    "lat": 29.13614,
    "lon": 73.35907,
    "inside_range_polygon": false,
    "confidence": "medium (crowd-mapped)",
    "km_to_range_boundary": 22.2,
    "place": "village"
   },
   "geometry": {
    "type": "Point",
    "coordinates": [
     73.35907,
     29.13614
    ]
   }
  },
  {
   "type": "Feature",
   "properties": {
    "name": "16 AS",
    "alt_names": [],
    "source": "OpenStreetMap (Overpass kumi.systems, 2026-09-25)",
    "source_id": "osm:node/9532030106",
    "lat": 29.11792,
    "lon": 73.36363,
    "inside_range_polygon": false,
    "confidence": "medium (crowd-mapped)",
    "km_to_range_boundary": 20.5,
    "place": "village"
   },
   "geometry": {
    "type": "Point",
    "coordinates": [
     73.36363,
     29.11792
    ]
   }
  },
  {
   "type": "Feature",
   "properties": {
    "name": "4 KAM",
    "alt_names": [],
    "source": "OpenStreetMap (Overpass kumi.systems, 2026-09-25)",
    "source_id": "osm:node/9532030107",
    "lat": 29.0886,
    "lon": 73.36479,
    "inside_range_polygon": false,
    "confidence": "medium (crowd-mapped)",
    "km_to_range_boundary": 18.4,
    "place": "village"
   },
   "geometry": {
    "type": "Point",
    "coordinates": [
     73.36479,
     29.0886
    ]
   }
  },
  {
   "type": "Feature",
   "properties": {
    "name": "2 DM",
    "alt_names": [],
    "source": "OpenStreetMap (Overpass kumi.systems, 2026-09-25)",
    "source_id": "osm:node/9532030108",
    "lat": 29.04496,
    "lon": 73.33457,
    "inside_range_polygon": false,
    "confidence": "medium (crowd-mapped)",
    "km_to_range_boundary": 18.9,
    "place": "village"
   },
   "geometry": {
    "type": "Point",
    "coordinates": [
     73.33457,
     29.04496
    ]
   }
  },
  {
   "type": "Feature",
   "properties": {
    "name": "3 DSM",
    "alt_names": [],
    "source": "OpenStreetMap (Overpass kumi.systems, 2026-09-25)",
    "source_id": "osm:node/9532030109",
    "lat": 29.02217,
    "lon": 73.34084,
    "inside_range_polygon": false,
    "confidence": "medium (crowd-mapped)",
    "km_to_range_boundary": 16.9,
    "place": "hamlet"
   },
   "geometry": {
    "type": "Point",
    "coordinates": [
     73.34084,
     29.02217
    ]
   }
  },
  {
   "type": "Feature",
   "properties": {
    "name": "3 NM",
    "alt_names": [],
    "source": "OpenStreetMap (Overpass kumi.systems, 2026-09-25)",
    "source_id": "osm:node/9532030110",
    "lat": 29.01964,
    "lon": 73.3037,
    "inside_range_polygon": false,
    "confidence": "medium (crowd-mapped)",
    "km_to_range_boundary": 19.2,
    "place": "village"
   },
   "geometry": {
    "type": "Point",
    "coordinates": [
     73.3037,
     29.01964
    ]
   }
  },
  {
   "type": "Feature",
   "properties": {
    "name": "",
    "alt_names": [],
    "source": "OpenStreetMap (Overpass kumi.systems, 2026-09-25)",
    "source_id": "osm:node/9532030111",
    "lat": 29.041,
    "lon": 73.29394,
    "inside_range_polygon": false,
    "confidence": "medium (crowd-mapped)",
    "km_to_range_boundary": 21.5,
    "place": "hamlet"
   },
   "geometry": {
    "type": "Point",
    "coordinates": [
     73.29394,
     29.041
    ]
   }
  },
  {
   "type": "Feature",
   "properties": {
    "name": "11 ND",
    "alt_names": [],
    "source": "OpenStreetMap (Overpass kumi.systems, 2026-09-25)",
    "source_id": "osm:node/9532030112",
    "lat": 29.0573,
    "lon": 73.30435,
    "inside_range_polygon": false,
    "confidence": "medium (crowd-mapped)",
    "km_to_range_boundary": 22.1,
    "place": "hamlet"
   },
   "geometry": {
    "type": "Point",
    "coordinates": [
     73.30435,
     29.0573
    ]
   }
  },
  {
   "type": "Feature",
   "properties": {
    "name": "8 ND",
    "alt_names": [],
    "source": "OpenStreetMap (Overpass kumi.systems, 2026-09-25)",
    "source_id": "osm:node/9532030113",
    "lat": 29.07711,
    "lon": 73.31488,
    "inside_range_polygon": false,
    "confidence": "medium (crowd-mapped)",
    "km_to_range_boundary": 22.0,
    "place": "hamlet"
   },
   "geometry": {
    "type": "Point",
    "coordinates": [
     73.31488,
     29.07711
    ]
   }
  },
  {
   "type": "Feature",
   "properties": {
    "name": "3 ND",
    "alt_names": [],
    "source": "OpenStreetMap (Overpass kumi.systems, 2026-09-25)",
    "source_id": "osm:node/9532030114",
    "lat": 29.10433,
    "lon": 73.32902,
    "inside_range_polygon": false,
    "confidence": "medium (crowd-mapped)",
    "km_to_range_boundary": 22.2,
    "place": "village"
   },
   "geometry": {
    "type": "Point",
    "coordinates": [
     73.32902,
     29.10433
    ]
   }
  },
  {
   "type": "Feature",
   "properties": {
    "name": "2 A-B",
    "alt_names": [],
    "source": "OpenStreetMap (Overpass kumi.systems, 2026-09-25)",
    "source_id": "osm:node/9532030115",
    "lat": 29.12846,
    "lon": 73.31079,
    "inside_range_polygon": false,
    "confidence": "medium (crowd-mapped)",
    "km_to_range_boundary": 25.2,
    "place": "hamlet"
   },
   "geometry": {
    "type": "Point",
    "coordinates": [
     73.31079,
     29.12846
    ]
   }
  },
  {
   "type": "Feature",
   "properties": {
    "name": "63 GB",
    "alt_names": [],
    "source": "OpenStreetMap (Overpass kumi.systems, 2026-09-25)",
    "source_id": "osm:node/9532030116",
    "lat": 29.13798,
    "lon": 73.33231,
    "inside_range_polygon": false,
    "confidence": "medium (crowd-mapped)",
    "km_to_range_boundary": 24.2,
    "place": "village"
   },
   "geometry": {
    "type": "Point",
    "coordinates": [
     73.33231,
     29.13798
    ]
   }
  },
  {
   "type": "Feature",
   "properties": {
    "name": "3 A",
    "alt_names": [],
    "source": "OpenStreetMap (Overpass kumi.systems, 2026-09-25)",
    "source_id": "osm:node/9532062717",
    "lat": 29.14445,
    "lon": 73.31908,
    "inside_range_polygon": false,
    "confidence": "medium (crowd-mapped)",
    "km_to_range_boundary": 25.7,
    "place": "village"
   },
   "geometry": {
    "type": "Point",
    "coordinates": [
     73.31908,
     29.14445
    ]
   }
  },
  {
   "type": "Feature",
   "properties": {
    "name": "1 PGM",
    "alt_names": [],
    "source": "OpenStreetMap (Overpass kumi.systems, 2026-09-25)",
    "source_id": "osm:node/9532062718",
    "lat": 29.14575,
    "lon": 73.30479,
    "inside_range_polygon": false,
    "confidence": "medium (crowd-mapped)",
    "km_to_range_boundary": 26.8,
    "place": "village"
   },
   "geometry": {
    "type": "Point",
    "coordinates": [
     73.30479,
     29.14575
    ]
   }
  },
  {
   "type": "Feature",
   "properties": {
    "name": "3 LM",
    "alt_names": [],
    "source": "OpenStreetMap (Overpass kumi.systems, 2026-09-25)",
    "source_id": "osm:node/9532062719",
    "lat": 29.09975,
    "lon": 73.30479,
    "inside_range_polygon": false,
    "confidence": "medium (crowd-mapped)",
    "km_to_range_boundary": 24.0,
    "place": "village"
   },
   "geometry": {
    "type": "Point",
    "coordinates": [
     73.30479,
     29.09975
    ]
   }
  },
  {
   "type": "Feature",
   "properties": {
    "name": "9 ND-A",
    "alt_names": [],
    "source": "OpenStreetMap (Overpass kumi.systems, 2026-09-25)",
    "source_id": "osm:node/9532062720",
    "lat": 29.08086,
    "lon": 73.29942,
    "inside_range_polygon": false,
    "confidence": "medium (crowd-mapped)",
    "km_to_range_boundary": 23.5,
    "place": "village"
   },
   "geometry": {
    "type": "Point",
    "coordinates": [
     73.29942,
     29.08086
    ]
   }
  },
  {
   "type": "Feature",
   "properties": {
    "name": "5 LM",
    "alt_names": [],
    "source": "OpenStreetMap (Overpass kumi.systems, 2026-09-25)",
    "source_id": "osm:node/9532062721",
    "lat": 29.09191,
    "lon": 73.28102,
    "inside_range_polygon": false,
    "confidence": "medium (crowd-mapped)",
    "km_to_range_boundary": 25.6,
    "place": "hamlet"
   },
   "geometry": {
    "type": "Point",
    "coordinates": [
     73.28102,
     29.09191
    ]
   }
  },
  {
   "type": "Feature",
   "properties": {
    "name": "6 LM -A",
    "alt_names": [],
    "source": "OpenStreetMap (Overpass kumi.systems, 2026-09-25)",
    "source_id": "osm:node/9532062722",
    "lat": 29.09456,
    "lon": 73.2751,
    "inside_range_polygon": false,
    "confidence": "medium (crowd-mapped)",
    "km_to_range_boundary": 26.3,
    "place": "hamlet"
   },
   "geometry": {
    "type": "Point",
    "coordinates": [
     73.2751,
     29.09456
    ]
   }
  },
  {
   "type": "Feature",
   "properties": {
    "name": "11 A-A",
    "alt_names": [],
    "source": "OpenStreetMap (Overpass kumi.systems, 2026-09-25)",
    "source_id": "osm:node/9532062723",
    "lat": 29.12295,
    "lon": 73.24937,
    "inside_range_polygon": false,
    "confidence": "medium (crowd-mapped)",
    "km_to_range_boundary": 29.9,
    "place": "village"
   },
   "geometry": {
    "type": "Point",
    "coordinates": [
     73.24937,
     29.12295
    ]
   }
  },
  {
   "type": "Feature",
   "properties": {
    "name": "4 LM",
    "alt_names": [],
    "source": "OpenStreetMap (Overpass kumi.systems, 2026-09-25)",
    "source_id": "osm:node/9532062724",
    "lat": 29.11139,
    "lon": 73.2743,
    "inside_range_polygon": false,
    "confidence": "medium (crowd-mapped)",
    "km_to_range_boundary": 27.2,
    "place": "village"
   },
   "geometry": {
    "type": "Point",
    "coordinates": [
     73.2743,
     29.11139
    ]
   }
  },
  {
   "type": "Feature",
   "properties": {
    "name": "8 LM -A",
    "alt_names": [],
    "source": "OpenStreetMap (Overpass kumi.systems, 2026-09-25)",
    "source_id": "osm:node/9532062725",
    "lat": 29.10039,
    "lon": 73.26453,
    "inside_range_polygon": false,
    "confidence": "medium (crowd-mapped)",
    "km_to_range_boundary": 27.5,
    "place": "village"
   },
   "geometry": {
    "type": "Point",
    "coordinates": [
     73.26453,
     29.10039
    ]
   }
  },
  {
   "type": "Feature",
   "properties": {
    "name": "6 LM -B",
    "alt_names": [],
    "source": "OpenStreetMap (Overpass kumi.systems, 2026-09-25)",
    "source_id": "osm:node/9532062726",
    "lat": 29.08979,
    "lon": 73.26456,
    "inside_range_polygon": false,
    "confidence": "medium (crowd-mapped)",
    "km_to_range_boundary": 27.0,
    "place": "hamlet"
   },
   "geometry": {
    "type": "Point",
    "coordinates": [
     73.26456,
     29.08979
    ]
   }
  },
  {
   "type": "Feature",
   "properties": {
    "name": "12 LM",
    "alt_names": [],
    "source": "OpenStreetMap (Overpass kumi.systems, 2026-09-25)",
    "source_id": "osm:node/9532062727",
    "lat": 29.07741,
    "lon": 73.25794,
    "inside_range_polygon": false,
    "confidence": "medium (crowd-mapped)",
    "km_to_range_boundary": 26.8,
    "place": "hamlet"
   },
   "geometry": {
    "type": "Point",
    "coordinates": [
     73.25794,
     29.07741
    ]
   }
  },
  {
   "type": "Feature",
   "properties": {
    "name": "1 NSM",
    "alt_names": [],
    "source": "OpenStreetMap (Overpass kumi.systems, 2026-09-25)",
    "source_id": "osm:node/9532062728",
    "lat": 29.082,
    "lon": 73.26052,
    "inside_range_polygon": false,
    "confidence": "medium (crowd-mapped)",
    "km_to_range_boundary": 27.0,
    "place": "hamlet"
   },
   "geometry": {
    "type": "Point",
    "coordinates": [
     73.26052,
     29.082
    ]
   }
  },
  {
   "type": "Feature",
   "properties": {
    "name": "12 ND",
    "alt_names": [],
    "source": "OpenStreetMap (Overpass kumi.systems, 2026-09-25)",
    "source_id": "osm:node/9532062729",
    "lat": 29.05838,
    "lon": 73.28374,
    "inside_range_polygon": false,
    "confidence": "medium (crowd-mapped)",
    "km_to_range_boundary": 23.6,
    "place": "village"
   },
   "geometry": {
    "type": "Point",
    "coordinates": [
     73.28374,
     29.05838
    ]
   }
  },
  {
   "type": "Feature",
   "properties": {
    "name": "4 NM",
    "alt_names": [],
    "source": "OpenStreetMap (Overpass kumi.systems, 2026-09-25)",
    "source_id": "osm:node/9532062730",
    "lat": 29.02526,
    "lon": 73.27157,
    "inside_range_polygon": false,
    "confidence": "medium (crowd-mapped)",
    "km_to_range_boundary": 22.0,
    "place": "hamlet"
   },
   "geometry": {
    "type": "Point",
    "coordinates": [
     73.27157,
     29.02526
    ]
   }
  },
  {
   "type": "Feature",
   "properties": {
    "name": "17 LM",
    "alt_names": [],
    "source": "OpenStreetMap (Overpass kumi.systems, 2026-09-25)",
    "source_id": "osm:node/9532062731",
    "lat": 29.04806,
    "lon": 73.24626,
    "inside_range_polygon": false,
    "confidence": "medium (crowd-mapped)",
    "km_to_range_boundary": 25.5,
    "place": "village"
   },
   "geometry": {
    "type": "Point",
    "coordinates": [
     73.24626,
     29.04806
    ]
   }
  },
  {
   "type": "Feature",
   "properties": {
    "name": "15 LM",
    "alt_names": [],
    "source": "OpenStreetMap (Overpass kumi.systems, 2026-09-25)",
    "source_id": "osm:node/9532062732",
    "lat": 29.06526,
    "lon": 73.23352,
    "inside_range_polygon": false,
    "confidence": "medium (crowd-mapped)",
    "km_to_range_boundary": 27.6,
    "place": "village"
   },
   "geometry": {
    "type": "Point",
    "coordinates": [
     73.23352,
     29.06526
    ]
   }
  },
  {
   "type": "Feature",
   "properties": {
    "name": "11 LM",
    "alt_names": [],
    "source": "OpenStreetMap (Overpass kumi.systems, 2026-09-25)",
    "source_id": "osm:node/9532062733",
    "lat": 29.0838,
    "lon": 73.24173,
    "inside_range_polygon": false,
    "confidence": "medium (crowd-mapped)",
    "km_to_range_boundary": 28.4,
    "place": "village"
   },
   "geometry": {
    "type": "Point",
    "coordinates": [
     73.24173,
     29.0838
    ]
   }
  },
  {
   "type": "Feature",
   "properties": {
    "name": "9 LM-B",
    "alt_names": [],
    "source": "OpenStreetMap (Overpass kumi.systems, 2026-09-25)",
    "source_id": "osm:node/9532062734",
    "lat": 29.10535,
    "lon": 73.24679,
    "inside_range_polygon": false,
    "confidence": "medium (crowd-mapped)",
    "km_to_range_boundary": 29.3,
    "place": "village"
   },
   "geometry": {
    "type": "Point",
    "coordinates": [
     73.24679,
     29.10535
    ]
   }
  },
  {
   "type": "Feature",
   "properties": {
    "name": "5 A-B",
    "alt_names": [],
    "source": "OpenStreetMap (Overpass kumi.systems, 2026-09-25)",
    "source_id": "osm:node/9532062735",
    "lat": 29.13396,
    "lon": 73.28705,
    "inside_range_polygon": false,
    "confidence": "medium (crowd-mapped)",
    "km_to_range_boundary": 27.4,
    "place": "village"
   },
   "geometry": {
    "type": "Point",
    "coordinates": [
     73.28705,
     29.13396
    ]
   }
  },
  {
   "type": "Feature",
   "properties": {
    "name": "9 A",
    "alt_names": [],
    "source": "OpenStreetMap (Overpass kumi.systems, 2026-09-25)",
    "source_id": "osm:node/9532062736",
    "lat": 29.14826,
    "lon": 73.25953,
    "inside_range_polygon": false,
    "confidence": "medium (crowd-mapped)",
    "km_to_range_boundary": 30.5,
    "place": "village"
   },
   "geometry": {
    "type": "Point",
    "coordinates": [
     73.25953,
     29.14826
    ]
   }
  },
  {
   "type": "Feature",
   "properties": {
    "name": "79.200 RDL",
    "alt_names": [],
    "source": "OpenStreetMap (Overpass kumi.systems, 2026-09-25)",
    "source_id": "osm:node/9532245338",
    "lat": 29.01461,
    "lon": 73.84666,
    "inside_range_polygon": false,
    "confidence": "medium (crowd-mapped)",
    "km_to_range_boundary": 5.6,
    "place": "hamlet"
   },
   "geometry": {
    "type": "Point",
    "coordinates": [
     73.84666,
     29.01461
    ]
   }
  },
  {
   "type": "Feature",
   "properties": {
    "name": "85 300 RDL",
    "alt_names": [],
    "source": "OpenStreetMap (Overpass kumi.systems, 2026-09-25)",
    "source_id": "osm:node/9532245339",
    "lat": 28.99525,
    "lon": 73.85454,
    "inside_range_polygon": false,
    "confidence": "medium (crowd-mapped)",
    "km_to_range_boundary": 5.6,
    "place": "hamlet"
   },
   "geometry": {
    "type": "Point",
    "coordinates": [
     73.85454,
     28.99525
    ]
   }
  },
  {
   "type": "Feature",
   "properties": {
    "name": "92.600 RDR",
    "alt_names": [],
    "source": "OpenStreetMap (Overpass kumi.systems, 2026-09-25)",
    "source_id": "osm:node/9532245340",
    "lat": 28.9785,
    "lon": 73.8534,
    "inside_range_polygon": false,
    "confidence": "medium (crowd-mapped)",
    "km_to_range_boundary": 5.5,
    "place": "hamlet"
   },
   "geometry": {
    "type": "Point",
    "coordinates": [
     73.8534,
     28.9785
    ]
   }
  },
  {
   "type": "Feature",
   "properties": {
    "name": "Takhatpura",
    "alt_names": [],
    "source": "OpenStreetMap (Overpass kumi.systems, 2026-09-25)",
    "source_id": "osm:node/9532245341",
    "lat": 28.9909,
    "lon": 73.40798,
    "inside_range_polygon": false,
    "confidence": "medium (crowd-mapped)",
    "km_to_range_boundary": 10.6,
    "place": "village"
   },
   "geometry": {
    "type": "Point",
    "coordinates": [
     73.40798,
     28.9909
    ]
   }
  },
  {
   "type": "Feature",
   "properties": {
    "name": "Sherpura",
    "alt_names": [],
    "source": "OpenStreetMap (Overpass kumi.systems, 2026-09-25)",
    "source_id": "osm:node/9532245342",
    "lat": 28.9461,
    "lon": 73.34541,
    "inside_range_polygon": false,
    "confidence": "medium (crowd-mapped)",
    "km_to_range_boundary": 11.2,
    "place": "village"
   },
   "geometry": {
    "type": "Point",
    "coordinates": [
     73.34541,
     28.9461
    ]
   }
  },
  {
   "type": "Feature",
   "properties": {
    "name": "7 Sld",
    "alt_names": [],
    "source": "OpenStreetMap (Overpass kumi.systems, 2026-09-25)",
    "source_id": "osm:node/9532245343",
    "lat": 28.91318,
    "lon": 73.32005,
    "inside_range_polygon": false,
    "confidence": "medium (crowd-mapped)",
    "km_to_range_boundary": 11.2,
    "place": "hamlet"
   },
   "geometry": {
    "type": "Point",
    "coordinates": [
     73.32005,
     28.91318
    ]
   }
  },
  {
   "type": "Feature",
   "properties": {
    "name": "Gabna @ Lalanwali",
    "alt_names": [],
    "source": "OpenStreetMap (Overpass kumi.systems, 2026-09-25)",
    "source_id": "osm:node/9532245344",
    "lat": 28.91956,
    "lon": 73.27813,
    "inside_range_polygon": false,
    "confidence": "medium (crowd-mapped)",
    "km_to_range_boundary": 14.5,
    "place": "hamlet"
   },
   "geometry": {
    "type": "Point",
    "coordinates": [
     73.27813,
     28.91956
    ]
   }
  },
  {
   "type": "Feature",
   "properties": {
    "name": "18 LM",
    "alt_names": [],
    "source": "OpenStreetMap (Overpass kumi.systems, 2026-09-25)",
    "source_id": "osm:node/9532245345",
    "lat": 29.02114,
    "lon": 73.24075,
    "inside_range_polygon": false,
    "confidence": "medium (crowd-mapped)",
    "km_to_range_boundary": 24.1,
    "place": "village"
   },
   "geometry": {
    "type": "Point",
    "coordinates": [
     73.24075,
     29.02114
    ]
   }
  },
  {
   "type": "Feature",
   "properties": {
    "name": "7 JM",
    "alt_names": [],
    "source": "OpenStreetMap (Overpass kumi.systems, 2026-09-25)",
    "source_id": "osm:node/9532245346",
    "lat": 29.0189,
    "lon": 73.20087,
    "inside_range_polygon": false,
    "confidence": "medium (crowd-mapped)",
    "km_to_range_boundary": 27.4,
    "place": "hamlet"
   },
   "geometry": {
    "type": "Point",
    "coordinates": [
     73.20087,
     29.0189
    ]
   }
  },
  {
   "type": "Feature",
   "properties": {
    "name": "6 ZWM",
    "alt_names": [],
    "source": "OpenStreetMap (Overpass kumi.systems, 2026-09-25)",
    "source_id": "osm:node/9532245347",
    "lat": 28.9132,
    "lon": 73.20367,
    "inside_range_polygon": false,
    "confidence": "medium (crowd-mapped)",
    "km_to_range_boundary": 20.3,
    "place": "village"
   },
   "geometry": {
    "type": "Point",
    "coordinates": [
     73.20367,
     28.9132
    ]
   }
  },
  {
   "type": "Feature",
   "properties": {
    "name": "Ramnagar",
    "alt_names": [
     "رام نگر"
    ],
    "source": "OpenStreetMap (Overpass kumi.systems, 2026-09-25)",
    "source_id": "osm:node/9532316570",
    "lat": 28.80482,
    "lon": 73.38412,
    "inside_range_polygon": false,
    "confidence": "medium (crowd-mapped)",
    "km_to_range_boundary": 1.4,
    "place": "village"
   },
   "geometry": {
    "type": "Point",
    "coordinates": [
     73.38412,
     28.80482
    ]
   }
  },
  {
   "type": "Feature",
   "properties": {
    "name": "10 Gm",
    "alt_names": [],
    "source": "OpenStreetMap (Overpass kumi.systems, 2026-09-25)",
    "source_id": "osm:node/9532316571",
    "lat": 28.84705,
    "lon": 73.23355,
    "inside_range_polygon": false,
    "confidence": "medium (crowd-mapped)",
    "km_to_range_boundary": 15.4,
    "place": "hamlet"
   },
   "geometry": {
    "type": "Point",
    "coordinates": [
     73.23355,
     28.84705
    ]
   }
  },
  {
   "type": "Feature",
   "properties": {
    "name": "Gheghara",
    "alt_names": [],
    "source": "OpenStreetMap (Overpass kumi.systems, 2026-09-25)",
    "source_id": "osm:node/9532316572",
    "lat": 28.82313,
    "lon": 73.25217,
    "inside_range_polygon": false,
    "confidence": "medium (crowd-mapped)",
    "km_to_range_boundary": 13.4,
    "place": "hamlet"
   },
   "geometry": {
    "type": "Point",
    "coordinates": [
     73.25217,
     28.82313
    ]
   }
  },
  {
   "type": "Feature",
   "properties": {
    "name": "Beer Sangreu",
    "alt_names": [],
    "source": "OpenStreetMap (Overpass kumi.systems, 2026-09-25)",
    "source_id": "osm:node/9532418578",
    "lat": 28.70231,
    "lon": 73.87364,
    "inside_range_polygon": false,
    "confidence": "medium (crowd-mapped)",
    "km_to_range_boundary": 15.6,
    "place": "hamlet"
   },
   "geometry": {
    "type": "Point",
    "coordinates": [
     73.87364,
     28.70231
    ]
   }
  },
  {
   "type": "Feature",
   "properties": {
    "name": "18 Mkd",
    "alt_names": [],
    "source": "OpenStreetMap (Overpass kumi.systems, 2026-09-25)",
    "source_id": "osm:node/9532451332",
    "lat": 28.70723,
    "lon": 73.92992,
    "inside_range_polygon": false,
    "confidence": "medium (crowd-mapped)",
    "km_to_range_boundary": 21.0,
    "place": "hamlet"
   },
   "geometry": {
    "type": "Point",
    "coordinates": [
     73.92992,
     28.70723
    ]
   }
  },
  {
   "type": "Feature",
   "properties": {
    "name": "RD 247.800",
    "alt_names": [],
    "source": "OpenStreetMap (Overpass kumi.systems, 2026-09-25)",
    "source_id": "osm:node/9532451333",
    "lat": 28.58352,
    "lon": 73.84066,
    "inside_range_polygon": false,
    "confidence": "medium (crowd-mapped)",
    "km_to_range_boundary": 17.7,
    "place": "hamlet"
   },
   "geometry": {
    "type": "Point",
    "coordinates": [
     73.84066,
     28.58352
    ]
   }
  },
  {
   "type": "Feature",
   "properties": {
    "name": "Rawalpura",
    "alt_names": [],
    "source": "OpenStreetMap (Overpass kumi.systems, 2026-09-25)",
    "source_id": "osm:node/9532451334",
    "lat": 28.56022,
    "lon": 73.2088,
    "inside_range_polygon": false,
    "confidence": "medium (crowd-mapped)",
    "km_to_range_boundary": 9.7,
    "place": "hamlet"
   },
   "geometry": {
    "type": "Point",
    "coordinates": [
     73.2088,
     28.56022
    ]
   }
  },
  {
   "type": "Feature",
   "properties": {
    "name": "2 DOA",
    "alt_names": [],
    "source": "OpenStreetMap (Overpass kumi.systems, 2026-09-25)",
    "source_id": "osm:node/9708684945",
    "lat": 29.0118,
    "lon": 73.51532,
    "inside_range_polygon": false,
    "confidence": "medium (crowd-mapped)",
    "km_to_range_boundary": 2.0,
    "place": "hamlet"
   },
   "geometry": {
    "type": "Point",
    "coordinates": [
     73.51532,
     29.0118
    ]
   }
  },
  {
   "type": "Feature",
   "properties": {
    "name": "10 AS",
    "alt_names": [],
    "source": "OpenStreetMap (Overpass kumi.systems, 2026-09-25)",
    "source_id": "osm:node/9708684946",
    "lat": 29.13721,
    "lon": 73.45208,
    "inside_range_polygon": false,
    "confidence": "medium (crowd-mapped)",
    "km_to_range_boundary": 16.8,
    "place": "hamlet"
   },
   "geometry": {
    "type": "Point",
    "coordinates": [
     73.45208,
     29.13721
    ]
   }
  },
  {
   "type": "Feature",
   "properties": {
    "name": "2 SSM",
    "alt_names": [],
    "source": "OpenStreetMap (Overpass kumi.systems, 2026-09-25)",
    "source_id": "osm:node/9708697882",
    "lat": 28.96954,
    "lon": 73.31473,
    "inside_range_polygon": false,
    "confidence": "medium (crowd-mapped)",
    "km_to_range_boundary": 15.0,
    "place": "hamlet"
   },
   "geometry": {
    "type": "Point",
    "coordinates": [
     73.31473,
     28.96954
    ]
   }
  },
  {
   "type": "Feature",
   "properties": {
    "name": "8 SM",
    "alt_names": [],
    "source": "OpenStreetMap (Overpass kumi.systems, 2026-09-25)",
    "source_id": "osm:node/9708697901",
    "lat": 28.94263,
    "lon": 73.27121,
    "inside_range_polygon": false,
    "confidence": "medium (crowd-mapped)",
    "km_to_range_boundary": 16.7,
    "place": "hamlet"
   },
   "geometry": {
    "type": "Point",
    "coordinates": [
     73.27121,
     28.94263
    ]
   }
  },
  {
   "type": "Feature",
   "properties": {
    "name": "10 SM",
    "alt_names": [],
    "source": "OpenStreetMap (Overpass kumi.systems, 2026-09-25)",
    "source_id": "osm:node/9708697902",
    "lat": 28.94565,
    "lon": 73.24332,
    "inside_range_polygon": false,
    "confidence": "medium (crowd-mapped)",
    "km_to_range_boundary": 19.0,
    "place": "hamlet"
   },
   "geometry": {
    "type": "Point",
    "coordinates": [
     73.24332,
     28.94565
    ]
   }
  },
  {
   "type": "Feature",
   "properties": {
    "name": "12 A-B",
    "alt_names": [],
    "source": "OpenStreetMap (Overpass kumi.systems, 2026-09-25)",
    "source_id": "osm:node/9708697907",
    "lat": 29.13717,
    "lon": 73.23272,
    "inside_range_polygon": false,
    "confidence": "medium (crowd-mapped)",
    "km_to_range_boundary": 32.1,
    "place": "village"
   },
   "geometry": {
    "type": "Point",
    "coordinates": [
     73.23272,
     29.13717
    ]
   }
  },
  {
   "type": "Feature",
   "properties": {
    "name": "1 GPM",
    "alt_names": [],
    "source": "OpenStreetMap (Overpass kumi.systems, 2026-09-25)",
    "source_id": "osm:node/9708716368",
    "lat": 29.09928,
    "lon": 73.64739,
    "inside_range_polygon": false,
    "confidence": "medium (crowd-mapped)",
    "km_to_range_boundary": 7.3,
    "place": "hamlet"
   },
   "geometry": {
    "type": "Point",
    "coordinates": [
     73.64739,
     29.09928
    ]
   }
  },
  {
   "type": "Feature",
   "properties": {
    "name": "4 RJM",
    "alt_names": [],
    "source": "OpenStreetMap (Overpass kumi.systems, 2026-09-25)",
    "source_id": "osm:node/9708716369",
    "lat": 29.07107,
    "lon": 73.63772,
    "inside_range_polygon": false,
    "confidence": "medium (crowd-mapped)",
    "km_to_range_boundary": 4.1,
    "place": "hamlet"
   },
   "geometry": {
    "type": "Point",
    "coordinates": [
     73.63772,
     29.07107
    ]
   }
  },
  {
   "type": "Feature",
   "properties": {
    "name": "2 BMM",
    "alt_names": [],
    "source": "OpenStreetMap (Overpass kumi.systems, 2026-09-25)",
    "source_id": "osm:node/9708716370",
    "lat": 29.14819,
    "lon": 73.70611,
    "inside_range_polygon": false,
    "confidence": "medium (crowd-mapped)",
    "km_to_range_boundary": 12.6,
    "place": "hamlet"
   },
   "geometry": {
    "type": "Point",
    "coordinates": [
     73.70611,
     29.14819
    ]
   }
  },
  {
   "type": "Feature",
   "properties": {
    "name": "Tejana",
    "alt_names": [],
    "source": "OpenStreetMap (Overpass kumi.systems, 2026-09-25)",
    "source_id": "osm:node/9708809940",
    "lat": 28.62141,
    "lon": 73.78289,
    "inside_range_polygon": false,
    "confidence": "medium (crowd-mapped)",
    "km_to_range_boundary": 10.7,
    "place": "hamlet"
   },
   "geometry": {
    "type": "Point",
    "coordinates": [
     73.78289,
     28.62141
    ]
   }
  },
  {
   "type": "Feature",
   "properties": {
    "name": "Jakharwala",
    "alt_names": [
     "जाखड़वाला"
    ],
    "source": "OpenStreetMap (Overpass kumi.systems, 2026-09-25)",
    "source_id": "osm:node/9776924286",
    "lat": 28.4602,
    "lon": 73.67822,
    "inside_range_polygon": false,
    "confidence": "medium (crowd-mapped)",
    "km_to_range_boundary": 19.3,
    "place": "village"
   },
   "geometry": {
    "type": "Point",
    "coordinates": [
     73.67822,
     28.4602
    ]
   }
  },
  {
   "type": "Feature",
   "properties": {
    "name": "Kishnovyas ki Dhani",
    "alt_names": [],
    "source": "OpenStreetMap (Overpass kumi.systems, 2026-09-25)",
    "source_id": "osm:node/10139722664",
    "lat": 28.79075,
    "lon": 73.29608,
    "inside_range_polygon": false,
    "confidence": "medium (crowd-mapped)",
    "km_to_range_boundary": 7.8,
    "place": "hamlet"
   },
   "geometry": {
    "type": "Point",
    "coordinates": [
     73.29608,
     28.79075
    ]
   }
  },
  {
   "type": "Feature",
   "properties": {
    "name": "Maler Tala",
    "alt_names": [],
    "source": "OpenStreetMap (Overpass kumi.systems, 2026-09-25)",
    "source_id": "osm:node/10139722665",
    "lat": 28.7105,
    "lon": 73.21253,
    "inside_range_polygon": false,
    "confidence": "medium (crowd-mapped)",
    "km_to_range_boundary": 10.3,
    "place": "hamlet"
   },
   "geometry": {
    "type": "Point",
    "coordinates": [
     73.21253,
     28.7105
    ]
   }
  },
  {
   "type": "Feature",
   "properties": {
    "name": "9 DOL",
    "alt_names": [],
    "source": "OpenStreetMap (Overpass kumi.systems, 2026-09-25)",
    "source_id": "osm:node/10139722666",
    "lat": 28.72323,
    "lon": 73.2136,
    "inside_range_polygon": false,
    "confidence": "medium (crowd-mapped)",
    "km_to_range_boundary": 11.2,
    "place": "hamlet"
   },
   "geometry": {
    "type": "Point",
    "coordinates": [
     73.2136,
     28.72323
    ]
   }
  },
  {
   "type": "Feature",
   "properties": {
    "name": "8 DOL",
    "alt_names": [],
    "source": "OpenStreetMap (Overpass kumi.systems, 2026-09-25)",
    "source_id": "osm:node/10139722667",
    "lat": 28.73782,
    "lon": 73.2407,
    "inside_range_polygon": false,
    "confidence": "medium (crowd-mapped)",
    "km_to_range_boundary": 10.8,
    "place": "hamlet"
   },
   "geometry": {
    "type": "Point",
    "coordinates": [
     73.2407,
     28.73782
    ]
   }
  },
  {
   "type": "Feature",
   "properties": {
    "name": "1 RJD(B)",
    "alt_names": [],
    "source": "OpenStreetMap (Overpass kumi.systems, 2026-09-25)",
    "source_id": "osm:node/10139722670",
    "lat": 28.77859,
    "lon": 73.22165,
    "inside_range_polygon": false,
    "confidence": "medium (crowd-mapped)",
    "km_to_range_boundary": 13.8,
    "place": "hamlet"
   },
   "geometry": {
    "type": "Point",
    "coordinates": [
     73.22165,
     28.77859
    ]
   }
  },
  {
   "type": "Feature",
   "properties": {
    "name": "4 GM",
    "alt_names": [],
    "source": "OpenStreetMap (Overpass kumi.systems, 2026-09-25)",
    "source_id": "osm:node/10139722684",
    "lat": 28.83898,
    "lon": 73.28437,
    "inside_range_polygon": false,
    "confidence": "medium (crowd-mapped)",
    "km_to_range_boundary": 10.4,
    "place": "hamlet"
   },
   "geometry": {
    "type": "Point",
    "coordinates": [
     73.28437,
     28.83898
    ]
   }
  },
  {
   "type": "Feature",
   "properties": {
    "name": "5 GM",
    "alt_names": [],
    "source": "OpenStreetMap (Overpass kumi.systems, 2026-09-25)",
    "source_id": "osm:node/10139722685",
    "lat": 28.86606,
    "lon": 73.28392,
    "inside_range_polygon": false,
    "confidence": "medium (crowd-mapped)",
    "km_to_range_boundary": 11.0,
    "place": "hamlet"
   },
   "geometry": {
    "type": "Point",
    "coordinates": [
     73.28392,
     28.86606
    ]
   }
  },
  {
   "type": "Feature",
   "properties": {
    "name": "3 ZWM(A)",
    "alt_names": [],
    "source": "OpenStreetMap (Overpass kumi.systems, 2026-09-25)",
    "source_id": "osm:node/10139722686",
    "lat": 28.90281,
    "lon": 73.22817,
    "inside_range_polygon": false,
    "confidence": "medium (crowd-mapped)",
    "km_to_range_boundary": 17.6,
    "place": "hamlet"
   },
   "geometry": {
    "type": "Point",
    "coordinates": [
     73.22817,
     28.90281
    ]
   }
  },
  {
   "type": "Feature",
   "properties": {
    "name": "12 SLD",
    "alt_names": [],
    "source": "OpenStreetMap (Overpass kumi.systems, 2026-09-25)",
    "source_id": "osm:node/10139722687",
    "lat": 28.88778,
    "lon": 73.23795,
    "inside_range_polygon": false,
    "confidence": "medium (crowd-mapped)",
    "km_to_range_boundary": 16.1,
    "place": "hamlet"
   },
   "geometry": {
    "type": "Point",
    "coordinates": [
     73.23795,
     28.88778
    ]
   }
  },
  {
   "type": "Feature",
   "properties": {
    "name": "Chak Jaswantsar",
    "alt_names": [],
    "source": "OpenStreetMap (Overpass kumi.systems, 2026-09-25)",
    "source_id": "osm:node/10140201032",
    "lat": 28.92005,
    "lon": 73.84395,
    "inside_range_polygon": false,
    "confidence": "medium (crowd-mapped)",
    "km_to_range_boundary": 6.6,
    "place": "hamlet"
   },
   "geometry": {
    "type": "Point",
    "coordinates": [
     73.84395,
     28.92005
    ]
   }
  },
  {
   "type": "Feature",
   "properties": {
    "name": "Naya Chak Jhor",
    "alt_names": [],
    "source": "OpenStreetMap (Overpass kumi.systems, 2026-09-25)",
    "source_id": "osm:node/10140201033",
    "lat": 28.95876,
    "lon": 73.80572,
    "inside_range_polygon": false,
    "confidence": "medium (crowd-mapped)",
    "km_to_range_boundary": 1.7,
    "place": "hamlet"
   },
   "geometry": {
    "type": "Point",
    "coordinates": [
     73.80572,
     28.95876
    ]
   }
  },
  {
   "type": "Feature",
   "properties": {
    "name": "Bhangrala ki Dhani",
    "alt_names": [],
    "source": "OpenStreetMap (Overpass kumi.systems, 2026-09-25)",
    "source_id": "osm:node/10140230827",
    "lat": 28.59127,
    "lon": 73.22712,
    "inside_range_polygon": false,
    "confidence": "medium (crowd-mapped)",
    "km_to_range_boundary": 7.0,
    "place": "hamlet"
   },
   "geometry": {
    "type": "Point",
    "coordinates": [
     73.22712,
     28.59127
    ]
   }
  },
  {
   "type": "Feature",
   "properties": {
    "name": "Choudhary colony",
    "alt_names": [
     "चौधरी कॉलोनी"
    ],
    "source": "OpenStreetMap (Overpass kumi.systems, 2026-09-25)",
    "source_id": "osm:node/12795614608",
    "lat": 28.48986,
    "lon": 73.74453,
    "inside_range_polygon": false,
    "confidence": "medium (crowd-mapped)",
    "km_to_range_boundary": 19.6,
    "place": "hamlet"
   },
   "geometry": {
    "type": "Point",
    "coordinates": [
     73.74453,
     28.48986
    ]
   }
  },
  {
   "type": "Feature",
   "properties": {
    "name": "Nathwana Station",
    "alt_names": [
     "नाथवाना स्टेशन"
    ],
    "source": "OpenStreetMap (Overpass kumi.systems, 2026-09-25)",
    "source_id": "osm:node/13208000513",
    "lat": 28.5656,
    "lon": 73.81708,
    "inside_range_polygon": false,
    "confidence": "medium (crowd-mapped)",
    "km_to_range_boundary": 17.5,
    "place": "village"
   },
   "geometry": {
    "type": "Point",
    "coordinates": [
     73.81708,
     28.5656
    ]
   }
  },
  {
   "type": "Feature",
   "properties": {
    "name": "Udana",
    "alt_names": [
     "उदाणा"
    ],
    "source": "OpenStreetMap (Overpass kumi.systems, 2026-09-25)",
    "source_id": "osm:node/13227545607",
    "lat": 28.56745,
    "lon": 73.78665,
    "inside_range_polygon": false,
    "confidence": "medium (crowd-mapped)",
    "km_to_range_boundary": 15.7,
    "place": "village"
   },
   "geometry": {
    "type": "Point",
    "coordinates": [
     73.78665,
     28.56745
    ]
   }
  },
  {
   "type": "Feature",
   "properties": {
    "name": "Choudhary Colony",
    "alt_names": [
     "चौधरी कॉलोनी"
    ],
    "source": "OpenStreetMap (Overpass kumi.systems, 2026-09-25)",
    "source_id": "osm:way/1382069520",
    "lat": 28.49597,
    "lon": 73.75421,
    "inside_range_polygon": false,
    "confidence": "medium (crowd-mapped)",
    "km_to_range_boundary": 19.7,
    "place": "city"
   },
   "geometry": {
    "type": "Point",
    "coordinates": [
     73.75421,
     28.49597
    ]
   }
  },
  {
   "type": "Feature",
   "properties": {
    "name": "Rajiyasar railway station",
    "alt_names": [
     "रजियासर रेलवे स्टेशन"
    ],
    "source": "Wikidata",
    "source_id": "wikidata:Q63357586",
    "lat": 29.06749,
    "lon": 73.84216,
    "inside_range_polygon": false,
    "confidence": "high",
    "km_to_range_boundary": 9.1
   },
   "geometry": {
    "type": "Point",
    "coordinates": [
     73.84216,
     29.06749
    ]
   }
  },
  {
   "type": "Feature",
   "properties": {
    "name": "Mahajan railway station",
    "alt_names": [
     "महाजन रेलवे स्टेशन"
    ],
    "source": "Wikidata",
    "source_id": "wikidata:Q63358080",
    "lat": 28.79301,
    "lon": 73.85367,
    "inside_range_polygon": false,
    "confidence": "high",
    "km_to_range_boundary": 10.5
   },
   "geometry": {
    "type": "Point",
    "coordinates": [
     73.85367,
     28.79301
    ]
   }
  },
  {
   "type": "Feature",
   "properties": {
    "name": "Lunkaransar railway station",
    "alt_names": [
     "लुनकरनसर रेलवे स्टेशन"
    ],
    "source": "Wikidata",
    "source_id": "wikidata:Q63358081",
    "lat": 28.49339,
    "lon": 73.74316,
    "inside_range_polygon": false,
    "confidence": "high",
    "km_to_range_boundary": 19.2
   },
   "geometry": {
    "type": "Point",
    "coordinates": [
     73.74316,
     28.49339
    ]
   }
  },
  {
   "type": "Feature",
   "properties": {
    "name": "Malkisar railway station",
    "alt_names": [
     "मलकिसर रेलवे स्टेशन"
    ],
    "source": "Wikidata",
    "source_id": "wikidata:Q63355312",
    "lat": 28.65423,
    "lon": 73.86265,
    "inside_range_polygon": false,
    "confidence": "high",
    "km_to_range_boundary": 15.8
   },
   "geometry": {
    "type": "Point",
    "coordinates": [
     73.86265,
     28.65423
    ]
   }
  },
  {
   "type": "Feature",
   "properties": {
    "name": "Arjansar railway station",
    "alt_names": [
     "अर्जनसर रेलवे स्टेशन"
    ],
    "source": "Wikidata",
    "source_id": "wikidata:Q63355732",
    "lat": 28.9338,
    "lon": 73.87197,
    "inside_range_polygon": false,
    "confidence": "high",
    "km_to_range_boundary": 8.4
   },
   "geometry": {
    "type": "Point",
    "coordinates": [
     73.87197,
     28.9338
    ]
   }
  },
  {
   "type": "Feature",
   "properties": {
    "name": "Nathwana railway station",
    "alt_names": [
     "नाथवाणा रेलवे स्टेशन"
    ],
    "source": "Wikidata",
    "source_id": "wikidata:Q63356848",
    "lat": 28.56332,
    "lon": 73.8137,
    "inside_range_polygon": false,
    "confidence": "high",
    "km_to_range_boundary": 17.5
   },
   "geometry": {
    "type": "Point",
    "coordinates": [
     73.8137,
     28.56332
    ]
   }
  }
 ]
}