lgd_village_code,name_en,name_local,lgd_subdistrict_code,subdistrict,census2001_code,census2011_code,village_status,gp_code,gp_name,effective_date,last_updated,major_version,last_transaction_desc
69019,Akadeeyawala,,473,Bikaner,00492000,069019,I,294017,Daudsar,2005-01-01,2005-01-01,1,
69020,Lalsar,,473,Bikaner,00492100,069020,I,294017,Daudsar,2005-01-01,2005-01-01,1,
69021,Daudsar,,473,Bikaner,00492200,069021,I,294017,Daudsar,2005-01-01,2005-01-01,1,
69022,Jagdevwala,,473,Bikaner,00492300,069022,I,262121,Dandoosar,2025-05-20,2025-07-25,6,
69023,Dandoosar,,473,Bikaner,00492400,069023,I,262121,Dandoosar,2025-05-20,2025-07-23,6,
69024,Rakba Jalasar,,473,Bikaner,00492500,069024,I,294017,Daudsar,2014-03-24,2014-03-24,2,
69025,Jamsar,,473,Bikaner,00492600,069025,I,36021,Jamsar,2005-01-01,2005-01-01,1,
69026,Jalalsar,,473,Bikaner,00492700,069026,I,262127,Jalalsar,2025-05-20,2025-06-13,2,
69027,Kheenchiya,,473,Bikaner,00492800,069027,I,262127,Jalalsar,2025-05-20,2025-07-10,5,
69028,Khara,,473,Bikaner,00492900,069028,I,36028,Khara,2025-05-20,2025-07-23,7,
69029,Kanasar,,473,Bikaner,00493000,069029,I,36023,Kanasar,2005-01-01,2005-01-01,1,
69030,Rawatsar Kumahiran,,473,Bikaner,00493100,069030,I,36023,Kanasar,2019-01-08,2019-01-08,4,
69031,Sharah Bardi,,473,Bikaner,00493200,069031,I,262122,Sobhasar,2019-01-08,2019-01-08,3,
69032,Sharah Bhauvyas,,473,Bikaner,00493300,069032,I,262122,Sobhasar,2019-01-08,2019-01-08,3,
69033,Bherookheera,,473,Bikaner,00493400,069033,I,262122,Sobhasar,2025-05-20,2025-07-23,10,
69034,Bhairupawa,,473,Bikaner,00493500,069034,I,262124,Badrasar,2025-05-20,2025-07-10,4,
69035,Shobhasar,,473,Bikaner,00493600,069035,I,262122,Sobhasar,2025-07-20,2025-08-01,3,
69036,Sharah Jatan,,473,Bikaner,00493700,069036,I,262122,Sobhasar,2019-01-08,2019-01-08,3,
69037,Nal Badi,,473,Bikaner,00493800,069037,I,36039,Nal Badi,2014-03-24,2014-03-24,2,
69038,Sarah Golparatap Singh,,473,Bikaner,00493900,069038,I,36039,Nal Badi,2014-03-24,2014-03-24,2,
69039,Sharah Sutharan Gopalan,,473,Bikaner,00494000,069039,I,36039,Nal Badi,2005-01-01,2005-01-01,1,
69040,Sarah Sutharan Makdan,,473,Bikaner,00494100,069040,I,36039,Nal Badi,2014-03-24,2014-03-24,2,
69041,Sharah Brahmanan,,473,Bikaner,00494200,069041,I,36039,Nal Badi,2005-01-01,2005-01-01,1,
69042,Sharah Ratani Vyas,,473,Bikaner,00494300,069042,I,36039,Nal Badi,2005-01-01,2005-01-01,1,
69043,Daiya,,473,Bikaner,00494400,069043,I,36039,Nal Badi,2005-01-01,2005-01-01,1,
69044,Nal Chhoti,,473,Bikaner,00494500,069044,I,36039,Nal Badi,2005-01-01,2005-01-01,1,
69045,Basti Chavdan,,473,Bikaner,00494600,069045,I,294014,Bachhasar,2014-03-24,2014-03-24,2,
69046,Sharah Nathaniya,,473,Bikaner,00494700,069046,I,294014,Bachhasar,2014-03-24,2014-03-24,2,
69047,Chak Garbi,चक गरबी,473,Bikaner,00494800,069047,I,36039,Nal Badi,2025-05-20,2026-04-02,4,
69048,Sharah Teliya (Rural),,473,Bikaner,00495100,069048,I,36166,Panchoo,2019-01-08,2019-01-08,3,
69049,Beechhwal,बीछवाल,473,Bikaner,00495600,069049,I,262131,Pemasar,2025-05-20,2026-04-02,7,
69050,Udasar,,473,Bikaner,00495700,069050,I,36056,Udasar,2025-05-20,2025-07-23,6,
69051,Nagasar Sugni,,473,Bikaner,00495800,069051,I,262125,Husangsar,2005-01-01,2005-01-01,1,
69052,Pemasar,,473,Bikaner,00495900,069052,I,262131,Pemasar,2025-05-20,2025-08-07,8,
69053,Nagasar Pawaran,,473,Bikaner,00496000,069053,I,262125,Husangsar,2025-05-20,2025-07-23,4,
69054,Sharah Koojiya,,473,Bikaner,00496100,069054,I,262125,Husangsar,2025-05-20,2025-07-23,4,
69055,Basi Sahajbardan,,473,Bikaner,00496200,069055,I,262125,Husangsar,2025-05-20,2025-07-23,5,
69056,Jagnnathsar,,473,Bikaner,00496300,069056,I,262125,Husangsar,2025-05-20,2025-07-23,6,
69057,Husangsar,,473,Bikaner,00496400,069057,I,262125,Husangsar,2025-05-20,2025-07-23,5,
69058,Gairsar,,473,Bikaner,00496500,069058,I,36036,Malasar,2014-03-24,2014-03-24,2,
69059,Katriasar,,473,Bikaner,00496600,069059,I,36025,Katriasar,2014-03-24,2014-03-24,2,
69060,Dhirera,,473,Bikaner,00496700,069060,I,36048,Runia Bada Bas,2014-03-24,2014-03-24,2,
69061,Molaniya,,473,Bikaner,00496800,069061,I,294015,Molaniya,2005-01-01,2005-01-01,1,
69062,Ladera,,473,Bikaner,00496900,069062,I,36036,Malasar,2005-01-01,2005-01-01,1,
69063,Malasar,,473,Bikaner,00497000,069063,I,36036,Malasar,2005-01-01,2005-01-01,1,
69064,Bandha,,473,Bikaner,00497100,069064,I,294015,Molaniya,2025-05-20,2025-07-23,5,
69065,Karnisar Beekan,,473,Bikaner,00497200,069065,I,294015,Molaniya,2025-05-20,2025-07-23,5,
69066,Runia Badabas,,473,Bikaner,00497300,069066,I,36048,Runia Bada Bas,2014-03-24,2014-03-24,2,
69067,Rupera,,473,Bikaner,00497400,069067,I,36048,Runia Bada Bas,2014-03-24,2014-03-24,2,
69068,Kharda,,473,Bikaner,00497500,069068,I,294010,Kharda,2005-01-01,2005-01-01,1,
69069,Rajera,,473,Bikaner,00497600,069069,I,262129,Rajera,2005-01-01,2005-01-01,1,
69070,Anandpura,,473,Bikaner,00497700,069070,I,262129,Rajera,2005-01-01,2005-01-01,1,
69071,Hemera,,473,Bikaner,00497800,069071,I,262130,Hemera,2005-01-01,2005-01-01,1,
69072,Sherera,,473,Bikaner,00497900,069072,I,36050,Sherera,2014-03-24,2014-03-24,2,
69073,Sharah Bedana,,473,Bikaner,00498000,069073,I,36018,Gusainsar,2005-01-01,2005-01-01,1,
69074,Asera,,473,Bikaner,00498100,069074,I,36050,Sherera,2005-01-01,2005-01-01,1,
69075,Bhojera,,473,Bikaner,00498200,069075,I,262130,Hemera,2005-01-01,2005-01-01,1,
69076,Ranisar,,473,Bikaner,00498300,069076,I,36050,Sherera,2005-01-01,2005-01-01,1,
69077,Bambloo,,473,Bikaner,00498400,069077,I,36008,Bambloo,2005-01-01,2005-01-01,1,
69078,Panpalsar,,473,Bikaner,00498500,069078,I,36008,Bambloo,2025-05-20,2025-06-27,4,
69079,Sharah Acharjan,,473,Bikaner,00498600,069079,I,36008,Bambloo,2005-01-01,2005-01-01,1,
69080,Raisar,,473,Bikaner,00498700,069080,I,294011,Raisar,2005-01-01,2005-01-01,1,
69081,Himmtasar,,473,Bikaner,00498800,069081,I,294011,Raisar,2014-03-24,2014-03-24,2,
69082,Neno Ka Bas,,473,Bikaner,00498900,069082,I,36047,Ridmalsar Purohitan,2014-03-24,2014-03-24,2,
69083,Ridmalsar Purohitan,,473,Bikaner,00499000,069083,I,36047,Ridmalsar Purohitan,2025-05-20,2025-06-24,3,
69084,Sharah Kajani,,473,Bikaner,00499100,069084,I,36047,Ridmalsar Purohitan,2005-01-01,2005-01-01,1,
69085,Ridmalsar Sipahiyan,,473,Bikaner,00499300,069085,I,36047,Ridmalsar Purohitan,2005-01-01,2005-01-01,1,
69086,Jodbeed,,473,Bikaner,00499400,069086,I,36015,Gadhwala,2014-03-24,2014-03-24,2,
69087,Udai Ramsar,,473,Bikaner,00499500,069087,I,36057,Udairamsar,2005-01-01,2005-01-01,1,
69088,Swaroopdesar,,473,Bikaner,00499600,069088,I,262128,Swaroopdesar,2014-03-24,2014-03-24,2,
69089,Bachhasar,,473,Bikaner,00499700,069089,I,294014,Bachhasar,2005-01-01,2005-01-01,1,
69090,Kolasar,,473,Bikaner,00499800,069090,I,36031,Kolasar,2005-01-01,2005-01-01,1,
69091,Meghasar,,473,Bikaner,00499900,069091,I,294991,Meghasar,2005-01-01,2005-01-01,1,
69092,Bhojusar,,473,Bikaner,00500000,069092,I,294991,Meghasar,2014-03-24,2014-03-24,2,
69093,Lalamdesar,,473,Bikaner,00500100,069093,I,36033,Lalamdesar,2005-01-01,2005-01-01,1,
69094,Basi,,473,Bikaner,00500200,069094,I,36009,Barsingsar,2005-01-01,2005-01-01,1,
69095,Barsingsar,,473,Bikaner,00500300,069095,I,36009,Barsingsar,2005-01-01,2005-01-01,1,
69096,Deshnok,देशनोक,473,Bikaner,00500400,069096,I,295016,Geegasar,2005-01-01,2026-04-02,1,
69097,Palana,,473,Bikaner,00500500,069097,I,36044,Palana,2005-01-01,2005-01-01,1,
69098,Sujasar,,473,Bikaner,00500600,069098,I,36005,Ambasar,2005-01-01,2005-01-01,1,
69099,Ambasar,,473,Bikaner,00500700,069099,I,36005,Ambasar,2005-01-01,2005-01-01,1,
69100,Surdhana Padiharan,,473,Bikaner,00500800,069100,I,294006,Surdhana Chouhanan,2005-01-01,2005-01-01,1,
69101,Surdhana Chouhanan,,473,Bikaner,00500900,069101,I,294006,Surdhana Chouhanan,2014-03-24,2014-03-24,2,
69102,Geegasar,,473,Bikaner,00501000,069102,I,295016,Geegasar,2005-01-01,2005-01-01,1,
69103,Kesar Desar Gangaguran,,473,Bikaner,00501100,069103,I,36027,Keserdesar Jatan,2005-01-01,2005-01-01,1,
69104,Kesar Desar Jatan,,473,Bikaner,00501200,069104,I,36027,Keserdesar Jatan,2005-01-01,2005-01-01,1,
69105,Kesar Desar Bohran,,473,Bikaner,00501300,069105,I,36027,Keserdesar Jatan,2014-03-24,2014-03-24,2,
69106,Kilchu Sahlotan,,473,Bikaner,00501400,069106,I,36030,Kilchu Deveran,2014-03-24,2014-03-24,2,
69107,Kilchu Devran,,473,Bikaner,00501500,069107,I,36030,Kilchu Deveran,2014-03-24,2014-03-24,2,
69108,Kalyansar Bara,,473,Bikaner,00501600,069108,I,294008,Kalayansar Agoona,2005-01-01,2005-01-01,1,
69109,Kalyansar Utrada,,473,Bikaner,00501700,069109,I,294008,Kalayansar Agoona,2005-01-01,2005-01-01,1,
69110,Kalyansar Agoona,,473,Bikaner,00501800,069110,I,294008,Kalayansar Agoona,2005-01-01,2005-01-01,1,
69111,Devasar,,473,Bikaner,00501900,069111,I,294008,Kalayansar Agoona,2014-03-24,2014-03-24,2,
69112,Gadhwala,,473,Bikaner,00502000,069112,I,36015,Gadhwala,2014-03-24,2014-03-24,2,
69113,Napasar,,473,Bikaner,00502100,069113,I,302180,Napasar,2005-01-01,2005-01-01,1,
69114,Lalsingpura,,473,Bikaner,00502200,069114,I,36052,Sinthal,2014-03-24,2014-03-24,2,
69115,Sinthal,,473,Bikaner,00502300,069115,I,36052,Sinthal,2014-03-24,2014-03-24,2,
69116,Norang Desar,,473,Bikaner,00502400,069116,I,36041,Norangdesar,2005-01-01,2005-01-01,1,
69117,Gusainsar,,473,Bikaner,00502500,069117,I,36018,Gusainsar,2014-03-24,2014-03-24,2,
69118,Tejrasar,,473,Bikaner,00502600,069118,I,36054,Tejrasar,2005-01-01,2005-01-01,1,
69119,Barh Karnidan,,473,Bikaner,00502700,069119,I,294012,Belasar,2005-01-01,2005-01-01,1,
69120,Belasar,,473,Bikaner,00502800,069120,I,294012,Belasar,2005-01-01,2005-01-01,1,
69121,Moondsar,,473,Bikaner,00502900,069121,I,36037,Moondsar,2005-01-01,2005-01-01,1,
69122,Ramsar,,473,Bikaner,00503000,069122,I,36046,Ramsar,2005-01-01,2005-01-01,1,
69123,Suratsinghpura,,473,Bikaner,00503100,069123,I,294018,Suratsinghpura,2005-01-01,2005-01-01,1,
69124,Lakhusar,,473,Bikaner,00507700,069124,I,294020,Lakhusar,2014-03-24,2014-03-24,2,
69125,Noorsar,,473,Bikaner,00507800,069125,I,36020,Jalwali,2005-01-01,2005-01-01,1,
69126,Dholera No.1,,473,Bikaner,00507900,069126,I,36022,Kalasar,2005-01-01,2005-01-01,1,
69127,Sarah Rupayat,,473,Bikaner,00508000,069127,I,36022,Kalasar,2025-05-20,2026-06-19,8,
69128,Derjogran,,473,Bikaner,00508100,069128,I,36022,Kalasar,2005-01-01,2005-01-01,1,
69129,Kalasar,,473,Bikaner,00508200,069129,I,36022,Kalasar,2005-01-01,2005-01-01,1,
69130,Jognath Nagar,,473,Bikaner,00508200,069130,I,294020,Lakhusar,2005-01-01,2005-01-01,1,
69131,Sawaisar,,473,Bikaner,00508300,069131,I,36022,Kalasar,2005-01-01,2005-01-01,1,
69132,Sharah Dholera,,473,Bikaner,00508400,069132,I,36022,Kalasar,2005-01-01,2005-01-01,1,
69133,Dholera No.2,,473,Bikaner,00508500,069133,I,36022,Kalasar,2025-05-20,2025-06-24,3,
69134,Dholera Hissa Maghji,,473,Bikaner,00508600,069134,I,36022,Kalasar,2025-05-20,2025-06-13,3,
69135,Dholera Hissa Pemji,,473,Bikaner,00508700,069135,I,36022,Kalasar,2005-01-01,2005-01-01,1,
69136,Harkhasar Bagodan,,473,Bikaner,00508800,069136,I,36022,Kalasar,2014-03-24,2014-03-24,2,
69137,Jalwali,,473,Bikaner,00508900,069137,I,36020,Jalwali,2005-01-01,2005-01-01,1,
69138,Noor Mohammad Ki Dhani,,473,Bikaner,00509000,069138,I,36020,Jalwali,2005-01-01,2005-01-01,1,
69139,Badrasar,,473,Bikaner,00509100,069139,I,262124,Badrasar,2025-05-20,2025-07-23,4,
69140,Mehrasar,,473,Bikaner,00509200,069140,I,262124,Badrasar,2005-01-01,2005-01-01,1,
69141,Kawani,कावनी,473,Bikaner,00509600,069141,I,36026,Kawni,2025-07-20,2026-04-02,14,
69142,Jaimalsar,,473,Bikaner,00509700,069142,I,36019,Jaimalsar,2005-01-01,2005-01-01,1,
69143,Sharah Borla,,473,Bikaner,00509800,069143,I,36019,Jaimalsar,2005-01-01,2005-01-01,1,
951907,Husangsar-3-Hsm,हुसंगसर - 3-एच.एस.एम.,473,Bikaner,,000000,I,262125,Husangsar,2025-05-20,2025-06-13,1,
951909,Khinchia-2-K.H.M,खीचिंया - 2-के .एच.एम.,473,Bikaner,,000000,I,262127,Jalalsar,2025-05-20,2025-06-13,1,
951911,Jalalsar-1-K.H.M,जलालसर - 1-के .एच.एम.,473,Bikaner,,000000,I,262127,Jalalsar,2025-05-20,2025-06-13,1,
951912,Jagannathsar-489-Rd-L,जगन्नाथसर - 489 आरडीएल,473,Bikaner,,000000,I,262125,Husangsar,2025-05-20,2025-06-13,1,
951913,Dholera Hissa Maghji-5-K.H.M,धोलेराहिस्सा मघजी- 5-के .एच.एम,473,Bikaner,,000000,I,36022,Kalasar,2025-05-20,2025-06-13,1,
951914,Dandusar-425-600-Rd,डाण्डूसर - 425-600-आर.डी.,473,Bikaner,,000000,I,262121,Dandoosar,2025-05-20,2025-06-13,1,
951915,Udasar-12-B.S.M,उदासर - 12-बी.एस.एम,473,Bikaner,,000000,I,36056,Udasar,2025-05-20,2025-06-13,1,
951916,Bichwal-1-Bsm,बीछवाल - 1-बी.एस.एम,473,Bikaner,,000000,I,262131,Pemasar,2025-05-20,2025-06-13,1,
951917,Bhairupawa-1-Dhm,भरूपावा - 1-डी.एच.एम,473,Bikaner,,000000,I,262124,Badrasar,2025-05-20,2025-06-13,1,
951918,Badrasar-19-J.M.D,बदरासर - 19-जे.एम.डी,473,Bikaner,,000000,I,262124,Badrasar,2025-05-20,2025-06-13,1,
951919,Banda-1-B.M,बन्धा - 1-बी.एंम.,473,Bikaner,,000000,I,294015,Molaniya,2025-05-20,2025-06-13,1,
951920,Basi Sahajbardan-481-500-Rd,बासी सहजबरदारान- 481-500-आरडी,473,Bikaner,,000000,I,262125,Husangsar,2025-05-20,2025-06-13,1,
951922,Chakgarbi-7-B.K.M,चकगर्बी - 7-बी.के .एम.,473,Bikaner,,000000,I,36039,Nal Badi,2025-05-20,2025-06-13,1,
951923,Dholera No. 2 -6-Khm,धोलेरान न. 2 - 6-के .एच.एम.,473,Bikaner,,000000,I,36022,Kalasar,2025-05-20,2025-06-13,1,
951924,Jagdevwala-409-150-Rd,जगदेववाला - 409-150-आर.डी.,473,Bikaner,,000000,I,262121,Dandoosar,2025-05-20,2025-06-13,1,
951925,Khara-1-J.M.D,खारा - 1-जे.एम.डी.,473,Bikaner,,000000,I,36028,Khara,2025-05-20,2025-06-13,1,
951926,Nagasar Panwaran-4-N.G.M,नगासरपंवारान - 4-एन.जी.एम.,473,Bikaner,,000000,I,262125,Husangsar,2025-05-20,2025-06-13,1,
951927,Panpalsar- 9-B.S.M,पनपालसर - 9-बी.एस.एम,473,Bikaner,,000000,I,36008,Bambloo,2025-05-20,2025-06-13,1,
951928,Sharah Kunjia-493-Rd-R,शरहकुंजिया -493आरडीआर,473,Bikaner,,000000,I,262125,Husangsar,2025-05-20,2025-06-13,1,
951930,Ridmalsar Puroitan-15-Bsm,रिड़मलसर पुरोहितान - 15-बी.एस.एम.,473,Bikaner,,000000,I,36047,Ridmalsar Purohitan,2025-05-20,2025-06-13,1,
952195,Basi Sahajbardaran - 2-Ngm,बासी सहजबरदारान - 2-एन.जी.एम.,473,Bikaner,,000000,I,262125,Husangsar,2025-05-20,2025-06-24,1,
952197,Bhairupawa - 2-Dhm,भरूपावा - 2-डी.एच.एम,473,Bikaner,,000000,I,262124,Badrasar,2025-05-20,2025-06-24,1,
952200,Dholera No. 2 - 7-Khm,धोलेरान न. 2 - 7-के .एच.एम.,473,Bikaner,,000000,I,36022,Kalasar,2025-05-20,2025-06-24,1,
952202,Husangsar - 1-Hsm,हुसंगसर - 1-एच.एस.एम.,473,Bikaner,,000000,I,262125,Husangsar,2025-05-20,2025-06-24,1,
952211,Ridmalsar Purohitan - 16 Bsm,रिड़मलसर पुरोहितान - 16 बी.एस.एम.,473,Bikaner,,000000,I,36047,Ridmalsar Purohitan,2025-05-20,2025-06-24,1,
952215,Jagdevwala -415-250-Rd,जगदेववाला - 415-250-आर.डी.,473,Bikaner,,000000,I,262121,Dandoosar,2025-05-20,2025-06-24,1,
952216,Jagannathsar -489-Rd-R,जगन्नाथसर - 489 आरडीआर,473,Bikaner,,000000,I,262125,Husangsar,2025-05-20,2025-06-24,1,
952217,Dandusar - 431-100-Rd,डाण्डूसर - 431-100-आर.डी.,473,Bikaner,,000000,I,262121,Dandoosar,2025-05-20,2025-06-24,1,
952218,Khara - 2-J.M.D,खारा - 2-जे.एम.डी.,473,Bikaner,,000000,I,36028,Khara,2025-05-20,2025-06-24,1,
952219,Banda - 2 - Bm,बन्धा - 2-बी.एम.,473,Bikaner,,000000,I,294015,Molaniya,2025-05-20,2025-06-24,1,
952220,Badrasar - 20- Jmd,बदरासर - 20-जे.एम.डी,473,Bikaner,,000000,I,262124,Badrasar,2025-05-20,2025-06-24,1,
952222,Udasar - 13 - Bsm,उदासर - 13-बी.एम.एम,473,Bikaner,,000000,I,36056,Udasar,2025-05-20,2025-06-24,1,
952223,Sharah Kunjia -496-150 Rd-R,शरहकुंजिया - 496-150- आरडीआर,473,Bikaner,,000000,I,262125,Husangsar,2025-05-20,2025-06-24,1,
952224,Pemasar -2-Bsm,पेमासर - 2-बी.एस.एम.,473,Bikaner,,000000,I,262131,Pemasar,2025-05-20,2025-06-24,1,
952225,Panpalsar - 10 B.S.M.,पनपालसर - 10-बी.एस.एम,473,Bikaner,,000000,I,36008,Bambloo,2025-05-20,2025-06-24,1,
952226,Nagasar Panwaran - 5-Ngm,नगासरपंवारान - 5-एन.जी.एम.,473,Bikaner,,000000,I,262125,Husangsar,2025-05-20,2025-06-24,1,
952227,Bichwal - 1-2 Bkm,बीछवाल - 1-2-बी.के .एम.,473,Bikaner,,000000,I,262131,Pemasar,2025-05-20,2025-06-24,1,
952228,Khinchia -3-Khm,खीचिं या - 3-के .एच.एम.,473,Bikaner,,000000,I,262127,Jalalsar,2025-05-20,2025-06-24,1,
952519,Khara - 3-Jmd,खारा - 3-जे.एम.डी.,473,Bikaner,,000000,U,,,2025-05-20,2025-06-27,1,
952520,Panpalsar - 11-Bsm,पनपालसर - 11-बी.एस.एम,473,Bikaner,,000000,U,36008,Bambloo,2025-05-20,2025-06-27,1,
952521,Udasar - 14-Bsm,उदासर - 14-बी.एस.एम,473,Bikaner,,000000,U,36056,Udasar,2025-05-20,2025-06-27,1,
952861,Sharah Rupayat-8-Jmd,शरहरूपायत -8-जे एम डी,473,Bikaner,,000000,I,36022,Kalasar,2025-05-20,2025-07-10,1,
952862,Pemasar - 3-Bsm,पेमासर - 3-बी.एस.एम.,473,Bikaner,,000000,U,262131,Pemasar,2025-05-20,2025-07-10,1,
952863,Kavani-24-Jmd,कावनी-24-जे.एम.डी.,473,Bikaner,,000000,I,36026,Kawni,2025-05-20,2025-07-10,1,
952864,Bichwal-3- B K M,बीछवाल-3-बी के एम,473,Bikaner,,000000,I,262131,Pemasar,2025-05-20,2025-07-10,1,
952865,Khara-4-J M D,खारा-4- जे एम डी,473,Bikaner,,000000,I,36028,Khara,2025-05-20,2025-07-10,1,
952866,Bhairupawa-3-Dhm,भरूपावा-3- डी एच एम,473,Bikaner,,000000,I,262124,Badrasar,2025-05-20,2025-07-10,1,
952867,Khinchia-4-Khm,खींचीया-4- के एच एम,473,Bikaner,,000000,I,262127,Jalalsar,2025-05-20,2025-07-10,1,
954368,Sujandesar,सुजानदेसर,473,Bikaner,,000000,I,248667,Bikaner,2025-07-17,2025-07-22,1,
954406,Sri Ramsar,श्रीरामसर,473,Bikaner,,000000,I,248667,Bikaner,2025-07-17,2025-07-22,1,
954409,Sarah Swaropdesar,शरह स्वरुपदेसर,473,Bikaner,,000000,I,248667,Bikaner,2025-07-17,2025-07-22,1,
954410,Rughnathsar,रुघनाथसर,473,Bikaner,,000000,I,248667,Bikaner,2025-07-17,2025-07-22,1,
954418,Nathusar,नत्थूसर,473,Bikaner,,000000,I,248667,Bikaner,2025-07-17,2025-07-22,1,
954523,Ganga Shahar,गंगाशहर,473,Bikaner,,000000,I,248667,Bikaner,2025-07-17,2025-07-23,1,
954539,Anopsagar,अनोपसागर,473,Bikaner,,000000,I,248667,Bikaner,2025-07-17,2025-07-23,1,
954543,Bikaner,बीकानेर,473,Bikaner,,000000,I,248667,Bikaner,2025-07-17,2025-07-23,1,
954544,Bhinasar,भीनासर,473,Bikaner,,000000,I,248667,Bikaner,2025-07-17,2025-07-23,1,
954549,Bhojanshala,भोजनशाला,473,Bikaner,,000000,I,248667,Bikaner,2025-07-17,2025-07-23,1,
954551,Kismidesar,किश्मीदेसर,473,Bikaner,,000000,I,248667,Bikaner,2025-07-17,2025-07-23,1,
954555,Khara -5- Jmd,खारा -5- जे.एम.डी.,473,Bikaner,,000000,U,,,2025-05-20,2025-07-23,1,
954556,Kavani - 25 -Jmd,कावनी - 25 - जे.एम.डी,473,Bikaner,,000000,U,,,2025-05-20,2025-07-23,1,
954595,Pemasar - 4 -Bsm,पेमासर - 4- बी.एस.एम.,473,Bikaner,,000000,U,262131,Pemasar,2025-05-20,2025-07-23,1,
954596,Nagasar Panwaran - 6 -Ngm,नगासरपंवारान - 6 -एन.जी.एम.,473,Bikaner,,000000,U,262125,Husangsar,2025-05-20,2025-07-23,1,
954601,Sharah Kunjia - 496 -Rd-L,शरहकुंजीया - 496 -आर.डी.-एल,473,Bikaner,,000000,U,262125,Husangsar,2025-05-20,2025-07-23,1,
954609,Udasar -7 -Bsm,उदासर -7 -बी.एस.एम.,473,Bikaner,,000000,U,,,2025-05-20,2025-07-23,1,
954611,Sharah Rupayat - 7 - Jmd,शहररूपायत -7 -जे.एम.डी.,473,Bikaner,,000000,U,,,2025-05-20,2025-07-23,1,
954629,Kavani - 22 -Jmd,कावनी -22 -जे.एम.डी.,473,Bikaner,,000000,U,,,2025-05-20,2025-07-23,1,
954638,Jagdevwala-417-500 Rd-R,जगदेववाला-417-500-आर.डी.आर,473,Bikaner,,000000,U,262121,Dandoosar,2025-05-20,2025-07-23,1,
954640,Husangsar- 2 -Hsm,हुसंगसर- 2 - एच.एस.एम.,473,Bikaner,,000000,U,,,2025-05-20,2025-07-23,1,
954642,Jagannathsar - 493 -Rd-L,जगन्नाथसर -493 -आर.डी.एल,473,Bikaner,,000000,U,,,2025-05-20,2025-07-23,1,
954648,Karanisar Bikan- 5-Bm,करणीसरबीकाण -5 -बी.एम.,473,Bikaner,,000000,U,,,2025-05-20,2025-07-23,1,
954660,Bichwal- 4 -Bkm,बीछवाल -4 -बी.के.एम.,473,Bikaner,,000000,U,262131,Pemasar,2025-05-20,2025-07-23,1,
954669,Kavani -26-Jmd,कावनी -26 -जे.एम.डी.,473,Bikaner,,000000,U,,,2025-05-20,2025-07-23,1,
954671,Khara -6 -Jmd,खारा -6- जे.एम.डी.,473,Bikaner,,000000,U,36028,Khara,2025-05-20,2025-07-23,1,
954672,Kavani - 27 -Jmd,कावनी -27 -जे.एम.डी.,473,Bikaner,,000000,U,,,2025-05-20,2025-07-23,1,
954674,Bichwal -5 - Bkm,बीछवाल -5 -बी.के.एम.,473,Bikaner,,000000,U,262131,Pemasar,2025-05-20,2025-07-23,1,
954675,Kavani - 28 -Jmd,कावनी -28 -जे.एम.डी.,473,Bikaner,,000000,U,,,2025-05-20,2025-07-23,1,
954689,Dandusar-433-100-Rd,डाण्डूसर-433-100-आर.डी.,473,Bikaner,,000000,U,,,2025-05-20,2025-07-23,1,
954700,Dandusar -439-700-Rd -A,डाण्डूसर -439 -700-आर.डी.-ए,473,Bikaner,,000000,U,,,2025-05-20,2025-07-23,1,
954705,Banda- 3 -Bm,बन्धा -3 -बी.एम.,473,Bikaner,,000000,U,,,2025-05-20,2025-07-23,1,
954706,Bichwal -6 -Bkm,बीछवाल -6- बी.के.एम.,473,Bikaner,,000000,U,262131,Pemasar,2025-05-20,2025-07-23,1,
954713,Badrasar - 21 -Jmd,बदरासर - 21- जे.एम.डी.,473,Bikaner,,000000,U,262124,Badrasar,2025-05-20,2025-07-23,1,
954715,Sharah Rupayat - 10 - Jmd,शहररूपायत - 10 -जे.एम.डी.,473,Bikaner,,000000,U,36022,Kalasar,2025-05-20,2025-07-23,1,
954716,Banda- 4 -Bm,बन्धा -4 -बी.एम.,473,Bikaner,,000000,U,294015,Molaniya,2025-05-20,2025-07-23,1,
954719,Karanisar Bikan- 5-Bm-A,करणीसरबीकाण - 5 -बी.एम.ए,473,Bikaner,,000000,U,294015,Molaniya,2025-05-20,2025-07-23,1,
954720,Kavani- 23 -Jmd,कावनी -23 -जे.एम.डी.,473,Bikaner,,000000,U,36026,Kawni,2025-05-20,2025-07-23,1,
954724,Dandusar -439-700-Rd-B,डाण्डूसर -439-700-आर.डी.-बी,473,Bikaner,,000000,U,,,2025-05-20,2025-07-23,1,
954726,Bhairukheera -11 -Jmd,भरूखीरा -11 -जे.एम.डी.,473,Bikaner,,000000,U,,,2025-05-20,2025-07-23,1,
954730,Pemasar - 6 -Bsm,पेमासर - 6 - बी.एस.एम.,473,Bikaner,,000000,U,262131,Pemasar,2025-05-20,2025-07-23,1,
954731,Bhairukheera- 12 - Jmd,भरूखीरा -12- जे.एम.डी.,473,Bikaner,,000000,U,,,2025-05-20,2025-07-23,1,
954735,Basi Sahajbardaran- 3 -Ngm,बासी सहजबदारान- 3 - एन.जी.एम.,473,Bikaner,,000000,U,262125,Husangsar,2025-05-20,2025-07-23,1,
954752,Udasar -8 -Bsm,उदासर - 8 -बी.एस.एम.,473,Bikaner,,000000,U,36056,Udasar,2025-05-20,2025-07-23,1,
954765,Bhairukheera-13-Jmd,भरुखीरा-13-जे.एम.डी.,473,Bikaner,,000000,U,,,2025-05-20,2025-07-23,1,
954766,Jagannathsar-483-500Rd,जगन्नाथसर-483-500 आर.डी.,473,Bikaner,,000000,U,,,2025-05-20,2025-07-23,1,
954767,Bhairukheera-14-Jmd,भरुखीरा-14-जे.एम.डी.,473,Bikaner,,000000,U,,,2025-05-20,2025-07-23,1,
954769,Jagannathsar-486-250-Rd,जगन्नाथसर-486-250 आर.डी.,473,Bikaner,,000000,U,262125,Husangsar,2025-05-20,2025-07-23,1,
954770,Husangsar-1-Ngm,हुसंगसर-1-एन.जी.एम.,473,Bikaner,,000000,U,262125,Husangsar,2025-05-20,2025-07-23,1,
954772,Bhairukheera-15 -Jmd,भरुखीरा-15-जे.एम.डी.,473,Bikaner,,000000,U,,,2025-05-20,2025-07-23,1,
954775,Bhairukheera-16-Jmd,भरुखीरा-16-जे.एम.डी.,473,Bikaner,,000000,U,,,2025-05-20,2025-07-23,1,
954778,Bhairukheera-18-Jmd,भरुखीरा-18-जे.एम.डी.,473,Bikaner,,000000,U,262122,Sobhasar,2025-05-20,2025-07-23,1,
955208,Jagdevwala- 417-500-Rd-L,जगदेववाला- 417-500-आर.डी.-एल,473,Bikaner,,000000,U,262121,Dandoosar,2025-05-20,2025-07-25,1,
955819,Shobhasar -1 Dmh,शोभासर - 1 डीएमएच,473,Bikaner,,000000,U,,,2025-07-20,2025-08-01,1,
955823,Shobhasar -2 Dmh,शोभासर - 2डीएमएच,473,Bikaner,,000000,U,262122,Sobhasar,2025-07-20,2025-08-01,1,
955869,Kavani -16 Ssm,कावनी - 16 एसएसएम,473,Bikaner,,000000,U,,,2025-07-20,2025-08-04,1,
955880,Kavani -15 Ssm,कावनी - 15 एसएसएम,473,Bikaner,,000000,U,,,2025-07-20,2025-08-04,1,
955893,Kavani -14 Sssm,कावनी - 14 एसएसएम,473,Bikaner,,000000,U,,,2025-07-20,2025-08-04,1,
955900,Kavani -8 Jsd,कावनी - 8 जे एस डी,473,Bikaner,,000000,U,,,2025-07-20,2025-08-04,1,
955909,Kavani -9 Jsd,कावनी - 9 जे एस डी,473,Bikaner,,000000,U,36026,Kawni,2025-07-20,2025-08-04,1,
956097,Pemasar -5-Bsm,पेमासर - 5-बी.एस.एम.,473,Bikaner,,000000,U,262131,Pemasar,2025-05-20,2025-08-07,1,
961818,Sharah Rupayat-9-Jmd,शरहरूपायत-9-जे.एम.डी.,473,Bikaner,,000000,I,36022,Kalasar,2025-05-20,2026-06-19,1,
69144,5 Pb(A),,474,Poogal,00503200,069144,I,262153,2adm,2025-06-03,2025-07-10,2,The Village Kankarwala(69830)...etc  has been shifted to Sub-district Poogal(District Bikaner) from Sub-district Lunkaransar(District Bikaner) in Rajasthan.
69145,3 Bld(A),,474,Poogal,00503300,069145,I,294182,2 Pb,2025-06-03,2025-07-22,4,The Village Kankarwala(69830)...etc  has been shifted to Sub-district Poogal(District Bikaner) from Sub-district Lunkaransar(District Bikaner) in Rajasthan.
69146,2 Pb,,474,Poogal,00503400,069146,I,294182,2 Pb,2005-01-01,2005-01-01,1,The Village Kankarwala(69830)...etc  has been shifted to Sub-district Poogal(District Bikaner) from Sub-district Lunkaransar(District Bikaner) in Rajasthan.
69149,10 Dkd(A),,474,Poogal,00503700,069149,I,36013,Dandi,2005-01-01,2005-01-01,1,The Village Kankarwala(69830)...etc  has been shifted to Sub-district Poogal(District Bikaner) from Sub-district Lunkaransar(District Bikaner) in Rajasthan.
69150,4 Dkd,,474,Poogal,00503800,069150,I,36013,Dandi,2005-01-01,2005-01-01,1,The Village Kankarwala(69830)...etc  has been shifted to Sub-district Poogal(District Bikaner) from Sub-district Lunkaransar(District Bikaner) in Rajasthan.
69151,8 Dkd,,474,Poogal,00503900,069151,I,36013,Dandi,2005-01-01,2005-01-01,1,The Village Kankarwala(69830)...etc  has been shifted to Sub-district Poogal(District Bikaner) from Sub-district Lunkaransar(District Bikaner) in Rajasthan.
69152,Ranewala,,474,Poogal,00504000,069152,I,36013,Dandi,2025-06-03,2025-07-22,24,The Village Kankarwala(69830)...etc  has been shifted to Sub-district Poogal(District Bikaner) from Sub-district Lunkaransar(District Bikaner) in Rajasthan.
69153,2 Dkd,,474,Poogal,00504100,069153,I,36013,Dandi,2005-01-01,2005-01-01,1,The Village Kankarwala(69830)...etc  has been shifted to Sub-district Poogal(District Bikaner) from Sub-district Lunkaransar(District Bikaner) in Rajasthan.
69154,Phalawali,,474,Poogal,00504200,069154,I,294182,2 Pb,2025-03-18,2026-02-11,6,The Village Kankarwala(69830)...etc  has been shifted to Sub-district Poogal(District Bikaner) from Sub-district Lunkaransar(District Bikaner) in Rajasthan.
69155,Ranisar,राणीसर ,474,Poogal,00504300,069155,I,294182,2 Pb,2025-07-11,2025-07-30,28,The Village Kankarwala(69830)...etc  has been shifted to Sub-district Poogal(District Bikaner) from Sub-district Lunkaransar(District Bikaner) in Rajasthan.
69156,Noor Mohed Ka Dhandla,,474,Poogal,00504400,069156,I,36043,Pahalwan Ka Bera,2014-03-24,2014-03-24,2,The Village Kankarwala(69830)...etc  has been shifted to Sub-district Poogal(District Bikaner) from Sub-district Lunkaransar(District Bikaner) in Rajasthan.
69157,Pahalwan Ka Bera,पहलवान का बेरा ,474,Poogal,00504500,069157,I,36043,Pahalwan Ka Bera,2025-07-11,2025-07-30,9,The Village Kankarwala(69830)...etc  has been shifted to Sub-district Poogal(District Bikaner) from Sub-district Lunkaransar(District Bikaner) in Rajasthan.
69158,Rasoolsar Daber,,474,Poogal,00504600,069158,I,36043,Pahalwan Ka Bera,2025-06-03,2025-07-22,30,The Village Kankarwala(69830)...etc  has been shifted to Sub-district Poogal(District Bikaner) from Sub-district Lunkaransar(District Bikaner) in Rajasthan.
69159,Khairoowala,,474,Poogal,00504600,069159,I,36043,Pahalwan Ka Bera,2025-06-03,2025-07-14,5,The Village Kankarwala(69830)...etc  has been shifted to Sub-district Poogal(District Bikaner) from Sub-district Lunkaransar(District Bikaner) in Rajasthan.
69160,Kheersar,,474,Poogal,00504700,069160,I,294179,Kumharwala,2025-06-03,2025-07-14,5,The Village Kankarwala(69830)...etc  has been shifted to Sub-district Poogal(District Bikaner) from Sub-district Lunkaransar(District Bikaner) in Rajasthan.
69161,Ganeshwali(7 Rmd),,474,Poogal,00504800,069161,I,36035,Makeri,2025-06-03,2025-07-10,3,The Village Kankarwala(69830)...etc  has been shifted to Sub-district Poogal(District Bikaner) from Sub-district Lunkaransar(District Bikaner) in Rajasthan.
69162,Gangajali,,474,Poogal,00504900,069162,I,36016,Gangajali,2025-06-03,2025-07-14,7,The Village Kankarwala(69830)...etc  has been shifted to Sub-district Poogal(District Bikaner) from Sub-district Lunkaransar(District Bikaner) in Rajasthan.
69163,Jhookiya,,474,Poogal,00505000,069163,I,294180,Ramda,2025-06-03,2025-07-14,10,The Village Kankarwala(69830)...etc  has been shifted to Sub-district Poogal(District Bikaner) from Sub-district Lunkaransar(District Bikaner) in Rajasthan.
69164,Sammewala (6 Smd),,474,Poogal,00505100,069164,I,262164,Sammewala,2025-06-03,2025-07-16,9,The Village Kankarwala(69830)...etc  has been shifted to Sub-district Poogal(District Bikaner) from Sub-district Lunkaransar(District Bikaner) in Rajasthan.
69165,Makeri (3msm),,474,Poogal,00505200,069165,I,36035,Makeri,2025-06-03,2025-07-14,5,The Village Kankarwala(69830)...etc  has been shifted to Sub-district Poogal(District Bikaner) from Sub-district Lunkaransar(District Bikaner) in Rajasthan.
69166,Ramra,रामडा,474,Poogal,00505300,069166,I,294180,Ramda,2025-07-11,2025-07-30,22,The Village Kankarwala(69830)...etc  has been shifted to Sub-district Poogal(District Bikaner) from Sub-district Lunkaransar(District Bikaner) in Rajasthan.
69167,4 Rm,4 RM,474,Poogal,00505300,069167,I,36051,Shivnagar,2014-11-05,2014-11-05,4,The Village Kankarwala(69830)...etc  has been shifted to Sub-district Poogal(District Bikaner) from Sub-district Lunkaransar(District Bikaner) in Rajasthan.
69168,Hanuman Nagar(30 Dod A),,474,Poogal,00505300,069168,I,262154,Hanumannagar,2014-11-05,2014-11-05,2,The Village Kankarwala(69830)...etc  has been shifted to Sub-district Poogal(District Bikaner) from Sub-district Lunkaransar(District Bikaner) in Rajasthan.
69169,2do-A,,474,Poogal,00505300,069169,I,36012,Delitalai,2025-05-14,2025-06-16,7,The Village Kankarwala(69830)...etc  has been shifted to Sub-district Poogal(District Bikaner) from Sub-district Lunkaransar(District Bikaner) in Rajasthan.
69170,Aduri (3 Ad),,474,Poogal,00505400,069170,I,36003,Aduri,2025-03-26,2026-02-12,9,The Village Kankarwala(69830)...etc  has been shifted to Sub-district Poogal(District Bikaner) from Sub-district Lunkaransar(District Bikaner) in Rajasthan.
69171,Chhagoliya,,474,Poogal,00505500,069171,I,36045,Pugal,2025-06-03,2025-07-14,3,The Village Kankarwala(69830)...etc  has been shifted to Sub-district Poogal(District Bikaner) from Sub-district Lunkaransar(District Bikaner) in Rajasthan.
69172,Pugal,,474,Poogal,00505600,069172,I,36045,Pugal,2025-06-03,2025-08-08,33,The Village Kankarwala(69830)...etc  has been shifted to Sub-district Poogal(District Bikaner) from Sub-district Lunkaransar(District Bikaner) in Rajasthan.
69173,8a .D,,474,Poogal,00505600,069173,I,36045,Pugal,2005-01-01,2005-01-01,1,The Village Kankarwala(69830)...etc  has been shifted to Sub-district Poogal(District Bikaner) from Sub-district Lunkaransar(District Bikaner) in Rajasthan.
69174,11-14 Ad,,474,Poogal,00505600,069174,I,36045,Pugal,2005-01-01,2005-01-01,1,The Village Kankarwala(69830)...etc  has been shifted to Sub-district Poogal(District Bikaner) from Sub-district Lunkaransar(District Bikaner) in Rajasthan.
69175,5kwm (Kumhar Wala),,474,Poogal,00505600,069175,I,294179,Kumharwala,2005-01-01,2005-01-01,1,The Village Kankarwala(69830)...etc  has been shifted to Sub-district Poogal(District Bikaner) from Sub-district Lunkaransar(District Bikaner) in Rajasthan.
69176,5msm,,474,Poogal,00505600,069176,I,36035,Makeri,2005-01-01,2005-01-01,1,The Village Kankarwala(69830)...etc  has been shifted to Sub-district Poogal(District Bikaner) from Sub-district Lunkaransar(District Bikaner) in Rajasthan.
69177,7ad,,474,Poogal,00505600,069177,I,36045,Pugal,2019-03-14,2019-03-14,5,The Village Kankarwala(69830)...etc  has been shifted to Sub-district Poogal(District Bikaner) from Sub-district Lunkaransar(District Bikaner) in Rajasthan.
69178,Karanpura,,474,Poogal,00505700,069178,I,36055,Tharusar,2025-06-03,2025-07-16,9,The Village Kankarwala(69830)...etc  has been shifted to Sub-district Poogal(District Bikaner) from Sub-district Lunkaransar(District Bikaner) in Rajasthan.
69179,Dhodha,,474,Poogal,00505800,069179,I,36055,Tharusar,2025-06-03,2025-07-16,11,The Village Kankarwala(69830)...etc  has been shifted to Sub-district Poogal(District Bikaner) from Sub-district Lunkaransar(District Bikaner) in Rajasthan.
69180,Tharoosar,,474,Poogal,00505900,069180,I,36055,Tharusar,2025-06-03,2025-07-15,5,The Village Kankarwala(69830)...etc  has been shifted to Sub-district Poogal(District Bikaner) from Sub-district Lunkaransar(District Bikaner) in Rajasthan.
69181,Siyasar Panchkosa,सियासर पंचकोसा,474,Poogal,00506000,069181,I,262172,Siyasar Panchkosa,2025-06-03,2025-07-17,10,The Village Kankarwala(69830)...etc  has been shifted to Sub-district Poogal(District Bikaner) from Sub-district Lunkaransar(District Bikaner) in Rajasthan.
69182,Chakosa,,474,Poogal,00506100,069182,I,262172,Siyasar Panchkosa,2025-06-03,2025-07-14,5,The Village Kankarwala(69830)...etc  has been shifted to Sub-district Poogal(District Bikaner) from Sub-district Lunkaransar(District Bikaner) in Rajasthan.
69183,Ramai (7 Rma),,474,Poogal,00506200,069183,I,36003,Aduri,2025-06-03,2025-07-14,6,The Village Kankarwala(69830)...etc  has been shifted to Sub-district Poogal(District Bikaner) from Sub-district Lunkaransar(District Bikaner) in Rajasthan.
69184,Gogliwala,गोगलीवाला,474,Poogal,00506300,069184,I,36003,Aduri,2025-07-11,2025-07-30,18,The Village Kankarwala(69830)...etc  has been shifted to Sub-district Poogal(District Bikaner) from Sub-district Lunkaransar(District Bikaner) in Rajasthan.
69185,Roopnagar,रूपनगर,474,Poogal,00506400,069185,I,36004,Amarpura,2025-07-11,2025-07-30,13,The Village Kankarwala(69830)...etc  has been shifted to Sub-district Poogal(District Bikaner) from Sub-district Lunkaransar(District Bikaner) in Rajasthan.
69186,Amrewala,,474,Poogal,00506500,069186,I,294180,Ramda,2025-06-03,2025-07-02,8,The Village Kankarwala(69830)...etc  has been shifted to Sub-district Poogal(District Bikaner) from Sub-district Lunkaransar(District Bikaner) in Rajasthan.
69187,Jodhasar,,474,Poogal,00506600,069187,I,36012,Delitalai,2025-06-03,2025-08-07,34,The Village Kankarwala(69830)...etc  has been shifted to Sub-district Poogal(District Bikaner) from Sub-district Lunkaransar(District Bikaner) in Rajasthan.
69188,Delitalai (1doddb),,474,Poogal,00506600,069188,I,36012,Delitalai,2014-11-05,2014-11-05,4,The Village Kankarwala(69830)...etc  has been shifted to Sub-district Poogal(District Bikaner) from Sub-district Lunkaransar(District Bikaner) in Rajasthan.
69189,4rjd,,474,Poogal,00506700,069189,I,36029,Kharwali,2014-03-24,2014-03-24,2,The Village Kankarwala(69830)...etc  has been shifted to Sub-district Poogal(District Bikaner) from Sub-district Lunkaransar(District Bikaner) in Rajasthan.
69190,Sukhdeopura,,474,Poogal,00506800,069190,I,262170,Bhutto Ka Kuan,2025-05-14,2025-06-16,8,The Village Kankarwala(69830)...etc  has been shifted to Sub-district Poogal(District Bikaner) from Sub-district Lunkaransar(District Bikaner) in Rajasthan.
69191,Amarpura,,474,Poogal,00506900,069191,I,36004,Amarpura,2025-06-03,2025-08-08,40,The Village Kankarwala(69830)...etc  has been shifted to Sub-district Poogal(District Bikaner) from Sub-district Lunkaransar(District Bikaner) in Rajasthan.
69192,Shiv Nagar (3 Bd),,474,Poogal,00507000,069192,I,36051,Shivnagar,2025-06-03,2025-07-14,4,The Village Kankarwala(69830)...etc  has been shifted to Sub-district Poogal(District Bikaner) from Sub-district Lunkaransar(District Bikaner) in Rajasthan.
69193,Ramsar Chota,,474,Poogal,00507100,069193,I,294175,Bhanipura,2014-11-05,2014-11-05,4,The Village Kankarwala(69830)...etc  has been shifted to Sub-district Poogal(District Bikaner) from Sub-district Lunkaransar(District Bikaner) in Rajasthan.
69194,Soorasar,,474,Poogal,00507200,069194,I,36024,Karnisar Bhatiyan,2025-06-03,2025-07-15,7,The Village Kankarwala(69830)...etc  has been shifted to Sub-district Poogal(District Bikaner) from Sub-district Lunkaransar(District Bikaner) in Rajasthan.
69195,Bhanawatawala,,474,Poogal,00507300,069195,I,36024,Karnisar Bhatiyan,2005-01-01,2005-01-01,1,The Village Kankarwala(69830)...etc  has been shifted to Sub-district Poogal(District Bikaner) from Sub-district Lunkaransar(District Bikaner) in Rajasthan.
69196,Karnisar Bhatiyan,,474,Poogal,00507400,069196,I,36024,Karnisar Bhatiyan,2005-01-01,2005-01-01,1,The Village Kankarwala(69830)...etc  has been shifted to Sub-district Poogal(District Bikaner) from Sub-district Lunkaransar(District Bikaner) in Rajasthan.
69197,Barjoo,,474,Poogal,00507500,069197,I,294183,Barala,2005-01-01,2005-01-01,1,The Village Kankarwala(69830)...etc  has been shifted to Sub-district Poogal(District Bikaner) from Sub-district Lunkaransar(District Bikaner) in Rajasthan.
69198,Barala,,474,Poogal,00507600,069198,I,294183,Barala,2005-01-01,2005-01-01,1,The Village Kankarwala(69830)...etc  has been shifted to Sub-district Poogal(District Bikaner) from Sub-district Lunkaransar(District Bikaner) in Rajasthan.
69199,Deensar,,474,Poogal,00509300,069199,U,294183,Barala,2005-01-01,2020-02-11,1,The Village Kankarwala(69830)...etc  has been shifted to Sub-district Poogal(District Bikaner) from Sub-district Lunkaransar(District Bikaner) in Rajasthan.
69200,Bandarwala,,474,Poogal,00509400,069200,I,294183,Barala,2014-03-24,2014-03-24,2,The Village Kankarwala(69830)...etc  has been shifted to Sub-district Poogal(District Bikaner) from Sub-district Lunkaransar(District Bikaner) in Rajasthan.
69201,Bhanipura,,474,Poogal,00509500,069201,I,294175,Bhanipura,2024-06-06,2024-09-05,2,The Village Kankarwala(69830)...etc  has been shifted to Sub-district Poogal(District Bikaner) from Sub-district Lunkaransar(District Bikaner) in Rajasthan.
69766,Aladin Ka Bera,,474,Poogal,00563000,069766,I,262138,40kyd,2025-06-03,2025-07-14,8,The Village Kankarwala(69830)...etc  has been shifted to Sub-district Poogal(District Bikaner) from Sub-district Lunkaransar(District Bikaner) in Rajasthan.
69829,2 Lkd,,474,Poogal,00568600,069829,I,36055,Tharusar,2019-01-08,2019-01-08,4,The Village Kankarwala(69830)...etc  has been shifted to Sub-district Poogal(District Bikaner) from Sub-district Lunkaransar(District Bikaner) in Rajasthan.
69830,Kankrala,कंकराला,474,Poogal,00568700,069830,I,294181,Kankrala,2025-06-03,2025-08-07,23,The Village Kankarwala(69830)...etc  has been shifted to Sub-district Poogal(District Bikaner) from Sub-district Lunkaransar(District Bikaner) in Rajasthan.
914754,2 Jwm,,474,Poogal,,000000,I,262172,Siyasar Panchkosa,2019-01-18,2020-05-17,2,The Village Kankarwala(69830)...etc  has been shifted to Sub-district Poogal(District Bikaner) from Sub-district Lunkaransar(District Bikaner) in Rajasthan.
914769,4 Ssm,,474,Poogal,,000000,I,262172,Siyasar Panchkosa,2019-01-18,2020-05-17,2,The Village Kankarwala(69830)...etc  has been shifted to Sub-district Poogal(District Bikaner) from Sub-district Lunkaransar(District Bikaner) in Rajasthan.
914780,2 Km,,474,Poogal,,000000,I,262170,Bhutto Ka Kuan,2019-01-18,2020-05-16,2,The Village Kankarwala(69830)...etc  has been shifted to Sub-district Poogal(District Bikaner) from Sub-district Lunkaransar(District Bikaner) in Rajasthan.
914783,3 Km Sukhdev Pura,,474,Poogal,,000000,I,262170,Bhutto Ka Kuan,2019-01-18,2020-02-25,2,The Village Kankarwala(69830)...etc  has been shifted to Sub-district Poogal(District Bikaner) from Sub-district Lunkaransar(District Bikaner) in Rajasthan.
931790,Devasar,देवासर,474,Poogal,,000000,I,262172,Siyasar Panchkosa,2018-05-31,2019-01-24,1,The Village Kankarwala(69830)...etc  has been shifted to Sub-district Poogal(District Bikaner) from Sub-district Lunkaransar(District Bikaner) in Rajasthan.
946132,Chak 1 L. M.,चक 1 एल. एम.,474,Poogal,,000000,I,262154,Hanumannagar,2023-06-28,2024-01-12,2,The Village Kankarwala(69830)...etc  has been shifted to Sub-district Poogal(District Bikaner) from Sub-district Lunkaransar(District Bikaner) in Rajasthan.
946133,Chak 2 M.S.M. (A),चक 2 एम.एस.एम. (ए),474,Poogal,,000000,I,262154,Hanumannagar,2023-06-28,2024-01-12,2,The Village Kankarwala(69830)...etc  has been shifted to Sub-district Poogal(District Bikaner) from Sub-district Lunkaransar(District Bikaner) in Rajasthan.
946135,Chak 30 D.O.D.D. (L),चक 30 डी.ओ.डी.डी. (एल),474,Poogal,,000000,I,262154,Hanumannagar,2023-06-28,2024-01-12,2,The Village Kankarwala(69830)...etc  has been shifted to Sub-district Poogal(District Bikaner) from Sub-district Lunkaransar(District Bikaner) in Rajasthan.
946136,Chak 25 D.O.D.D.,चक 25 डी.ओ.डी.डी.,474,Poogal,,000000,I,262154,Hanumannagar,2023-06-28,2023-10-30,1,The Village Kankarwala(69830)...etc  has been shifted to Sub-district Poogal(District Bikaner) from Sub-district Lunkaransar(District Bikaner) in Rajasthan.
946137,Chak 40 D.O.D.D. (Ladhasar),चक 40 डी.ओ.डी.डी. (लाधासर),474,Poogal,,000000,I,262154,Hanumannagar,2023-06-28,2024-01-12,2,The Village Kankarwala(69830)...etc  has been shifted to Sub-district Poogal(District Bikaner) from Sub-district Lunkaransar(District Bikaner) in Rajasthan.
946140,Chak 10-300 D.O.D.D. (L),चक 10-300 डी.ओ.डी.डी. (एल),474,Poogal,,000000,I,36003,Aduri,2023-06-28,2024-01-12,2,The Village Kankarwala(69830)...etc  has been shifted to Sub-district Poogal(District Bikaner) from Sub-district Lunkaransar(District Bikaner) in Rajasthan.
946141,Chak 23-500 D.O.D.D. (R),चक 23-500 डी.ओ.डी.डी. (आर),474,Poogal,,000000,I,36003,Aduri,2023-06-28,2024-01-12,2,The Village Kankarwala(69830)...etc  has been shifted to Sub-district Poogal(District Bikaner) from Sub-district Lunkaransar(District Bikaner) in Rajasthan.
946142,Chak 10-500 D.O.D.D. (R),चक 10-500 डी.ओ.डी.डी. (आर),474,Poogal,,000000,I,36003,Aduri,2023-06-28,2024-01-12,2,The Village Kankarwala(69830)...etc  has been shifted to Sub-district Poogal(District Bikaner) from Sub-district Lunkaransar(District Bikaner) in Rajasthan.
946143,Chak 18-551 D.O.D.D.,चक 18-551 डी.ओ.डी.डी.,474,Poogal,,000000,I,36003,Aduri,2023-06-28,2023-11-20,1,The Village Kankarwala(69830)...etc  has been shifted to Sub-district Poogal(District Bikaner) from Sub-district Lunkaransar(District Bikaner) in Rajasthan.
946144,Chak 38 D.O.D.D. (R),चक 38 डी.ओ.डी.डी. (आर),474,Poogal,,000000,I,36003,Aduri,2023-06-28,2023-11-20,1,The Village Kankarwala(69830)...etc  has been shifted to Sub-district Poogal(District Bikaner) from Sub-district Lunkaransar(District Bikaner) in Rajasthan.
948154,Chila,छीला,474,Poogal,,000000,I,294175,Bhanipura,2024-06-06,2024-09-05,1,The Village Kankarwala(69830)...etc  has been shifted to Sub-district Poogal(District Bikaner) from Sub-district Lunkaransar(District Bikaner) in Rajasthan.
952522,Tharusar-2Dd,थारूसर-2डीडी,474,Poogal,,000000,U,,,2025-06-03,2025-06-30,1,The Village Kankarwala(69830)...etc  has been shifted to Sub-district Poogal(District Bikaner) from Sub-district Lunkaransar(District Bikaner) in Rajasthan.
952547,Amarpura-1Amr,अमरपुरा -1 ए एम आर,474,Poogal,,000000,U,,,2025-06-03,2025-07-02,1,The Village Kankarwala(69830)...etc  has been shifted to Sub-district Poogal(District Bikaner) from Sub-district Lunkaransar(District Bikaner) in Rajasthan.
952548,Amerwala-3Lm,अमेरवाला-3एल एम,474,Poogal,,000000,U,294180,Ramda,2025-06-03,2025-07-02,1,The Village Kankarwala(69830)...etc  has been shifted to Sub-district Poogal(District Bikaner) from Sub-district Lunkaransar(District Bikaner) in Rajasthan.
952590,Surasar-1Sm,सुरासर-1 एस एम,474,Poogal,,000000,U,,,2025-06-03,2025-07-03,1,The Village Kankarwala(69830)...etc  has been shifted to Sub-district Poogal(District Bikaner) from Sub-district Lunkaransar(District Bikaner) in Rajasthan.
952593,Siyasar Panchkosa -662-700 Rd,सियासर पंचकोसा -662-700 आरडी,474,Poogal,,000000,U,,,2025-06-03,2025-07-15,2,The Village Kankarwala(69830)...etc  has been shifted to Sub-district Poogal(District Bikaner) from Sub-district Lunkaransar(District Bikaner) in Rajasthan.
952594,Shivnagar-1Bm,शिवनगर-1बी एम,474,Poogal,,000000,U,,,2025-06-03,2025-07-03,1,The Village Kankarwala(69830)...etc  has been shifted to Sub-district Poogal(District Bikaner) from Sub-district Lunkaransar(District Bikaner) in Rajasthan.
952598,Sammewala-5Smd,सम्मेवाला-5 एस एम डी,474,Poogal,,000000,U,,,2025-06-03,2025-07-03,1,The Village Kankarwala(69830)...etc  has been shifted to Sub-district Poogal(District Bikaner) from Sub-district Lunkaransar(District Bikaner) in Rajasthan.
952600,Roopnagar-1Cm,रूपनगर-1सी एम,474,Poogal,,000000,U,295206,Naada,2025-06-03,2025-07-03,1,The Village Kankarwala(69830)...etc  has been shifted to Sub-district Poogal(District Bikaner) from Sub-district Lunkaransar(District Bikaner) in Rajasthan.
952602,Rasulsar Daber-1Swm,रसूलसर डबेर -1 एस डब्लू एम,474,Poogal,,000000,U,,,2025-06-03,2025-07-03,1,The Village Kankarwala(69830)...etc  has been shifted to Sub-district Poogal(District Bikaner) from Sub-district Lunkaransar(District Bikaner) in Rajasthan.
952753,Ranisar-3Pb,राणीसर -3 पी बी,474,Poogal,,000000,U,,,2025-06-03,2025-07-08,1,The Village Kankarwala(69830)...etc  has been shifted to Sub-district Poogal(District Bikaner) from Sub-district Lunkaransar(District Bikaner) in Rajasthan.
952754,Ranewala-5Kkm,राणेवाला -5 के के एम,474,Poogal,,000000,U,,,2025-06-03,2025-07-08,1,The Village Kankarwala(69830)...etc  has been shifted to Sub-district Poogal(District Bikaner) from Sub-district Lunkaransar(District Bikaner) in Rajasthan.
952755,Ramda-1 Rmd,रामडा-1 आर एम डी,474,Poogal,,000000,U,,,2025-06-03,2025-07-08,1,The Village Kankarwala(69830)...etc  has been shifted to Sub-district Poogal(District Bikaner) from Sub-district Lunkaransar(District Bikaner) in Rajasthan.
952756,Ramai-2Rm,रमई-2आर एम,474,Poogal,,000000,U,,,2025-06-03,2025-07-08,1,The Village Kankarwala(69830)...etc  has been shifted to Sub-district Poogal(District Bikaner) from Sub-district Lunkaransar(District Bikaner) in Rajasthan.
952832,Pugal-3 Rsm A,पुगल - 3 आर एस एम ए,474,Poogal,,000000,U,,,2025-06-03,2025-07-10,1,The Village Kankarwala(69830)...etc  has been shifted to Sub-district Poogal(District Bikaner) from Sub-district Lunkaransar(District Bikaner) in Rajasthan.
952834,Phalawali-10 Dd,फलावाली -10डीडी,474,Poogal,,000000,U,,,2025-06-03,2025-07-10,1,The Village Kankarwala(69830)...etc  has been shifted to Sub-district Poogal(District Bikaner) from Sub-district Lunkaransar(District Bikaner) in Rajasthan.
952836,Pahalwan Ka Bera-4 Bld,पहलवान का बेरा -4 बी एल डी,474,Poogal,,000000,U,,,2025-06-03,2025-07-10,1,The Village Kankarwala(69830)...etc  has been shifted to Sub-district Poogal(District Bikaner) from Sub-district Lunkaransar(District Bikaner) in Rajasthan.
952844,Mekeri-4-7Msm,मैकेरी-4-7 एम एस एम,474,Poogal,,000000,U,,,2025-06-03,2025-07-10,1,The Village Kankarwala(69830)...etc  has been shifted to Sub-district Poogal(District Bikaner) from Sub-district Lunkaransar(District Bikaner) in Rajasthan.
952848,Kheruwala-1Kwsm,खेरूवाला -1के डब्ल्यू एस एम,474,Poogal,,000000,U,,,2025-06-03,2025-07-10,1,The Village Kankarwala(69830)...etc  has been shifted to Sub-district Poogal(District Bikaner) from Sub-district Lunkaransar(District Bikaner) in Rajasthan.
952849,Kheersar-11 M S M,खीरसर - 11 एम एस एम ,474,Poogal,,000000,U,,,2025-06-03,2025-07-10,1,The Village Kankarwala(69830)...etc  has been shifted to Sub-district Poogal(District Bikaner) from Sub-district Lunkaransar(District Bikaner) in Rajasthan.
952853,Karanpura-4Dlm A,करणपुरा -4डी एल एम ए,474,Poogal,,000000,U,,,2025-06-03,2025-07-10,1,The Village Kankarwala(69830)...etc  has been shifted to Sub-district Poogal(District Bikaner) from Sub-district Lunkaransar(District Bikaner) in Rajasthan.
952857,Jodhasar-1Dm,जोधासर-1 डी एम,474,Poogal,,000000,U,,,2025-06-03,2025-07-10,1,The Village Kankarwala(69830)...etc  has been shifted to Sub-district Poogal(District Bikaner) from Sub-district Lunkaransar(District Bikaner) in Rajasthan.
952871,Gogliwala-1Rm,गोगलीवाला-1आर एम,474,Poogal,,000000,U,,,2025-06-02,2025-07-10,1,The Village Kankarwala(69830)...etc  has been shifted to Sub-district Poogal(District Bikaner) from Sub-district Lunkaransar(District Bikaner) in Rajasthan.
952874,Gangajali-1 Khm,गंगाजली-1 के एच एम,474,Poogal,,000000,U,,,2025-06-03,2025-07-10,1,The Village Kankarwala(69830)...etc  has been shifted to Sub-district Poogal(District Bikaner) from Sub-district Lunkaransar(District Bikaner) in Rajasthan.
952875,Ganeshwali-8Msm,गणेशवाली-8 एम एस एम,474,Poogal,,000000,U,,,2025-06-03,2025-07-10,1,The Village Kankarwala(69830)...etc  has been shifted to Sub-district Poogal(District Bikaner) from Sub-district Lunkaransar(District Bikaner) in Rajasthan.
952877,Dhoda-1Dd,धोधा -1डी डी,474,Poogal,,000000,U,,,2025-06-03,2025-07-10,1,The Village Kankarwala(69830)...etc  has been shifted to Sub-district Poogal(District Bikaner) from Sub-district Lunkaransar(District Bikaner) in Rajasthan.
952882,Chakosa-1Ssm,चकोसा -1एस एस एम,474,Poogal,,000000,U,,,2025-06-03,2025-07-10,1,The Village Kankarwala(69830)...etc  has been shifted to Sub-district Poogal(District Bikaner) from Sub-district Lunkaransar(District Bikaner) in Rajasthan.
952883,Chagoliya-2Mm,छगोलिया-2 एम एम,474,Poogal,,000000,U,,,2025-06-03,2025-07-10,1,The Village Kankarwala(69830)...etc  has been shifted to Sub-district Poogal(District Bikaner) from Sub-district Lunkaransar(District Bikaner) in Rajasthan.
952904,Aladin Ka Bera-1 Adm,अलादीन का बेरा -1 ए डी एम,474,Poogal,,000000,U,,,2025-06-03,2025-07-10,1,The Village Kankarwala(69830)...etc  has been shifted to Sub-district Poogal(District Bikaner) from Sub-district Lunkaransar(District Bikaner) in Rajasthan.
952906,Adoori-1Ad Mahadev Nagar,आडूरी -1 ए डी महादेव नगर,474,Poogal,,000000,U,,,2025-06-03,2025-07-10,1,The Village Kankarwala(69830)...etc  has been shifted to Sub-district Poogal(District Bikaner) from Sub-district Lunkaransar(District Bikaner) in Rajasthan.
952927,5 Pb-5Pbb,5 पी बी-5पी बी बी,474,Poogal,,000000,U,262153,2adm,2025-06-03,2025-07-10,1,The Village Kankarwala(69830)...etc  has been shifted to Sub-district Poogal(District Bikaner) from Sub-district Lunkaransar(District Bikaner) in Rajasthan.
953026,Pugal -4 Rsm,पुगल -4 आरएसएम,474,Poogal,,000000,I,36045,Pugal,2025-06-03,2025-07-14,1,The Village Kankarwala(69830)...etc  has been shifted to Sub-district Poogal(District Bikaner) from Sub-district Lunkaransar(District Bikaner) in Rajasthan.
953027,Pugal -4Mm,पुगल -4 एम.एम,474,Poogal,,000000,U,,,2025-06-03,2025-07-14,1,The Village Kankarwala(69830)...etc  has been shifted to Sub-district Poogal(District Bikaner) from Sub-district Lunkaransar(District Bikaner) in Rajasthan.
953028,Pugal-5 Mm,पुगल-5-एम एम,474,Poogal,,000000,I,36045,Pugal,2025-06-03,2025-07-14,1,The Village Kankarwala(69830)...etc  has been shifted to Sub-district Poogal(District Bikaner) from Sub-district Lunkaransar(District Bikaner) in Rajasthan.
953029,Pugal-6-Mm,पुगल-6-एम एम,474,Poogal,,000000,I,36045,Pugal,2025-06-03,2025-07-14,1,The Village Kankarwala(69830)...etc  has been shifted to Sub-district Poogal(District Bikaner) from Sub-district Lunkaransar(District Bikaner) in Rajasthan.
953030,Pugal-7-Mm,पुगल-7-एम एम,474,Poogal,,000000,I,36045,Pugal,2025-06-03,2025-07-14,1,The Village Kankarwala(69830)...etc  has been shifted to Sub-district Poogal(District Bikaner) from Sub-district Lunkaransar(District Bikaner) in Rajasthan.
953031,Kheersar-9 Kwm,खीरसर-9 के डबल्यु एम,474,Poogal,,000000,I,36016,Gangajali,2025-06-03,2025-07-14,1,The Village Kankarwala(69830)...etc  has been shifted to Sub-district Poogal(District Bikaner) from Sub-district Lunkaransar(District Bikaner) in Rajasthan.
953032,Chagoliya-5 Ad,छगोलिया-5 ए डी,474,Poogal,,000000,I,36045,Pugal,2025-06-03,2025-07-14,1,The Village Kankarwala(69830)...etc  has been shifted to Sub-district Poogal(District Bikaner) from Sub-district Lunkaransar(District Bikaner) in Rajasthan.
953033,Ramai-3 Rm,रमई-3 आर एम,474,Poogal,,000000,I,36003,Aduri,2025-06-03,2025-07-14,1,The Village Kankarwala(69830)...etc  has been shifted to Sub-district Poogal(District Bikaner) from Sub-district Lunkaransar(District Bikaner) in Rajasthan.
953034,Gangajali-2 Khm,गंगाजली-2 के एच एम,474,Poogal,,000000,I,36016,Gangajali,2025-06-03,2025-07-14,1,The Village Kankarwala(69830)...etc  has been shifted to Sub-district Poogal(District Bikaner) from Sub-district Lunkaransar(District Bikaner) in Rajasthan.
953035,Gogliwala-4 Rm,गोगलीवाला-4 आर एम,474,Poogal,,000000,I,36003,Aduri,2025-06-03,2025-07-14,1,The Village Kankarwala(69830)...etc  has been shifted to Sub-district Poogal(District Bikaner) from Sub-district Lunkaransar(District Bikaner) in Rajasthan.
953036,Jodhasar-1 Dm(A),जोधासर-1 डी एम (ए),474,Poogal,,000000,I,36012,Delitalai,2025-06-03,2025-07-14,1,The Village Kankarwala(69830)...etc  has been shifted to Sub-district Poogal(District Bikaner) from Sub-district Lunkaransar(District Bikaner) in Rajasthan.
953037,Kheersar-10 Kwm,खीरसर-10 के डबल्यु एम,474,Poogal,,000000,I,36016,Gangajali,2025-06-03,2025-07-14,1,The Village Kankarwala(69830)...etc  has been shifted to Sub-district Poogal(District Bikaner) from Sub-district Lunkaransar(District Bikaner) in Rajasthan.
953038,Pugal-8-Mm,पुगल -8 एम.एम,474,Poogal,,000000,U,,,2025-06-03,2025-07-14,1,The Village Kankarwala(69830)...etc  has been shifted to Sub-district Poogal(District Bikaner) from Sub-district Lunkaransar(District Bikaner) in Rajasthan.
953039,Ramai-3 Rm A,रमई-4-आर एम ए,474,Poogal,,000000,I,36003,Aduri,2025-06-03,2025-07-14,1,The Village Kankarwala(69830)...etc  has been shifted to Sub-district Poogal(District Bikaner) from Sub-district Lunkaransar(District Bikaner) in Rajasthan.
953040,Kheersar-10 Msm,खीरसर -10 एमएसएम,474,Poogal,,000000,U,294179,Kumharwala,2025-06-03,2025-07-14,1,The Village Kankarwala(69830)...etc  has been shifted to Sub-district Poogal(District Bikaner) from Sub-district Lunkaransar(District Bikaner) in Rajasthan.
953041,Pugal-4 Dlm B,पुगल-4 डीएलएम बी,474,Poogal,,000000,U,,,2025-06-03,2025-07-14,1,The Village Kankarwala(69830)...etc  has been shifted to Sub-district Poogal(District Bikaner) from Sub-district Lunkaransar(District Bikaner) in Rajasthan.
953042,Gogliwala-5 Rm,गोगलीवाला-5 आर एम,474,Poogal,,000000,U,,,2025-06-03,2025-07-14,1,The Village Kankarwala(69830)...etc  has been shifted to Sub-district Poogal(District Bikaner) from Sub-district Lunkaransar(District Bikaner) in Rajasthan.
953043,Jodhasar-2 Dm,जोधासर-2 डी एम ,474,Poogal,,000000,U,,,2025-06-03,2025-07-14,1,The Village Kankarwala(69830)...etc  has been shifted to Sub-district Poogal(District Bikaner) from Sub-district Lunkaransar(District Bikaner) in Rajasthan.
953044,Rasulsar Daber-2 Swm,रसूलसरडबेर-2 एसडबल्यूएम,474,Poogal,,000000,U,,,2025-06-03,2025-07-14,1,The Village Kankarwala(69830)...etc  has been shifted to Sub-district Poogal(District Bikaner) from Sub-district Lunkaransar(District Bikaner) in Rajasthan.
953045,Pugal-5 Dlm,पुगल-5 डीएलएम,474,Poogal,,000000,U,,,2025-06-03,2025-07-14,1,The Village Kankarwala(69830)...etc  has been shifted to Sub-district Poogal(District Bikaner) from Sub-district Lunkaransar(District Bikaner) in Rajasthan.
953046,Gangajali-3 Khm,गंगाजली-3 केएचएम,474,Poogal,,000000,U,,,2025-06-03,2025-07-14,1,The Village Kankarwala(69830)...etc  has been shifted to Sub-district Poogal(District Bikaner) from Sub-district Lunkaransar(District Bikaner) in Rajasthan.
953047,Pahalwan Ka Bera -5 Bld,पहलवानका बेरा-5 बीेएलडी,474,Poogal,,000000,U,,,2025-06-03,2025-07-14,1,The Village Kankarwala(69830)...etc  has been shifted to Sub-district Poogal(District Bikaner) from Sub-district Lunkaransar(District Bikaner) in Rajasthan.
953048,Ranisar-4 Pb,राणीसर-4 पीबी,474,Poogal,,000000,U,,,2025-06-03,2025-07-14,1,The Village Kankarwala(69830)...etc  has been shifted to Sub-district Poogal(District Bikaner) from Sub-district Lunkaransar(District Bikaner) in Rajasthan.
953049,Kheruwala-2Kwsm,खेरूवाला-2 केडबल्यूएसएम,474,Poogal,,000000,U,36043,Pahalwan Ka Bera,2025-06-03,2025-07-14,1,The Village Kankarwala(69830)...etc  has been shifted to Sub-district Poogal(District Bikaner) from Sub-district Lunkaransar(District Bikaner) in Rajasthan.
953050,3 Bld-3Bld (B),3 बीएलडी-3 बीएलडी (बी),474,Poogal,,000000,U,,,2025-06-03,2025-07-14,1,The Village Kankarwala(69830)...etc  has been shifted to Sub-district Poogal(District Bikaner) from Sub-district Lunkaransar(District Bikaner) in Rajasthan.
953051,Adoori-3Ad,आडूरी-3 एडी,474,Poogal,,000000,U,,,2025-06-03,2025-07-14,1,The Village Kankarwala(69830)...etc  has been shifted to Sub-district Poogal(District Bikaner) from Sub-district Lunkaransar(District Bikaner) in Rajasthan.
953052,Mekeri-2Msm,मैकेरी-2 एमएसएम,474,Poogal,,000000,U,36035,Makeri,2025-06-03,2025-07-14,1,The Village Kankarwala(69830)...etc  has been shifted to Sub-district Poogal(District Bikaner) from Sub-district Lunkaransar(District Bikaner) in Rajasthan.
953053,Sammewala-6Smd,सम्मेवाला-6एसएमडी,474,Poogal,,000000,U,,,2025-06-03,2025-07-14,1,The Village Kankarwala(69830)...etc  has been shifted to Sub-district Poogal(District Bikaner) from Sub-district Lunkaransar(District Bikaner) in Rajasthan.
953054,Ramda-2Rmd,रामडा -2 आरएमडी,474,Poogal,,000000,U,,,2025-06-03,2025-07-14,2,The Village Kankarwala(69830)...etc  has been shifted to Sub-district Poogal(District Bikaner) from Sub-district Lunkaransar(District Bikaner) in Rajasthan.
953055,Jhudkiya-2 Smd,झुडकिया-2 एसएमडी,474,Poogal,,000000,U,,,2025-06-03,2025-07-14,1,The Village Kankarwala(69830)...etc  has been shifted to Sub-district Poogal(District Bikaner) from Sub-district Lunkaransar(District Bikaner) in Rajasthan.
953056,Adoori-4 Ad,आडूरी-4 एडी,474,Poogal,,000000,U,,,2025-06-03,2025-07-14,1,The Village Kankarwala(69830)...etc  has been shifted to Sub-district Poogal(District Bikaner) from Sub-district Lunkaransar(District Bikaner) in Rajasthan.
953057,Gangajali-1 Khsm,गंगाजली-1 केएचएसएम,474,Poogal,,000000,U,,,2025-06-03,2025-07-14,1,The Village Kankarwala(69830)...etc  has been shifted to Sub-district Poogal(District Bikaner) from Sub-district Lunkaransar(District Bikaner) in Rajasthan.
953058,Gogliwala-6 Rm,गोगलीवाला-6 आरएम,474,Poogal,,000000,U,,,2025-06-03,2025-07-14,1,The Village Kankarwala(69830)...etc  has been shifted to Sub-district Poogal(District Bikaner) from Sub-district Lunkaransar(District Bikaner) in Rajasthan.
953059,Jodhasar-3 Dm,जोधासर-3 डीएम ,474,Poogal,,000000,U,,,2025-06-03,2025-07-14,1,The Village Kankarwala(69830)...etc  has been shifted to Sub-district Poogal(District Bikaner) from Sub-district Lunkaransar(District Bikaner) in Rajasthan.
953060,Pahalwan Ka Bera -16 Dd,पहलवानका बेरा-16 डी.डी,474,Poogal,,000000,U,,,2025-06-03,2025-07-14,1,The Village Kankarwala(69830)...etc  has been shifted to Sub-district Poogal(District Bikaner) from Sub-district Lunkaransar(District Bikaner) in Rajasthan.
953061,Pugal-5 Dlm A,पुगल-5 डीएलएमए,474,Poogal,,000000,U,,,2025-06-03,2025-07-14,1,The Village Kankarwala(69830)...etc  has been shifted to Sub-district Poogal(District Bikaner) from Sub-district Lunkaransar(District Bikaner) in Rajasthan.
953062,Ramda-3Rmd,रामडा-3 आरएमडी,474,Poogal,,000000,U,,,2025-06-03,2025-07-14,1,The Village Kankarwala(69830)...etc  has been shifted to Sub-district Poogal(District Bikaner) from Sub-district Lunkaransar(District Bikaner) in Rajasthan.
953063,Aladin Ka Bera-3Adm,अलादीन का बेरा-3 एडीएम,474,Poogal,,000000,U,,,2025-06-03,2025-07-14,1,The Village Kankarwala(69830)...etc  has been shifted to Sub-district Poogal(District Bikaner) from Sub-district Lunkaransar(District Bikaner) in Rajasthan.
953064,Dhoda-3 Dd,धोधा-3 डीडी,474,Poogal,,000000,U,,,2025-06-03,2025-07-14,1,The Village Kankarwala(69830)...etc  has been shifted to Sub-district Poogal(District Bikaner) from Sub-district Lunkaransar(District Bikaner) in Rajasthan.
953065,Tharusar-1-2Tmr,थारूसर-1-2 टीएमआर,474,Poogal,,000000,U,,,2025-06-03,2025-07-14,1,The Village Kankarwala(69830)...etc  has been shifted to Sub-district Poogal(District Bikaner) from Sub-district Lunkaransar(District Bikaner) in Rajasthan.
953066,Rasulsar Daber-3 Swm,रसूलसरडबेर-3 एसडबल्यूएम,474,Poogal,,000000,U,,,2025-06-03,2025-07-14,1,The Village Kankarwala(69830)...etc  has been shifted to Sub-district Poogal(District Bikaner) from Sub-district Lunkaransar(District Bikaner) in Rajasthan.
953067,Siyasar Panchkosa -676-800 Rd,सियासर पंचकोसा -676-800 आरडी,474,Poogal,,000000,U,262172,Siyasar Panchkosa,2025-06-03,2025-07-15,2,The Village Kankarwala(69830)...etc  has been shifted to Sub-district Poogal(District Bikaner) from Sub-district Lunkaransar(District Bikaner) in Rajasthan.
953068,Ranisar-14 Dd,राणीसर-14 डी डी,474,Poogal,,000000,U,,,2025-06-03,2025-07-14,1,The Village Kankarwala(69830)...etc  has been shifted to Sub-district Poogal(District Bikaner) from Sub-district Lunkaransar(District Bikaner) in Rajasthan.
953069,Ranewala-6Kkm,राणेवाला-6 केकेएम,474,Poogal,,000000,U,,,2025-06-03,2025-07-14,1,The Village Kankarwala(69830)...etc  has been shifted to Sub-district Poogal(District Bikaner) from Sub-district Lunkaransar(District Bikaner) in Rajasthan.
953070,Phalawali-11 Dd,फलावाली-11 डीडी,474,Poogal,,000000,U,,,2025-06-03,2025-07-14,1,The Village Kankarwala(69830)...etc  has been shifted to Sub-district Poogal(District Bikaner) from Sub-district Lunkaransar(District Bikaner) in Rajasthan.
953071,Karanpura-4 Dd,करणपुरा-4 डीडी,474,Poogal,,000000,U,,,2025-06-03,2025-07-14,1,The Village Kankarwala(69830)...etc  has been shifted to Sub-district Poogal(District Bikaner) from Sub-district Lunkaransar(District Bikaner) in Rajasthan.
953072,Chakosa-2 Ssm,चकोसा-2 एसएसएम,474,Poogal,,000000,U,,,2025-06-03,2025-07-14,1,The Village Kankarwala(69830)...etc  has been shifted to Sub-district Poogal(District Bikaner) from Sub-district Lunkaransar(District Bikaner) in Rajasthan.
953073,Surasar- 2Sm,सुरासर-2 एसएम,474,Poogal,,000000,U,,,2025-06-03,2025-07-14,1,The Village Kankarwala(69830)...etc  has been shifted to Sub-district Poogal(District Bikaner) from Sub-district Lunkaransar(District Bikaner) in Rajasthan.
953074,Amarpura-1 Amr A,अमरपुरा-1 एएमआर ए,474,Poogal,,000000,U,,,2025-06-03,2025-07-14,1,The Village Kankarwala(69830)...etc  has been shifted to Sub-district Poogal(District Bikaner) from Sub-district Lunkaransar(District Bikaner) in Rajasthan.
953075,Pugal-6 Ad,पुगल-6-एडी,474,Poogal,,000000,U,,,2025-06-03,2025-07-14,1,The Village Kankarwala(69830)...etc  has been shifted to Sub-district Poogal(District Bikaner) from Sub-district Lunkaransar(District Bikaner) in Rajasthan.
953076,Gogliwala-7 Rm,गोगलीवाला-7 आरएम,474,Poogal,,000000,U,,,2025-06-03,2025-07-14,1,The Village Kankarwala(69830)...etc  has been shifted to Sub-district Poogal(District Bikaner) from Sub-district Lunkaransar(District Bikaner) in Rajasthan.
953077,Gangajali-2 Khsm,गंगाजली-2 केएचएसएम,474,Poogal,,000000,U,,,2025-06-03,2025-07-14,1,The Village Kankarwala(69830)...etc  has been shifted to Sub-district Poogal(District Bikaner) from Sub-district Lunkaransar(District Bikaner) in Rajasthan.
953078,Jodhasar-4 Dm,जोधासर-4 डीएम ,474,Poogal,,000000,U,,,2025-06-03,2025-07-14,1,The Village Kankarwala(69830)...etc  has been shifted to Sub-district Poogal(District Bikaner) from Sub-district Lunkaransar(District Bikaner) in Rajasthan.
953079,Ramai-3 Mm,रमई-3 एमएम,474,Poogal,,000000,U,36003,Aduri,2025-06-03,2025-07-14,1,The Village Kankarwala(69830)...etc  has been shifted to Sub-district Poogal(District Bikaner) from Sub-district Lunkaransar(District Bikaner) in Rajasthan.
953081,Amarpura-2 Amr,अमरपुरा-2 एएमआर,474,Poogal,,000000,U,,,2025-06-03,2025-07-14,1,The Village Kankarwala(69830)...etc  has been shifted to Sub-district Poogal(District Bikaner) from Sub-district Lunkaransar(District Bikaner) in Rajasthan.
953083,Chakosa-3 Ssm,चकोसा-3 एसएसएम,474,Poogal,,000000,U,,,2025-06-03,2025-07-14,1,The Village Kankarwala(69830)...etc  has been shifted to Sub-district Poogal(District Bikaner) from Sub-district Lunkaransar(District Bikaner) in Rajasthan.
953084,Aladin Ka Bera-4Adm,अलादीन का बेरा-4 एडीएम,474,Poogal,,000000,U,,,2025-06-03,2025-07-14,1,The Village Kankarwala(69830)...etc  has been shifted to Sub-district Poogal(District Bikaner) from Sub-district Lunkaransar(District Bikaner) in Rajasthan.
953085,Adoori-1Kwm,आडूरी-1 केडबल्यूएम,474,Poogal,,000000,U,,,2025-06-03,2025-07-14,1,The Village Kankarwala(69830)...etc  has been shifted to Sub-district Poogal(District Bikaner) from Sub-district Lunkaransar(District Bikaner) in Rajasthan.
953087,Dhoda-1 Dlm,धोधा-1 डीएलएम,474,Poogal,,000000,U,,,2025-06-03,2025-07-14,1,The Village Kankarwala(69830)...etc  has been shifted to Sub-district Poogal(District Bikaner) from Sub-district Lunkaransar(District Bikaner) in Rajasthan.
953090,Aladin Ka Bera-12 Pkd (A),अलादीन का बेरा-12 पीकेडी (ए),474,Poogal,,000000,U,262138,40kyd,2025-06-03,2025-07-14,1,The Village Kankarwala(69830)...etc  has been shifted to Sub-district Poogal(District Bikaner) from Sub-district Lunkaransar(District Bikaner) in Rajasthan.
953091,Pugal-9 Ad,पुगल-9 एडी,474,Poogal,,000000,U,,,2025-06-03,2025-07-14,1,The Village Kankarwala(69830)...etc  has been shifted to Sub-district Poogal(District Bikaner) from Sub-district Lunkaransar(District Bikaner) in Rajasthan.
953092,Ramda-1Rm II,रामडा-1 आरएम II,474,Poogal,,000000,U,,,2025-06-03,2025-07-14,1,The Village Kankarwala(69830)...etc  has been shifted to Sub-district Poogal(District Bikaner) from Sub-district Lunkaransar(District Bikaner) in Rajasthan.
953094,Ranewala-7 Kkm,राणेवाला-7 केकेएम,474,Poogal,,000000,U,,,2025-06-03,2025-07-14,1,The Village Kankarwala(69830)...etc  has been shifted to Sub-district Poogal(District Bikaner) from Sub-district Lunkaransar(District Bikaner) in Rajasthan.
953095,Rasulsar Daber-4 Swm,रसूलसरडबेर-4 एसडबल्यूएम,474,Poogal,,000000,U,,,2025-06-03,2025-07-14,1,The Village Kankarwala(69830)...etc  has been shifted to Sub-district Poogal(District Bikaner) from Sub-district Lunkaransar(District Bikaner) in Rajasthan.
953096,Roopnagar-2Cm,रूपनगर-2 सीएम,474,Poogal,,000000,U,295206,Naada,2025-06-03,2025-07-14,1,The Village Kankarwala(69830)...etc  has been shifted to Sub-district Poogal(District Bikaner) from Sub-district Lunkaransar(District Bikaner) in Rajasthan.
953097,Sammewala-7 Smd,सम्मेवाला-7 एसएमडी,474,Poogal,,000000,U,,,2025-06-03,2025-07-14,1,The Village Kankarwala(69830)...etc  has been shifted to Sub-district Poogal(District Bikaner) from Sub-district Lunkaransar(District Bikaner) in Rajasthan.
953099,Shivnagar-3 Bd,शिवनगर-3बीडी,474,Poogal,,000000,U,36051,Shivnagar,2025-06-03,2025-07-14,1,The Village Kankarwala(69830)...etc  has been shifted to Sub-district Poogal(District Bikaner) from Sub-district Lunkaransar(District Bikaner) in Rajasthan.
953100,Surasar- 3Sm,सुरासर-3 एसएम,474,Poogal,,000000,U,,,2025-06-03,2025-07-14,1,The Village Kankarwala(69830)...etc  has been shifted to Sub-district Poogal(District Bikaner) from Sub-district Lunkaransar(District Bikaner) in Rajasthan.
953101,Ranisar-15 Dd,राणीसर-15 डी डी,474,Poogal,,000000,U,,,2025-06-03,2025-07-14,1,The Village Kankarwala(69830)...etc  has been shifted to Sub-district Poogal(District Bikaner) from Sub-district Lunkaransar(District Bikaner) in Rajasthan.
953103,Pugal-10 Ad,पुगल-10 एडी,474,Poogal,,000000,U,,,2025-06-03,2025-07-14,1,The Village Kankarwala(69830)...etc  has been shifted to Sub-district Poogal(District Bikaner) from Sub-district Lunkaransar(District Bikaner) in Rajasthan.
953104,Pahalwan Ka Bera -18 Dd,पहलवानका बेरा-18 डी.डी,474,Poogal,,000000,U,,,2025-06-03,2025-07-14,1,The Village Kankarwala(69830)...etc  has been shifted to Sub-district Poogal(District Bikaner) from Sub-district Lunkaransar(District Bikaner) in Rajasthan.
953105,Dhoda-2 Dlm,धोधा-2 डीएलएम,474,Poogal,,000000,U,,,2025-06-03,2025-07-14,1,The Village Kankarwala(69830)...etc  has been shifted to Sub-district Poogal(District Bikaner) from Sub-district Lunkaransar(District Bikaner) in Rajasthan.
953106,Karanpura-7 Dd,करणपुरा-7 डीडी,474,Poogal,,000000,U,,,2025-06-03,2025-07-14,1,The Village Kankarwala(69830)...etc  has been shifted to Sub-district Poogal(District Bikaner) from Sub-district Lunkaransar(District Bikaner) in Rajasthan.
953108,Jodhasar-4 Dm A,जोधासर-4 डीएम ए,474,Poogal,,000000,U,,,2025-06-03,2025-07-14,1,The Village Kankarwala(69830)...etc  has been shifted to Sub-district Poogal(District Bikaner) from Sub-district Lunkaransar(District Bikaner) in Rajasthan.
953109,Roopnagar-3Cm,रुपनगर-3 सीएम,474,Poogal,,000000,U,295206,Naada,2025-06-03,2026-09-16,1,The Village Kankarwala(69830)...etc  has been shifted to Sub-district Poogal(District Bikaner) from Sub-district Lunkaransar(District Bikaner) in Rajasthan.
953110,Gogliwala-7 Rm (A),गोगलीवाला-7 आरएम (ए),474,Poogal,,000000,U,,,2025-06-03,2025-07-14,1,The Village Kankarwala(69830)...etc  has been shifted to Sub-district Poogal(District Bikaner) from Sub-district Lunkaransar(District Bikaner) in Rajasthan.
953112,Amarpura-3 Amr,अमरपुरा-3 एएमआर,474,Poogal,,000000,U,,,2025-06-03,2025-07-14,1,The Village Kankarwala(69830)...etc  has been shifted to Sub-district Poogal(District Bikaner) from Sub-district Lunkaransar(District Bikaner) in Rajasthan.
953113,Pugal-12-13 Ad,पुगल-12-13 एडी,474,Poogal,,000000,U,,,2025-06-03,2025-07-14,1,The Village Kankarwala(69830)...etc  has been shifted to Sub-district Poogal(District Bikaner) from Sub-district Lunkaransar(District Bikaner) in Rajasthan.
953114,Roopnagar-5Cm,रुपनगर-5 सीएम,474,Poogal,,000000,U,295206,Naada,2025-06-03,2025-07-14,1,The Village Kankarwala(69830)...etc  has been shifted to Sub-district Poogal(District Bikaner) from Sub-district Lunkaransar(District Bikaner) in Rajasthan.
953116,Pugal-13 Ad A,पुगल-13 एडी ए,474,Poogal,,000000,U,,,2025-06-03,2025-07-14,1,The Village Kankarwala(69830)...etc  has been shifted to Sub-district Poogal(District Bikaner) from Sub-district Lunkaransar(District Bikaner) in Rajasthan.
953118,Roopnagar-6Cm,रूपनगर-6 सीएम,474,Poogal,,000000,U,295206,Naada,2025-06-03,2025-07-14,1,The Village Kankarwala(69830)...etc  has been shifted to Sub-district Poogal(District Bikaner) from Sub-district Lunkaransar(District Bikaner) in Rajasthan.
953119,Chakosa-4 Ssm,चकोसा-4 एसएसएम,474,Poogal,,000000,U,,,2025-06-03,2025-07-14,1,The Village Kankarwala(69830)...etc  has been shifted to Sub-district Poogal(District Bikaner) from Sub-district Lunkaransar(District Bikaner) in Rajasthan.
953121,Surasar- 4Sm,सुरासर-4 एसएम,474,Poogal,,000000,U,,,2025-06-03,2025-07-14,1,The Village Kankarwala(69830)...etc  has been shifted to Sub-district Poogal(District Bikaner) from Sub-district Lunkaransar(District Bikaner) in Rajasthan.
953122,Pugal-13 Ad B,पुगल 13 एडी बी,474,Poogal,,000000,U,,,2025-06-03,2025-07-14,1,The Village Kankarwala(69830)...etc  has been shifted to Sub-district Poogal(District Bikaner) from Sub-district Lunkaransar(District Bikaner) in Rajasthan.
953123,Gogliwala-1 Mm,गोगलीवाला-1 एमएम,474,Poogal,,000000,U,,,2025-06-03,2025-07-14,1,The Village Kankarwala(69830)...etc  has been shifted to Sub-district Poogal(District Bikaner) from Sub-district Lunkaransar(District Bikaner) in Rajasthan.
953126,Jodhasar-5 Dm,जोधासर-5 डीएम ,474,Poogal,,000000,U,,,2025-06-03,2025-07-14,1,The Village Kankarwala(69830)...etc  has been shifted to Sub-district Poogal(District Bikaner) from Sub-district Lunkaransar(District Bikaner) in Rajasthan.
953127,Gangajali-5Rmd,गंगाजली-5 आरएमडी,474,Poogal,,000000,U,36016,Gangajali,2025-06-03,2025-07-14,1,The Village Kankarwala(69830)...etc  has been shifted to Sub-district Poogal(District Bikaner) from Sub-district Lunkaransar(District Bikaner) in Rajasthan.
953129,Rasulsar Daber-6 Bld,रसूलसरडबेर-6 बीेलडी,474,Poogal,,000000,U,,,2025-06-03,2025-07-14,1,The Village Kankarwala(69830)...etc  has been shifted to Sub-district Poogal(District Bikaner) from Sub-district Lunkaransar(District Bikaner) in Rajasthan.
953130,Pahalwan Ka Bera -19 Dd,पहलवानका बेरा-19 डी.डी,474,Poogal,,000000,U,,,2025-06-03,2025-07-14,1,The Village Kankarwala(69830)...etc  has been shifted to Sub-district Poogal(District Bikaner) from Sub-district Lunkaransar(District Bikaner) in Rajasthan.
953131,Phalawali-13 Dd,फलावाली-13 डीडी,474,Poogal,,000000,U,294182,2 Pb,2025-06-03,2025-07-14,1,The Village Kankarwala(69830)...etc  has been shifted to Sub-district Poogal(District Bikaner) from Sub-district Lunkaransar(District Bikaner) in Rajasthan.
953134,Tharusar-636 Rd,थारूसर-636 आर डी,474,Poogal,,000000,U,,,2025-06-03,2025-07-14,1,The Village Kankarwala(69830)...etc  has been shifted to Sub-district Poogal(District Bikaner) from Sub-district Lunkaransar(District Bikaner) in Rajasthan.
953135,Surasar-5-6 Sm,सुरासर-5-6 एसएम,474,Poogal,,000000,U,,,2025-06-03,2025-07-14,1,The Village Kankarwala(69830)...etc  has been shifted to Sub-district Poogal(District Bikaner) from Sub-district Lunkaransar(District Bikaner) in Rajasthan.
953155,Gogliwala-1 Rsm,गोगलीवाला-1 आरएसएम,474,Poogal,,000000,U,,,2025-06-03,2025-07-15,1,The Village Kankarwala(69830)...etc  has been shifted to Sub-district Poogal(District Bikaner) from Sub-district Lunkaransar(District Bikaner) in Rajasthan.
953156,Jodhasar-4 Smd,जोधासर-4 एसएमडी,474,Poogal,,000000,U,,,2025-06-03,2025-07-15,1,The Village Kankarwala(69830)...etc  has been shifted to Sub-district Poogal(District Bikaner) from Sub-district Lunkaransar(District Bikaner) in Rajasthan.
953157,Dhoda-4 Dlm,धोधा-4 डीएलएम,474,Poogal,,000000,U,,,2025-06-03,2025-07-15,1,The Village Kankarwala(69830)...etc  has been shifted to Sub-district Poogal(District Bikaner) from Sub-district Lunkaransar(District Bikaner) in Rajasthan.
953158,Karanpura-5 Dd,करणपुरा-5 डीडी,474,Poogal,,000000,U,,,2025-06-03,2025-07-15,1,The Village Kankarwala(69830)...etc  has been shifted to Sub-district Poogal(District Bikaner) from Sub-district Lunkaransar(District Bikaner) in Rajasthan.
953159,Pahalwan Ka Bera -20 Dd,पहलवानका बेरा-20 डी.डी,474,Poogal,,000000,U,,,2025-06-03,2025-07-15,1,The Village Kankarwala(69830)...etc  has been shifted to Sub-district Poogal(District Bikaner) from Sub-district Lunkaransar(District Bikaner) in Rajasthan.
953160,Kankrala-1 Lkd A,कंकराला-1 एलकेडी ए,474,Poogal,,000000,U,,,2025-06-03,2025-07-15,1,The Village Kankarwala(69830)...etc  has been shifted to Sub-district Poogal(District Bikaner) from Sub-district Lunkaransar(District Bikaner) in Rajasthan.
953161,Amarpura-4 Amr,अमरपुरा-4 एएमआर,474,Poogal,,000000,U,,,2025-06-03,2025-07-15,1,The Village Kankarwala(69830)...etc  has been shifted to Sub-district Poogal(District Bikaner) from Sub-district Lunkaransar(District Bikaner) in Rajasthan.
953162,Pugal-1 Rsm,पुगल-1आरएसएम,474,Poogal,,000000,U,,,2025-06-03,2025-07-15,1,The Village Kankarwala(69830)...etc  has been shifted to Sub-district Poogal(District Bikaner) from Sub-district Lunkaransar(District Bikaner) in Rajasthan.
953163,Ramda-2Rm II,रामडा-2 आरएम II,474,Poogal,,000000,U,,,2025-06-03,2025-07-15,1,The Village Kankarwala(69830)...etc  has been shifted to Sub-district Poogal(District Bikaner) from Sub-district Lunkaransar(District Bikaner) in Rajasthan.
953164,Ranewala-8 Kkm,राणेवाला-8 केकेएम,474,Poogal,,000000,U,,,2025-06-03,2025-07-15,1,The Village Kankarwala(69830)...etc  has been shifted to Sub-district Poogal(District Bikaner) from Sub-district Lunkaransar(District Bikaner) in Rajasthan.
953165,Pugal -2 Rsm,पुगल -2 आरएसएम,474,Poogal,,000000,U,,,2025-06-03,2025-07-15,1,The Village Kankarwala(69830)...etc  has been shifted to Sub-district Poogal(District Bikaner) from Sub-district Lunkaransar(District Bikaner) in Rajasthan.
953166,Ranisar-17 Dd,राणीसर-17 डी डी,474,Poogal,,000000,U,,,2025-06-03,2025-07-15,1,The Village Kankarwala(69830)...etc  has been shifted to Sub-district Poogal(District Bikaner) from Sub-district Lunkaransar(District Bikaner) in Rajasthan.
953167,Rasulsar Daber-6 Bld(A),रसूलसरडबेर-6 बीेलडी(ए),474,Poogal,,000000,U,,,2025-06-03,2025-07-15,1,The Village Kankarwala(69830)...etc  has been shifted to Sub-district Poogal(District Bikaner) from Sub-district Lunkaransar(District Bikaner) in Rajasthan.
953168,Roopnagar-7Cm,रूपनगर-7 सीएम,474,Poogal,,000000,U,295206,Naada,2025-06-03,2025-07-15,1,The Village Kankarwala(69830)...etc  has been shifted to Sub-district Poogal(District Bikaner) from Sub-district Lunkaransar(District Bikaner) in Rajasthan.
953169,Surasar-1-2 Ssm,सुरासर-1-2 एसएसएम,474,Poogal,,000000,U,36024,Karnisar Bhatiyan,2025-06-03,2025-07-15,1,The Village Kankarwala(69830)...etc  has been shifted to Sub-district Poogal(District Bikaner) from Sub-district Lunkaransar(District Bikaner) in Rajasthan.
953170,Roopnagar-8Cm,रुपनगर-8 सीएम,474,Poogal,,000000,U,295206,Naada,2025-06-03,2025-07-15,1,The Village Kankarwala(69830)...etc  has been shifted to Sub-district Poogal(District Bikaner) from Sub-district Lunkaransar(District Bikaner) in Rajasthan.
953171,Sammewala-8 Smd,सम्मेवाला-8 एसएमडी,474,Poogal,,000000,U,,,2025-06-03,2025-07-15,1,The Village Kankarwala(69830)...etc  has been shifted to Sub-district Poogal(District Bikaner) from Sub-district Lunkaransar(District Bikaner) in Rajasthan.
953172,Roopnagar-9Cm,रुपनगर-9 सीएम,474,Poogal,,000000,U,36004,Amarpura,2025-06-03,2025-07-15,1,The Village Kankarwala(69830)...etc  has been shifted to Sub-district Poogal(District Bikaner) from Sub-district Lunkaransar(District Bikaner) in Rajasthan.
953210,Amarpura -8 Bd,अमरपुरा -8 बीडी,474,Poogal,,000000,U,,,2025-06-03,2025-07-15,1,The Village Kankarwala(69830)...etc  has been shifted to Sub-district Poogal(District Bikaner) from Sub-district Lunkaransar(District Bikaner) in Rajasthan.
953214,Pugal -3 Rsm,पुगल -3 आरएसएम,474,Poogal,,000000,U,,,2025-06-03,2025-07-15,1,The Village Kankarwala(69830)...etc  has been shifted to Sub-district Poogal(District Bikaner) from Sub-district Lunkaransar(District Bikaner) in Rajasthan.
953267,Pugal -12 Dd,पुगल - 12 डीडी,474,Poogal,,000000,U,,,2025-06-03,2025-07-15,1,The Village Kankarwala(69830)...etc  has been shifted to Sub-district Poogal(District Bikaner) from Sub-district Lunkaransar(District Bikaner) in Rajasthan.
953270,Ramda -3 Rm II,रामडा -3 आरएम II,474,Poogal,,000000,U,,,2025-06-03,2025-07-15,1,The Village Kankarwala(69830)...etc  has been shifted to Sub-district Poogal(District Bikaner) from Sub-district Lunkaransar(District Bikaner) in Rajasthan.
953271,Ranisar- 1 Pb,राणीसर -1 पीबी,474,Poogal,,000000,U,,,2025-06-03,2025-07-15,1,The Village Kankarwala(69830)...etc  has been shifted to Sub-district Poogal(District Bikaner) from Sub-district Lunkaransar(District Bikaner) in Rajasthan.
953275,Jodhasar -3 Smd,जोधासर -3 एसएमडी,474,Poogal,,000000,U,,,2025-06-03,2025-07-15,1,The Village Kankarwala(69830)...etc  has been shifted to Sub-district Poogal(District Bikaner) from Sub-district Lunkaransar(District Bikaner) in Rajasthan.
953277,Gogliwala - 2 Rsm,गोगलीवाला-2 आरएसएम,474,Poogal,,000000,U,,,2025-06-03,2025-07-15,1,The Village Kankarwala(69830)...etc  has been shifted to Sub-district Poogal(District Bikaner) from Sub-district Lunkaransar(District Bikaner) in Rajasthan.
953282,Kankrala -1 Lkd B,कंकराला-1 एलकेडी बी,474,Poogal,,000000,U,,,2025-06-03,2025-07-15,1,The Village Kankarwala(69830)...etc  has been shifted to Sub-district Poogal(District Bikaner) from Sub-district Lunkaransar(District Bikaner) in Rajasthan.
953283,Gogliwala -2Rsm A,गोगलीवाला-2 आरएसएम ए,474,Poogal,,000000,U,,,2025-06-03,2025-07-15,1,The Village Kankarwala(69830)...etc  has been shifted to Sub-district Poogal(District Bikaner) from Sub-district Lunkaransar(District Bikaner) in Rajasthan.
953284,Amarpura -1 Djm,अमरपुरा -1 डीजेएम,474,Poogal,,000000,U,295206,Naada,2025-06-03,2025-07-15,1,The Village Kankarwala(69830)...etc  has been shifted to Sub-district Poogal(District Bikaner) from Sub-district Lunkaransar(District Bikaner) in Rajasthan.
953288,Ranewala-1 Dkd,राणेवाला-1डीकेडी,474,Poogal,,000000,U,,,2025-06-03,2025-07-15,1,The Village Kankarwala(69830)...etc  has been shifted to Sub-district Poogal(District Bikaner) from Sub-district Lunkaransar(District Bikaner) in Rajasthan.
953290,Karanpura -3Dlm,करणपुरा -3 डीएलएम,474,Poogal,,000000,U,,,2025-06-03,2025-07-15,1,The Village Kankarwala(69830)...etc  has been shifted to Sub-district Poogal(District Bikaner) from Sub-district Lunkaransar(District Bikaner) in Rajasthan.
953292,Tharusar -650 Rd,थारूसर -650 आरडी,474,Poogal,,000000,U,,,2025-06-03,2025-07-15,1,The Village Kankarwala(69830)...etc  has been shifted to Sub-district Poogal(District Bikaner) from Sub-district Lunkaransar(District Bikaner) in Rajasthan.
953295,Sammewala -10 Smd,सम्मेवाला - एसएमडी,474,Poogal,,000000,U,,,2025-06-03,2025-07-15,1,The Village Kankarwala(69830)...etc  has been shifted to Sub-district Poogal(District Bikaner) from Sub-district Lunkaransar(District Bikaner) in Rajasthan.
953300,Ranisar -1 Bld,राणीसर -1बीएलडी,474,Poogal,,000000,U,,,2025-06-03,2025-07-15,1,The Village Kankarwala(69830)...etc  has been shifted to Sub-district Poogal(District Bikaner) from Sub-district Lunkaransar(District Bikaner) in Rajasthan.
953301,Dhoda -1 Drm,धोधा -1 डीआरएम,474,Poogal,,000000,U,,,2025-06-03,2025-07-15,1,The Village Kankarwala(69830)...etc  has been shifted to Sub-district Poogal(District Bikaner) from Sub-district Lunkaransar(District Bikaner) in Rajasthan.
953303,Ramda -1 Rm Old,रामडा -1 आरएम ओल्ड,474,Poogal,,000000,U,,,2025-06-03,2025-07-15,1,The Village Kankarwala(69830)...etc  has been shifted to Sub-district Poogal(District Bikaner) from Sub-district Lunkaransar(District Bikaner) in Rajasthan.
953306,Gogliwala -7 Dodd R,गोगलीवाला -7 डीओडीडी आर,474,Poogal,,000000,U,,,2025-06-03,2025-07-15,1,The Village Kankarwala(69830)...etc  has been shifted to Sub-district Poogal(District Bikaner) from Sub-district Lunkaransar(District Bikaner) in Rajasthan.
953310,Rasulsar Daber -7 Bld,रसूलसर डबेर -7 बीएलडी,474,Poogal,,000000,U,,,2025-06-03,2025-07-15,1,The Village Kankarwala(69830)...etc  has been shifted to Sub-district Poogal(District Bikaner) from Sub-district Lunkaransar(District Bikaner) in Rajasthan.
953316,Gogliwala - 16-500 Dodd,गोगलीवाला-16-500 डीओडीडी,474,Poogal,,000000,U,,,2025-06-03,2025-07-15,1,The Village Kankarwala(69830)...etc  has been shifted to Sub-district Poogal(District Bikaner) from Sub-district Lunkaransar(District Bikaner) in Rajasthan.
953318,Pugal -3 Kwm A,पुगल -3 केडबल्युएम ए,474,Poogal,,000000,U,,,2025-06-03,2025-07-15,1,The Village Kankarwala(69830)...etc  has been shifted to Sub-district Poogal(District Bikaner) from Sub-district Lunkaransar(District Bikaner) in Rajasthan.
953320,Pugal -3 Kwm B,पुगल -3 केडबल्युएम बी,474,Poogal,,000000,U,,,2025-06-03,2025-07-15,1,The Village Kankarwala(69830)...etc  has been shifted to Sub-district Poogal(District Bikaner) from Sub-district Lunkaransar(District Bikaner) in Rajasthan.
953323,Amarpura -2 Djm,अमरपुरा -2 डीजेएम,474,Poogal,,000000,U,295206,Naada,2025-06-03,2025-07-15,1,The Village Kankarwala(69830)...etc  has been shifted to Sub-district Poogal(District Bikaner) from Sub-district Lunkaransar(District Bikaner) in Rajasthan.
953324,Pugal -3 Kwm B,पुगल -3 केडबल्युएम बी,474,Poogal,,000000,U,,,2025-06-03,2025-07-15,1,The Village Kankarwala(69830)...etc  has been shifted to Sub-district Poogal(District Bikaner) from Sub-district Lunkaransar(District Bikaner) in Rajasthan.
953325,Pugal -4 Kwm,पुगल -4 केडबल्युएम,474,Poogal,,000000,U,,,2025-06-03,2025-07-15,1,The Village Kankarwala(69830)...etc  has been shifted to Sub-district Poogal(District Bikaner) from Sub-district Lunkaransar(District Bikaner) in Rajasthan.
953327,Amarpura - 3 Djm,अमरपुरा -3 डीजेएम,474,Poogal,,000000,U,295206,Naada,2025-06-03,2025-07-15,1,The Village Kankarwala(69830)...etc  has been shifted to Sub-district Poogal(District Bikaner) from Sub-district Lunkaransar(District Bikaner) in Rajasthan.
953328,Dhoda - 2 Drm,धोधा -2 डीआरएम,474,Poogal,,000000,U,,,2025-06-03,2025-07-15,1,The Village Kankarwala(69830)...etc  has been shifted to Sub-district Poogal(District Bikaner) from Sub-district Lunkaransar(District Bikaner) in Rajasthan.
953330,Amarpura -4 Djm,अमरपुरा -4 डीजेएम,474,Poogal,,000000,U,295206,Naada,2025-06-03,2025-07-15,1,The Village Kankarwala(69830)...etc  has been shifted to Sub-district Poogal(District Bikaner) from Sub-district Lunkaransar(District Bikaner) in Rajasthan.
953331,Pugal -6 Kwm,पुगल -6 केडबल्युएम,474,Poogal,,000000,U,,,2025-06-03,2025-07-15,1,The Village Kankarwala(69830)...etc  has been shifted to Sub-district Poogal(District Bikaner) from Sub-district Lunkaransar(District Bikaner) in Rajasthan.
953332,Amarpura -4 Djm A,अमरपुरा -4 डीजेएम ए,474,Poogal,,000000,U,295206,Naada,2025-06-03,2025-07-15,1,The Village Kankarwala(69830)...etc  has been shifted to Sub-district Poogal(District Bikaner) from Sub-district Lunkaransar(District Bikaner) in Rajasthan.
953334,Pugal -7 Kwm,पुगल -7 केडबल्युएम,474,Poogal,,000000,U,,,2025-06-03,2025-07-15,1,The Village Kankarwala(69830)...etc  has been shifted to Sub-district Poogal(District Bikaner) from Sub-district Lunkaransar(District Bikaner) in Rajasthan.
953335,Amarpura -5 Djm,अमरपुरा -5 डीजेएम,474,Poogal,,000000,U,295206,Naada,2025-06-03,2025-07-15,1,The Village Kankarwala(69830)...etc  has been shifted to Sub-district Poogal(District Bikaner) from Sub-district Lunkaransar(District Bikaner) in Rajasthan.
953336,Kankrala -1 Dpm,कंकराला - 1डीपीएम,474,Poogal,,000000,U,,,2025-06-03,2025-07-15,1,The Village Kankarwala(69830)...etc  has been shifted to Sub-district Poogal(District Bikaner) from Sub-district Lunkaransar(District Bikaner) in Rajasthan.
953337,Ranewala -3 Dkd,राणेवाला -3 डीकेडी,474,Poogal,,000000,U,,,2025-06-03,2025-07-15,1,The Village Kankarwala(69830)...etc  has been shifted to Sub-district Poogal(District Bikaner) from Sub-district Lunkaransar(District Bikaner) in Rajasthan.
953340,Amarpura -6 Djm,अमरपुरा -6 डीजेएम,474,Poogal,,000000,U,295206,Naada,2025-06-03,2025-07-15,1,The Village Kankarwala(69830)...etc  has been shifted to Sub-district Poogal(District Bikaner) from Sub-district Lunkaransar(District Bikaner) in Rajasthan.
953392,Rasulsar Daber - 8 Bld,रसूलसरडबेर - 8 बीएलडी,474,Poogal,,000000,U,,,2025-06-03,2025-07-16,1,The Village Kankarwala(69830)...etc  has been shifted to Sub-district Poogal(District Bikaner) from Sub-district Lunkaransar(District Bikaner) in Rajasthan.
953393,Ranisar - 1 Pkd,राणीसर - 1 पीकेडी,474,Poogal,,000000,U,,,2025-06-03,2025-07-16,1,The Village Kankarwala(69830)...etc  has been shifted to Sub-district Poogal(District Bikaner) from Sub-district Lunkaransar(District Bikaner) in Rajasthan.
953395,Jodhasar - 10 Djm,जोधासर - 10 डीजेएम,474,Poogal,,000000,U,,,2025-06-03,2025-07-16,1,The Village Kankarwala(69830)...etc  has been shifted to Sub-district Poogal(District Bikaner) from Sub-district Lunkaransar(District Bikaner) in Rajasthan.
953397,Kankrala -3 Sdwm U,कंकराला -3 एसडीडबल्यूएम यु,474,Poogal,,000000,U,,,2025-06-03,2025-07-16,1,The Village Kankarwala(69830)...etc  has been shifted to Sub-district Poogal(District Bikaner) from Sub-district Lunkaransar(District Bikaner) in Rajasthan.
953398,Karanpura - 6 Dd,करणपुरा-6 डीडी,474,Poogal,,000000,U,,,2025-06-03,2025-07-16,1,The Village Kankarwala(69830)...etc  has been shifted to Sub-district Poogal(District Bikaner) from Sub-district Lunkaransar(District Bikaner) in Rajasthan.
953401,Ramda -2 Lm,रामडा -2 एलएम,474,Poogal,,000000,U,,,2025-06-03,2025-07-16,1,The Village Kankarwala(69830)...etc  has been shifted to Sub-district Poogal(District Bikaner) from Sub-district Lunkaransar(District Bikaner) in Rajasthan.
953402,Dhoda- 3 Drm,धोधा -3 डीआरएम,474,Poogal,,000000,U,,,2025-06-03,2025-07-16,1,The Village Kankarwala(69830)...etc  has been shifted to Sub-district Poogal(District Bikaner) from Sub-district Lunkaransar(District Bikaner) in Rajasthan.
953403,Ranewala-3 Dkd A,राणेवाला -3 डीकेडी ए,474,Poogal,,000000,U,,,2025-06-03,2025-07-16,1,The Village Kankarwala(69830)...etc  has been shifted to Sub-district Poogal(District Bikaner) from Sub-district Lunkaransar(District Bikaner) in Rajasthan.
953407,Pugal -6 Msm,पुगल -6 एमएसएम,474,Poogal,,000000,U,,,2025-06-03,2025-07-16,1,The Village Kankarwala(69830)...etc  has been shifted to Sub-district Poogal(District Bikaner) from Sub-district Lunkaransar(District Bikaner) in Rajasthan.
953415,Amarpura -1 Bwm,अमरपुरा-1 बीडबल्युएम,474,Poogal,,000000,U,,,2025-06-03,2025-07-16,1,The Village Kankarwala(69830)...etc  has been shifted to Sub-district Poogal(District Bikaner) from Sub-district Lunkaransar(District Bikaner) in Rajasthan.
953422,Pugal -2 Kwm,पुगल -2 केडबल्युएम,474,Poogal,,000000,U,,,2025-06-03,2025-07-16,1,The Village Kankarwala(69830)...etc  has been shifted to Sub-district Poogal(District Bikaner) from Sub-district Lunkaransar(District Bikaner) in Rajasthan.
953424,Jodhasar - 11 Djm,जोधासर - 11 डीजेएम,474,Poogal,,000000,U,,,2025-06-03,2025-07-16,1,The Village Kankarwala(69830)...etc  has been shifted to Sub-district Poogal(District Bikaner) from Sub-district Lunkaransar(District Bikaner) in Rajasthan.
953425,Rasoolsar Daber - 9 Bld,रसुलसरडबेर - 9 बीएलडी,474,Poogal,,000000,U,,,2025-06-03,2025-07-16,1,The Village Kankarwala(69830)...etc  has been shifted to Sub-district Poogal(District Bikaner) from Sub-district Lunkaransar(District Bikaner) in Rajasthan.
953428,Ranisar - 1 Pkd A,राणीसर - 1 पीकेडी ए,474,Poogal,,000000,U,,,2025-06-03,2025-07-16,1,The Village Kankarwala(69830)...etc  has been shifted to Sub-district Poogal(District Bikaner) from Sub-district Lunkaransar(District Bikaner) in Rajasthan.
953429,Ramda -4 Lm,रामडा -4 एलएम,474,Poogal,,000000,U,,,2025-06-03,2025-07-16,1,The Village Kankarwala(69830)...etc  has been shifted to Sub-district Poogal(District Bikaner) from Sub-district Lunkaransar(District Bikaner) in Rajasthan.
953430,Sammewala - 12Smd,सम्मेवाला-12एसएमडी,474,Poogal,,000000,U,,,2025-06-03,2025-07-16,1,The Village Kankarwala(69830)...etc  has been shifted to Sub-district Poogal(District Bikaner) from Sub-district Lunkaransar(District Bikaner) in Rajasthan.
953434,Ranewala-4 Dkd A,राणेवाला-4 डीकेडी ए,474,Poogal,,000000,U,,,2025-06-03,2025-07-16,1,The Village Kankarwala(69830)...etc  has been shifted to Sub-district Poogal(District Bikaner) from Sub-district Lunkaransar(District Bikaner) in Rajasthan.
953435,Karanpura - 8 Dd,करणपुरा-8 डीडी,474,Poogal,,000000,U,,,2025-06-03,2025-07-16,1,The Village Kankarwala(69830)...etc  has been shifted to Sub-district Poogal(District Bikaner) from Sub-district Lunkaransar(District Bikaner) in Rajasthan.
953437,Siyasar Panchkosa- 676-800,सीयासर पंचकोसा-676-800,474,Poogal,,000000,U,,,2025-06-03,2025-07-16,1,The Village Kankarwala(69830)...etc  has been shifted to Sub-district Poogal(District Bikaner) from Sub-district Lunkaransar(District Bikaner) in Rajasthan.
953439,Kankrala -4 Sdwm U,कंकराला -4 एसडीडबल्यूएम यु,474,Poogal,,000000,U,,,2025-06-03,2025-07-16,1,The Village Kankarwala(69830)...etc  has been shifted to Sub-district Poogal(District Bikaner) from Sub-district Lunkaransar(District Bikaner) in Rajasthan.
953442,Dhoda- 2 Dpm A,धोधा -2 डीपीएम ए,474,Poogal,,000000,U,,,2025-06-03,2025-07-16,1,The Village Kankarwala(69830)...etc  has been shifted to Sub-district Poogal(District Bikaner) from Sub-district Lunkaransar(District Bikaner) in Rajasthan.
953448,Amarpura -2 Bwm,अमरपुरा -2 बीडबल्युएम,474,Poogal,,000000,U,,,2025-06-03,2025-07-16,1,The Village Kankarwala(69830)...etc  has been shifted to Sub-district Poogal(District Bikaner) from Sub-district Lunkaransar(District Bikaner) in Rajasthan.
953455,Jodhasar - 11 Djm A,जोधासर - 11 डीजेएम ए,474,Poogal,,000000,U,,,2025-06-03,2025-07-16,1,The Village Kankarwala(69830)...etc  has been shifted to Sub-district Poogal(District Bikaner) from Sub-district Lunkaransar(District Bikaner) in Rajasthan.
953460,Ramda -2 Dodd,रामडा -2 डीओडीडी,474,Poogal,,000000,U,,,2025-06-03,2025-07-16,1,The Village Kankarwala(69830)...etc  has been shifted to Sub-district Poogal(District Bikaner) from Sub-district Lunkaransar(District Bikaner) in Rajasthan.
953461,Ranisar - 4 Pkd,राणीसर -4 पीकेडी,474,Poogal,,000000,U,,,2025-06-03,2025-07-16,1,The Village Kankarwala(69830)...etc  has been shifted to Sub-district Poogal(District Bikaner) from Sub-district Lunkaransar(District Bikaner) in Rajasthan.
953462,Jodhasar - 12 Djm,जोधासर - 12 डीजेएम,474,Poogal,,000000,U,,,2025-06-03,2025-07-16,1,The Village Kankarwala(69830)...etc  has been shifted to Sub-district Poogal(District Bikaner) from Sub-district Lunkaransar(District Bikaner) in Rajasthan.
953463,Sammewala - 14 Smd,सम्मेवाला - 14 एसएमडी,474,Poogal,,000000,U,262164,Sammewala,2025-06-03,2025-07-16,1,The Village Kankarwala(69830)...etc  has been shifted to Sub-district Poogal(District Bikaner) from Sub-district Lunkaransar(District Bikaner) in Rajasthan.
953464,Rasulsar Daber - 1 Dbm,रसुलसरडबेर - 1 डीबीएम,474,Poogal,,000000,U,,,2025-06-03,2025-07-16,1,The Village Kankarwala(69830)...etc  has been shifted to Sub-district Poogal(District Bikaner) from Sub-district Lunkaransar(District Bikaner) in Rajasthan.
953467,Dhoda- 2 Dpm B,धोधा -2 डीपीएम बी,474,Poogal,,000000,U,36055,Tharusar,2025-06-03,2025-07-16,1,The Village Kankarwala(69830)...etc  has been shifted to Sub-district Poogal(District Bikaner) from Sub-district Lunkaransar(District Bikaner) in Rajasthan.
953480,Jodhasar - 2 Djsm,जोधासर -2 डीजेएसएम,474,Poogal,,000000,U,,,2025-06-03,2025-07-16,1,The Village Kankarwala(69830)...etc  has been shifted to Sub-district Poogal(District Bikaner) from Sub-district Lunkaransar(District Bikaner) in Rajasthan.
953481,Rasulsar Daber - 2 Dbm,रसुलसरडबेर - 2 डीबीएम,474,Poogal,,000000,U,,,2025-06-03,2025-07-16,1,The Village Kankarwala(69830)...etc  has been shifted to Sub-district Poogal(District Bikaner) from Sub-district Lunkaransar(District Bikaner) in Rajasthan.
953485,Jodhasar - 1-3 Djsm,जोधासर - 1-3 डीजेएसएम,474,Poogal,,000000,U,,,2025-06-03,2025-07-16,1,The Village Kankarwala(69830)...etc  has been shifted to Sub-district Poogal(District Bikaner) from Sub-district Lunkaransar(District Bikaner) in Rajasthan.
953488,Ranisar - 5 Pkd,राणीसर -5 पीकेडी,474,Poogal,,000000,U,,,2025-06-03,2025-07-16,1,The Village Kankarwala(69830)...etc  has been shifted to Sub-district Poogal(District Bikaner) from Sub-district Lunkaransar(District Bikaner) in Rajasthan.
953490,Rasulsar Daber - 3 Dbm,रसूलसरडबेर - 3 डीबीएम,474,Poogal,,000000,U,,,2025-06-03,2025-07-16,1,The Village Kankarwala(69830)...etc  has been shifted to Sub-district Poogal(District Bikaner) from Sub-district Lunkaransar(District Bikaner) in Rajasthan.
953492,Jodhasar - 1Dodd A,जोधासर - 1 डीओडीडी ए,474,Poogal,,000000,U,,,2025-06-03,2025-07-16,1,The Village Kankarwala(69830)...etc  has been shifted to Sub-district Poogal(District Bikaner) from Sub-district Lunkaransar(District Bikaner) in Rajasthan.
953493,Amarpura -3 Bwm,अमरपुरा -3 बीडबल्युएम,474,Poogal,,000000,U,,,2025-06-03,2025-07-16,1,The Village Kankarwala(69830)...etc  has been shifted to Sub-district Poogal(District Bikaner) from Sub-district Lunkaransar(District Bikaner) in Rajasthan.
953495,Jodhasar - 7 Djm,जोधासर -7 डीजेएम,474,Poogal,,000000,U,,,2025-06-03,2025-07-16,1,The Village Kankarwala(69830)...etc  has been shifted to Sub-district Poogal(District Bikaner) from Sub-district Lunkaransar(District Bikaner) in Rajasthan.
953496,Siyasar Panchkosa -1 Jwm,सीयासर पंचकोसा -1जेडबल्युएम,474,Poogal,,000000,U,,,2025-06-03,2025-07-16,1,The Village Kankarwala(69830)...etc  has been shifted to Sub-district Poogal(District Bikaner) from Sub-district Lunkaransar(District Bikaner) in Rajasthan.
953498,Kankrala -1 Kkm A,कंकराला -1 केकेएम ए,474,Poogal,,000000,U,,,2025-06-03,2025-07-16,1,The Village Kankarwala(69830)...etc  has been shifted to Sub-district Poogal(District Bikaner) from Sub-district Lunkaransar(District Bikaner) in Rajasthan.
953502,Amarpura -4 Bwm,अमरपुरा -4 बीडबल्युएम,474,Poogal,,000000,U,,,2025-06-03,2025-07-16,1,The Village Kankarwala(69830)...etc  has been shifted to Sub-district Poogal(District Bikaner) from Sub-district Lunkaransar(District Bikaner) in Rajasthan.
953505,Rasulsar Daber - 4 Dbm,रसूलसरडबेर - 4 डीबीएम,474,Poogal,,000000,U,,,2025-06-03,2025-07-16,1,The Village Kankarwala(69830)...etc  has been shifted to Sub-district Poogal(District Bikaner) from Sub-district Lunkaransar(District Bikaner) in Rajasthan.
953506,Ranisar - 6-8 Pkd,राणीसर -6-8 पीकेडी,474,Poogal,,000000,U,,,2025-06-03,2025-07-16,1,The Village Kankarwala(69830)...etc  has been shifted to Sub-district Poogal(District Bikaner) from Sub-district Lunkaransar(District Bikaner) in Rajasthan.
953508,Ranewala-5 Dkd,राणेवाला-5 डीकेडी,474,Poogal,,000000,U,,,2025-06-03,2025-07-16,1,The Village Kankarwala(69830)...etc  has been shifted to Sub-district Poogal(District Bikaner) from Sub-district Lunkaransar(District Bikaner) in Rajasthan.
953511,Ramda -11 Khm,रामडा -11 केएचएम,474,Poogal,,000000,U,,,2025-06-03,2025-07-16,1,The Village Kankarwala(69830)...etc  has been shifted to Sub-district Poogal(District Bikaner) from Sub-district Lunkaransar(District Bikaner) in Rajasthan.
953513,Karanpura - 9 Dd,करणपुरा-9 डीडी,474,Poogal,,000000,U,,,2025-06-03,2025-07-16,1,The Village Kankarwala(69830)...etc  has been shifted to Sub-district Poogal(District Bikaner) from Sub-district Lunkaransar(District Bikaner) in Rajasthan.
953515,Jodhasar - 5-7 Lm,जोधासर - 5-7 एलएम,474,Poogal,,000000,U,,,2025-06-03,2025-07-16,1,The Village Kankarwala(69830)...etc  has been shifted to Sub-district Poogal(District Bikaner) from Sub-district Lunkaransar(District Bikaner) in Rajasthan.
953519,Jodhasar - 6 Lm,जोधासर - 6 एलएम,474,Poogal,,000000,U,,,2025-06-03,2025-07-16,1,The Village Kankarwala(69830)...etc  has been shifted to Sub-district Poogal(District Bikaner) from Sub-district Lunkaransar(District Bikaner) in Rajasthan.
953522,Amarpura -5-8 Bwm,अमरपुरा -5-8 बीडबल्युएम,474,Poogal,,000000,U,,,2025-06-03,2025-07-16,1,The Village Kankarwala(69830)...etc  has been shifted to Sub-district Poogal(District Bikaner) from Sub-district Lunkaransar(District Bikaner) in Rajasthan.
953535,Jodhasar - 8 Lm,जोधासर - 8 एलएम,474,Poogal,,000000,U,,,2025-06-03,2025-07-16,1,The Village Kankarwala(69830)...etc  has been shifted to Sub-district Poogal(District Bikaner) from Sub-district Lunkaransar(District Bikaner) in Rajasthan.
953539,Ramda -45 Dodd,रामडा -45 डीओडीडी,474,Poogal,,000000,U,,,2025-06-03,2025-07-16,1,The Village Kankarwala(69830)...etc  has been shifted to Sub-district Poogal(District Bikaner) from Sub-district Lunkaransar(District Bikaner) in Rajasthan.
953541,Rasulsar Daber - 11 Pb A,रसूलसरडबेर - 11 पीबी ए,474,Poogal,,000000,U,,,2025-06-03,2025-07-16,1,The Village Kankarwala(69830)...etc  has been shifted to Sub-district Poogal(District Bikaner) from Sub-district Lunkaransar(District Bikaner) in Rajasthan.
953543,Ranisar - 7 Pkd,राणीसर -7 पीकेडी,474,Poogal,,000000,U,,,2025-06-03,2025-07-16,1,The Village Kankarwala(69830)...etc  has been shifted to Sub-district Poogal(District Bikaner) from Sub-district Lunkaransar(District Bikaner) in Rajasthan.
953548,Siyasar Panchkosa-2 Jwm,सीयासर पंचकोसा -2 जेडबल्युएम,474,Poogal,,000000,U,,,2025-06-03,2025-07-16,1,The Village Kankarwala(69830)...etc  has been shifted to Sub-district Poogal(District Bikaner) from Sub-district Lunkaransar(District Bikaner) in Rajasthan.
953549,Kankrala -1 Kkm B,कंकराला -1 केकेएम बी,474,Poogal,,000000,U,,,2025-06-03,2025-07-16,1,The Village Kankarwala(69830)...etc  has been shifted to Sub-district Poogal(District Bikaner) from Sub-district Lunkaransar(District Bikaner) in Rajasthan.
953561,Siyasar Panchkosa- 3 Jwm,सीयासर पंचकोसा -3 जेडबल्युएम,474,Poogal,,000000,U,,,2025-06-03,2025-07-17,1,The Village Kankarwala(69830)...etc  has been shifted to Sub-district Poogal(District Bikaner) from Sub-district Lunkaransar(District Bikaner) in Rajasthan.
953562,Rasulsar Daber-11 Pb Old,रसूलसर डबेर-11 पीबी ओल्ड,474,Poogal,,000000,U,,,2025-06-03,2025-07-17,1,The Village Kankarwala(69830)...etc  has been shifted to Sub-district Poogal(District Bikaner) from Sub-district Lunkaransar(District Bikaner) in Rajasthan.
953563,Siyasar Panchkosa -4Jwm,सियासर पंचकोसा -4 जेडबल्युएम,474,Poogal,,000000,U,,,2025-06-03,2025-07-17,1,The Village Kankarwala(69830)...etc  has been shifted to Sub-district Poogal(District Bikaner) from Sub-district Lunkaransar(District Bikaner) in Rajasthan.
953564,Ramda-9 Khm,रामडा -9 केएचएम,474,Poogal,,000000,U,,,2025-06-03,2025-07-17,1,The Village Kankarwala(69830)...etc  has been shifted to Sub-district Poogal(District Bikaner) from Sub-district Lunkaransar(District Bikaner) in Rajasthan.
953565,Amarpura -6-7 Bwm,अमरपुरा -6-7 बीडबल्युएम,474,Poogal,,000000,U,,,2025-06-03,2025-07-17,1,The Village Kankarwala(69830)...etc  has been shifted to Sub-district Poogal(District Bikaner) from Sub-district Lunkaransar(District Bikaner) in Rajasthan.
953566,Jodhasar -2 Bm,जोधासर-2 बीएम,474,Poogal,,000000,U,,,2025-06-03,2025-07-17,1,The Village Kankarwala(69830)...etc  has been shifted to Sub-district Poogal(District Bikaner) from Sub-district Lunkaransar(District Bikaner) in Rajasthan.
953567,Kankrala -2 Kkm,कंकराला -2 केकेएम,474,Poogal,,000000,U,,,2025-06-03,2025-07-17,1,The Village Kankarwala(69830)...etc  has been shifted to Sub-district Poogal(District Bikaner) from Sub-district Lunkaransar(District Bikaner) in Rajasthan.
953568,Ramda -1 Msm,रामडा -1 एमएसएम,474,Poogal,,000000,U,,,2025-06-03,2025-07-17,1,The Village Kankarwala(69830)...etc  has been shifted to Sub-district Poogal(District Bikaner) from Sub-district Lunkaransar(District Bikaner) in Rajasthan.
953569,Ranewala -6 Dkd,राणेवाला -6 डीकेडी,474,Poogal,,000000,U,,,2025-06-03,2025-07-17,1,The Village Kankarwala(69830)...etc  has been shifted to Sub-district Poogal(District Bikaner) from Sub-district Lunkaransar(District Bikaner) in Rajasthan.
953570,Ranisar-13 Dkd A,राणीसर-13 डीकेडी ए,474,Poogal,,000000,U,,,2025-06-03,2025-07-17,1,The Village Kankarwala(69830)...etc  has been shifted to Sub-district Poogal(District Bikaner) from Sub-district Lunkaransar(District Bikaner) in Rajasthan.
953571,Rasulsar Daber -3 Ngm,रसूलसर डबेर -3 एनजीएम,474,Poogal,,000000,U,,,2025-06-03,2025-07-17,1,The Village Kankarwala(69830)...etc  has been shifted to Sub-district Poogal(District Bikaner) from Sub-district Lunkaransar(District Bikaner) in Rajasthan.
953574,Amarpura -9-10 Bwm,अमरपुरा -9-10 बीडब्‍लूएम,474,Poogal,,000000,U,,,2025-06-03,2025-07-17,1,The Village Kankarwala(69830)...etc  has been shifted to Sub-district Poogal(District Bikaner) from Sub-district Lunkaransar(District Bikaner) in Rajasthan.
953576,Jodhasar -3 Bm,जोधासर -3 बीेएम,474,Poogal,,000000,U,,,2025-06-03,2025-07-17,1,The Village Kankarwala(69830)...etc  has been shifted to Sub-district Poogal(District Bikaner) from Sub-district Lunkaransar(District Bikaner) in Rajasthan.
953581,Siyasar Panchkosa -600-500 Rd,सीयासर पंचकोसा - 600-500 आरडी,474,Poogal,,000000,U,,,2025-06-03,2025-07-17,1,The Village Kankarwala(69830)...etc  has been shifted to Sub-district Poogal(District Bikaner) from Sub-district Lunkaransar(District Bikaner) in Rajasthan.
953582,Kankrala -3 Kkm,कंकराला -3 केकेएम,474,Poogal,,000000,U,,,2025-06-03,2025-07-17,1,The Village Kankarwala(69830)...etc  has been shifted to Sub-district Poogal(District Bikaner) from Sub-district Lunkaransar(District Bikaner) in Rajasthan.
953729,Amarpura -11-14 Bwm,अमरपुरा -11-14 बीडब्लूएम,474,Poogal,,000000,U,,,2025-06-03,2025-07-17,1,The Village Kankarwala(69830)...etc  has been shifted to Sub-district Poogal(District Bikaner) from Sub-district Lunkaransar(District Bikaner) in Rajasthan.
953730,Jodhasar -4 Bm,जोधासर -4 बीएम,474,Poogal,,000000,U,,,2025-06-03,2025-07-17,1,The Village Kankarwala(69830)...etc  has been shifted to Sub-district Poogal(District Bikaner) from Sub-district Lunkaransar(District Bikaner) in Rajasthan.
953732,Kankrala -1Mdwm,कंकराला -1 एमडीडब्लूएम,474,Poogal,,000000,U,,,2025-06-03,2025-07-17,1,The Village Kankarwala(69830)...etc  has been shifted to Sub-district Poogal(District Bikaner) from Sub-district Lunkaransar(District Bikaner) in Rajasthan.
953733,Ranisar -14 Dkd (B),राणीसर -14 डीकेडी (बी),474,Poogal,,000000,U,,,2025-06-03,2025-07-17,1,The Village Kankarwala(69830)...etc  has been shifted to Sub-district Poogal(District Bikaner) from Sub-district Lunkaransar(District Bikaner) in Rajasthan.
953734,Rasulsar Daber -4Ngm,रसूलसरडबेर -4 एनजीएम,474,Poogal,,000000,U,,,2025-06-03,2025-07-17,1,The Village Kankarwala(69830)...etc  has been shifted to Sub-district Poogal(District Bikaner) from Sub-district Lunkaransar(District Bikaner) in Rajasthan.
953735,Amarpura -12 Bwm,अमरपुरा -12 बीडब्लूएम,474,Poogal,,000000,U,,,2025-06-03,2025-07-17,1,The Village Kankarwala(69830)...etc  has been shifted to Sub-district Poogal(District Bikaner) from Sub-district Lunkaransar(District Bikaner) in Rajasthan.
953755,Amarpura - 13 Bwm,अमरपुरा -13 बीडब्लूएम,474,Poogal,,000000,U,,,2025-06-03,2025-07-17,1,The Village Kankarwala(69830)...etc  has been shifted to Sub-district Poogal(District Bikaner) from Sub-district Lunkaransar(District Bikaner) in Rajasthan.
953758,Jodhasar -5 Bm,जोधासर -5 बीएम,474,Poogal,,000000,U,,,2025-06-03,2025-07-17,1,The Village Kankarwala(69830)...etc  has been shifted to Sub-district Poogal(District Bikaner) from Sub-district Lunkaransar(District Bikaner) in Rajasthan.
953761,Jodhasar -6 Bm,जोधासर -6 बीएम,474,Poogal,,000000,U,,,2025-06-03,2025-07-17,1,The Village Kankarwala(69830)...etc  has been shifted to Sub-district Poogal(District Bikaner) from Sub-district Lunkaransar(District Bikaner) in Rajasthan.
953762,Ranewala -7 Dkd,राणेवाला -7 डीकेडी,474,Poogal,,000000,U,,,2025-06-03,2025-07-17,1,The Village Kankarwala(69830)...etc  has been shifted to Sub-district Poogal(District Bikaner) from Sub-district Lunkaransar(District Bikaner) in Rajasthan.
953763,Amarpura - 15 Bwm,अमरपुरा -15 बीडब्लूएम,474,Poogal,,000000,U,,,2025-06-03,2025-07-17,1,The Village Kankarwala(69830)...etc  has been shifted to Sub-district Poogal(District Bikaner) from Sub-district Lunkaransar(District Bikaner) in Rajasthan.
953771,Jodhasar -7 Bm,जोधासर -7 बीएम,474,Poogal,,000000,U,,,2025-06-03,2025-07-17,1,The Village Kankarwala(69830)...etc  has been shifted to Sub-district Poogal(District Bikaner) from Sub-district Lunkaransar(District Bikaner) in Rajasthan.
953776,Rasulsar Daber- 5 Ngm,रसूलसरडबेर -5 एनजीएम,474,Poogal,,000000,U,,,2025-06-03,2025-07-17,1,The Village Kankarwala(69830)...etc  has been shifted to Sub-district Poogal(District Bikaner) from Sub-district Lunkaransar(District Bikaner) in Rajasthan.
953778,Ranisar -13 Dkd B,राणीसर -13 डीकेडी बी,474,Poogal,,000000,U,,,2025-06-03,2025-07-17,1,The Village Kankarwala(69830)...etc  has been shifted to Sub-district Poogal(District Bikaner) from Sub-district Lunkaransar(District Bikaner) in Rajasthan.
953787,Kankrala -2Mdwm,कंकराला -2 एमडीडब्लूएम,474,Poogal,,000000,U,,,2025-06-03,2025-07-17,1,The Village Kankarwala(69830)...etc  has been shifted to Sub-district Poogal(District Bikaner) from Sub-district Lunkaransar(District Bikaner) in Rajasthan.
953797,Rasulsar Daber -8 Pb,रसूलसरडबेर -8 पीबी,474,Poogal,,000000,U,,,2025-06-03,2025-07-17,1,The Village Kankarwala(69830)...etc  has been shifted to Sub-district Poogal(District Bikaner) from Sub-district Lunkaransar(District Bikaner) in Rajasthan.
953810,Rasulsar Daber -9 Pb,रसूलसरडबेर -9 पीबी,474,Poogal,,000000,U,,,2025-06-03,2025-07-18,1,The Village Kankarwala(69830)...etc  has been shifted to Sub-district Poogal(District Bikaner) from Sub-district Lunkaransar(District Bikaner) in Rajasthan.
953812,Ranisar -14 Dkd A,राणीसर -14 डीकेडी ए,474,Poogal,,000000,U,,,2025-06-03,2025-07-18,1,The Village Kankarwala(69830)...etc  has been shifted to Sub-district Poogal(District Bikaner) from Sub-district Lunkaransar(District Bikaner) in Rajasthan.
953813,Ranewala -9 Dkd,राणेवाला -9 डीकेडी,474,Poogal,,000000,U,,,2025-06-03,2025-07-18,1,The Village Kankarwala(69830)...etc  has been shifted to Sub-district Poogal(District Bikaner) from Sub-district Lunkaransar(District Bikaner) in Rajasthan.
953821,Amarpura - 1 Bd,अमरपुरा -1 बीडी,474,Poogal,,000000,U,,,2025-06-03,2025-07-18,1,The Village Kankarwala(69830)...etc  has been shifted to Sub-district Poogal(District Bikaner) from Sub-district Lunkaransar(District Bikaner) in Rajasthan.
953859,Jodhasar -8 Bm,जोधासर -8 बीएम,474,Poogal,,000000,U,,,2025-06-03,2025-07-18,1,The Village Kankarwala(69830)...etc  has been shifted to Sub-district Poogal(District Bikaner) from Sub-district Lunkaransar(District Bikaner) in Rajasthan.
953868,Parvti Talai (Chak 2 Dm-A),पार्वती तलाई (चक 2 डीएम-ए),474,Poogal,,000000,I,36012,Delitalai,2025-03-04,2025-07-18,1,The Village Kankarwala(69830)...etc  has been shifted to Sub-district Poogal(District Bikaner) from Sub-district Lunkaransar(District Bikaner) in Rajasthan.
954369,Rasulsar Daber - 10 Pb,रसूलसरडबेर - 10 पीबी,474,Poogal,,000000,U,,,2025-06-03,2025-07-22,1,The Village Kankarwala(69830)...etc  has been shifted to Sub-district Poogal(District Bikaner) from Sub-district Lunkaransar(District Bikaner) in Rajasthan.
954370,Ranisar - 2 Bld,राणीसर - 2 बीएलडी,474,Poogal,,000000,U,,,2025-06-03,2025-07-22,1,The Village Kankarwala(69830)...etc  has been shifted to Sub-district Poogal(District Bikaner) from Sub-district Lunkaransar(District Bikaner) in Rajasthan.
954371,Ranewala - 9 Dkd A,राणेवाला - 9 डीकेडी ए,474,Poogal,,000000,U,,,2025-06-03,2025-07-22,1,The Village Kankarwala(69830)...etc  has been shifted to Sub-district Poogal(District Bikaner) from Sub-district Lunkaransar(District Bikaner) in Rajasthan.
954372,3 Bld - 3 Bld A,3 बीएलडी - 3 बीएलडी ए,474,Poogal,,000000,U,294182,2 Pb,2025-06-03,2025-07-22,1,The Village Kankarwala(69830)...etc  has been shifted to Sub-district Poogal(District Bikaner) from Sub-district Lunkaransar(District Bikaner) in Rajasthan.
954373,Rasulsar Daber - 11 Pb (B),रसूलसरडबेर - 11 पीबी (बी),474,Poogal,,000000,U,,,2025-06-03,2025-07-22,1,The Village Kankarwala(69830)...etc  has been shifted to Sub-district Poogal(District Bikaner) from Sub-district Lunkaransar(District Bikaner) in Rajasthan.
954375,Ranisar - 2 Adm,राणीसर - 2 एडीएम,474,Poogal,,000000,U,,,2025-06-03,2025-07-22,1,The Village Kankarwala(69830)...etc  has been shifted to Sub-district Poogal(District Bikaner) from Sub-district Lunkaransar(District Bikaner) in Rajasthan.
954377,Amarpura - 1 Bd A,अमरपुरा - 1 बीडी ए,474,Poogal,,000000,U,,,2025-06-03,2025-07-22,1,The Village Kankarwala(69830)...etc  has been shifted to Sub-district Poogal(District Bikaner) from Sub-district Lunkaransar(District Bikaner) in Rajasthan.
954386,Ranewala - 10 Dkd B,राणेवाला - 10 डीकेडी बी,474,Poogal,,000000,U,,,2025-06-03,2025-07-22,1,The Village Kankarwala(69830)...etc  has been shifted to Sub-district Poogal(District Bikaner) from Sub-district Lunkaransar(District Bikaner) in Rajasthan.
954387,Ranisar - 6 Pb (A),राणीसर - 6 पीबी (ए),474,Poogal,,000000,U,,,2025-06-03,2025-07-22,1,The Village Kankarwala(69830)...etc  has been shifted to Sub-district Poogal(District Bikaner) from Sub-district Lunkaransar(District Bikaner) in Rajasthan.
954388,Rasulsar Daber - 10 Bld,रसूलसरडबेर - 10 बीएलडी,474,Poogal,,000000,U,,,2025-06-03,2025-07-22,1,The Village Kankarwala(69830)...etc  has been shifted to Sub-district Poogal(District Bikaner) from Sub-district Lunkaransar(District Bikaner) in Rajasthan.
954389,Ranewala - 11 Dkd,राणेवाला - 11 डीकेडी,474,Poogal,,000000,U,,,2025-06-03,2025-07-22,1,The Village Kankarwala(69830)...etc  has been shifted to Sub-district Poogal(District Bikaner) from Sub-district Lunkaransar(District Bikaner) in Rajasthan.
954390,Rasulsar Daber - 11 Bld,रसूलसरडबेर - 11 बीएलडी,474,Poogal,,000000,U,,,2025-06-03,2025-07-22,1,The Village Kankarwala(69830)...etc  has been shifted to Sub-district Poogal(District Bikaner) from Sub-district Lunkaransar(District Bikaner) in Rajasthan.
954392,Amarpura - 2 Bd,अमरपुरा - 2 बी.डी,474,Poogal,,000000,U,,,2025-06-03,2025-07-22,1,The Village Kankarwala(69830)...etc  has been shifted to Sub-district Poogal(District Bikaner) from Sub-district Lunkaransar(District Bikaner) in Rajasthan.
954393,Ranisar - 6 Pb (B),राणीसर - 6 पीबी (बी),474,Poogal,,000000,U,,,2025-06-03,2025-07-22,1,The Village Kankarwala(69830)...etc  has been shifted to Sub-district Poogal(District Bikaner) from Sub-district Lunkaransar(District Bikaner) in Rajasthan.
954394,Rasulsar Daber - 11 Bld (A),रसूलसरडबेर - 11 बीएलडी (ए),474,Poogal,,000000,U,,,2025-06-03,2025-07-22,1,The Village Kankarwala(69830)...etc  has been shifted to Sub-district Poogal(District Bikaner) from Sub-district Lunkaransar(District Bikaner) in Rajasthan.
954396,Amarpura - 9 Bm,अमरपुरा - 9 बी.एम,474,Poogal,,000000,U,,,2025-06-03,2025-07-22,1,The Village Kankarwala(69830)...etc  has been shifted to Sub-district Poogal(District Bikaner) from Sub-district Lunkaransar(District Bikaner) in Rajasthan.
954397,Ranisar - 7 Pb (A),राणीसर - 7 पीबी (ए),474,Poogal,,000000,U,,,2025-06-03,2025-07-22,1,The Village Kankarwala(69830)...etc  has been shifted to Sub-district Poogal(District Bikaner) from Sub-district Lunkaransar(District Bikaner) in Rajasthan.
954399,Rasulsar Daber - 12 Bld (A),रसूलसरडबेर - 12 बीएलडी (ए),474,Poogal,,000000,U,,,2025-06-03,2025-07-22,1,The Village Kankarwala(69830)...etc  has been shifted to Sub-district Poogal(District Bikaner) from Sub-district Lunkaransar(District Bikaner) in Rajasthan.
954400,Amarpura - 1 Rm Cad,अमरपुरा - 1 आरएम सीएडी,474,Poogal,,000000,U,,,2025-06-03,2025-07-22,1,The Village Kankarwala(69830)...etc  has been shifted to Sub-district Poogal(District Bikaner) from Sub-district Lunkaransar(District Bikaner) in Rajasthan.
954411,Rasulsar Daber - 12 Bld (B),रसूलसरडबेर - 12 बीएलडी (बी),474,Poogal,,000000,U,,,2025-06-03,2025-07-22,1,The Village Kankarwala(69830)...etc  has been shifted to Sub-district Poogal(District Bikaner) from Sub-district Lunkaransar(District Bikaner) in Rajasthan.
954412,Ranisar - 7 Pb (B),राणीसर - 7 पीबी (बी),474,Poogal,,000000,U,,,2025-06-03,2025-07-22,1,The Village Kankarwala(69830)...etc  has been shifted to Sub-district Poogal(District Bikaner) from Sub-district Lunkaransar(District Bikaner) in Rajasthan.
954413,Ranewala - 2 Pkd,राणेवाला - 2 पीकेडी,474,Poogal,,000000,U,,,2025-06-03,2025-07-22,1,The Village Kankarwala(69830)...etc  has been shifted to Sub-district Poogal(District Bikaner) from Sub-district Lunkaransar(District Bikaner) in Rajasthan.
954419,Amarpura - 1 Rm Old,अमरपुरा - 1 आरएमओल्ड,474,Poogal,,000000,U,,,2025-06-03,2025-07-22,1,The Village Kankarwala(69830)...etc  has been shifted to Sub-district Poogal(District Bikaner) from Sub-district Lunkaransar(District Bikaner) in Rajasthan.
954422,Rasulsar Daber - 13 Bld,रसूलसरडबेर - 13 बीएलडी,474,Poogal,,000000,U,,,2025-06-03,2025-07-22,1,The Village Kankarwala(69830)...etc  has been shifted to Sub-district Poogal(District Bikaner) from Sub-district Lunkaransar(District Bikaner) in Rajasthan.
954424,Ranisar - 10 Pkd,राणीसर - 10 पीकेडी,474,Poogal,,000000,U,,,2025-06-03,2025-07-22,1,The Village Kankarwala(69830)...etc  has been shifted to Sub-district Poogal(District Bikaner) from Sub-district Lunkaransar(District Bikaner) in Rajasthan.
954425,Ranisar - 9 Pkd,राणीसर - 9 पीकेडी,474,Poogal,,000000,U,294182,2 Pb,2025-06-03,2025-07-22,1,The Village Kankarwala(69830)...etc  has been shifted to Sub-district Poogal(District Bikaner) from Sub-district Lunkaransar(District Bikaner) in Rajasthan.
954426,Ranewala - 2 Pkd A,राणेवाला - 2 पीकेडी ए,474,Poogal,,000000,U,,,2025-06-03,2025-07-22,1,The Village Kankarwala(69830)...etc  has been shifted to Sub-district Poogal(District Bikaner) from Sub-district Lunkaransar(District Bikaner) in Rajasthan.
954427,Jodhasar - 5 Bd,जोधासर -5 बी.डी,474,Poogal,,000000,U,,,2025-06-03,2025-07-22,1,The Village Kankarwala(69830)...etc  has been shifted to Sub-district Poogal(District Bikaner) from Sub-district Lunkaransar(District Bikaner) in Rajasthan.
954428,Ranewala - 3 Pkd,राणेवाला - 3 पीकेडी,474,Poogal,,000000,U,,,2025-06-03,2025-07-22,1,The Village Kankarwala(69830)...etc  has been shifted to Sub-district Poogal(District Bikaner) from Sub-district Lunkaransar(District Bikaner) in Rajasthan.
954429,Amarpura - 2 Rm,अमरपुरा - 2 आरएम,474,Poogal,,000000,U,,,2025-06-03,2025-07-22,1,The Village Kankarwala(69830)...etc  has been shifted to Sub-district Poogal(District Bikaner) from Sub-district Lunkaransar(District Bikaner) in Rajasthan.
954441,Ranewala - 12 Dkd,राणेवाला - 12 डीकेडी,474,Poogal,,000000,U,,,2025-06-03,2025-07-22,1,The Village Kankarwala(69830)...etc  has been shifted to Sub-district Poogal(District Bikaner) from Sub-district Lunkaransar(District Bikaner) in Rajasthan.
954451,Jodhasar - 6 Bd,जोधासर -6 बी.डी,474,Poogal,,000000,U,,,2025-06-03,2025-07-22,1,The Village Kankarwala(69830)...etc  has been shifted to Sub-district Poogal(District Bikaner) from Sub-district Lunkaransar(District Bikaner) in Rajasthan.
954454,Ranewala - 4 Drm,राणेवाला - 4 डीआरएम,474,Poogal,,000000,U,,,2025-06-03,2025-07-22,1,The Village Kankarwala(69830)...etc  has been shifted to Sub-district Poogal(District Bikaner) from Sub-district Lunkaransar(District Bikaner) in Rajasthan.
954466,Ranewala - 4 Kkm,राणेवाला - 4 केकेएम,474,Poogal,,000000,U,,,2025-06-03,2025-07-22,1,The Village Kankarwala(69830)...etc  has been shifted to Sub-district Poogal(District Bikaner) from Sub-district Lunkaransar(District Bikaner) in Rajasthan.
954470,Ranewala - 5 Drm,राणेवाला - 5 डीआरएम,474,Poogal,,000000,U,36013,Dandi,2025-06-03,2025-07-22,1,The Village Kankarwala(69830)...etc  has been shifted to Sub-district Poogal(District Bikaner) from Sub-district Lunkaransar(District Bikaner) in Rajasthan.
954496,Amarpura - 3 Rm,अमरपुरा - 3 आरएम,474,Poogal,,000000,U,,,2025-06-03,2025-07-22,1,The Village Kankarwala(69830)...etc  has been shifted to Sub-district Poogal(District Bikaner) from Sub-district Lunkaransar(District Bikaner) in Rajasthan.
954499,Jodhasar - 8 Djm,जोधासर -8 डीजेएम,474,Poogal,,000000,U,,,2025-06-03,2025-07-22,1,The Village Kankarwala(69830)...etc  has been shifted to Sub-district Poogal(District Bikaner) from Sub-district Lunkaransar(District Bikaner) in Rajasthan.
954557,Jodhasar - 9 Djm,जोधासर - 9 डीजेएम,474,Poogal,,000000,U,36012,Delitalai,2025-06-03,2025-07-23,1,The Village Kankarwala(69830)...etc  has been shifted to Sub-district Poogal(District Bikaner) from Sub-district Lunkaransar(District Bikaner) in Rajasthan.
954707,Amarpura - 5Rm,अमरपुरा - 5 आरएम,474,Poogal,,000000,U,36004,Amarpura,2025-06-03,2025-07-23,1,The Village Kankarwala(69830)...etc  has been shifted to Sub-district Poogal(District Bikaner) from Sub-district Lunkaransar(District Bikaner) in Rajasthan.
956106,Pugal -8 Kwm,पुगल -8 के डब्ल्यूएम,474,Poogal,,000000,U,,,2025-06-03,2025-08-07,1,The Village Kankarwala(69830)...etc  has been shifted to Sub-district Poogal(District Bikaner) from Sub-district Lunkaransar(District Bikaner) in Rajasthan.
956107,Kankrala-1 Sdwml I,कंकराला-1 एसडीडब्ल्यूएमएल I,474,Poogal,,000000,U,294181,Kankrala,2025-06-03,2025-08-07,1,The Village Kankarwala(69830)...etc  has been shifted to Sub-district Poogal(District Bikaner) from Sub-district Lunkaransar(District Bikaner) in Rajasthan.
956108,Jodhasar -1 Smd,जोधासर -1 एसएमडी,474,Poogal,,000000,U,36012,Delitalai,2025-06-03,2025-08-07,1,The Village Kankarwala(69830)...etc  has been shifted to Sub-district Poogal(District Bikaner) from Sub-district Lunkaransar(District Bikaner) in Rajasthan.
956109,Amarpura-6 Cdy,अमरपुरा - 6 सीडीवाई,474,Poogal,,000000,U,,,2025-06-03,2025-08-07,1,The Village Kankarwala(69830)...etc  has been shifted to Sub-district Poogal(District Bikaner) from Sub-district Lunkaransar(District Bikaner) in Rajasthan.
956110,Pugal -9 Msm,पुगल -9 एमएसएम,474,Poogal,,000000,U,36045,Pugal,2025-06-03,2025-08-08,1,The Village Kankarwala(69830)...etc  has been shifted to Sub-district Poogal(District Bikaner) from Sub-district Lunkaransar(District Bikaner) in Rajasthan.
956111,Amarpura- 8 Cdy,अमरपुरा - 8 सीडीवाई,474,Poogal,,000000,U,,,2025-06-03,2025-08-08,1,The Village Kankarwala(69830)...etc  has been shifted to Sub-district Poogal(District Bikaner) from Sub-district Lunkaransar(District Bikaner) in Rajasthan.
956112,Amarpura-1 Km,अमरपुरा - 1 के एम,474,Poogal,,000000,U,,,2025-06-03,2025-08-08,1,The Village Kankarwala(69830)...etc  has been shifted to Sub-district Poogal(District Bikaner) from Sub-district Lunkaransar(District Bikaner) in Rajasthan.
956113,Amarpura -2 Km,अमरपुरा - 2 के एम,474,Poogal,,000000,U,,,2025-06-03,2025-08-08,1,The Village Kankarwala(69830)...etc  has been shifted to Sub-district Poogal(District Bikaner) from Sub-district Lunkaransar(District Bikaner) in Rajasthan.
956114,Amarpura-4 Bd,अमरपुरा - 4 बी.डी,474,Poogal,,000000,U,,,2025-06-03,2025-08-08,1,The Village Kankarwala(69830)...etc  has been shifted to Sub-district Poogal(District Bikaner) from Sub-district Lunkaransar(District Bikaner) in Rajasthan.
956115,Amarpura-7 Bd,अमरपुरा - 7 बी.डी,474,Poogal,,000000,U,36004,Amarpura,2025-06-03,2025-08-08,1,The Village Kankarwala(69830)...etc  has been shifted to Sub-district Poogal(District Bikaner) from Sub-district Lunkaransar(District Bikaner) in Rajasthan.
960176,Naya Motasar,नया मोटासर,474,Poogal,,000000,I,294182,2 Pb,2025-03-18,2026-02-11,1,The Village Kankarwala(69830)...etc  has been shifted to Sub-district Poogal(District Bikaner) from Sub-district Lunkaransar(District Bikaner) in Rajasthan.
960245,Ambedkar Nagar (2 Ad),अम्‍बेडकर नगर (2 एडी),474,Poogal,,000000,I,36003,Aduri,2025-03-26,2026-02-12,1,The Village Kankarwala(69830)...etc  has been shifted to Sub-district Poogal(District Bikaner) from Sub-district Lunkaransar(District Bikaner) in Rajasthan.
69202,Mahajan Fieldfiring Range,,475,Lunkaransar,00509900,069202,I,36115,Mahajan,2019-01-08,2019-01-08,3,The Village Kankarwala(69830)...etc  has been shifted to Sub-district Poogal(District Bikaner) from Sub-district Lunkaransar(District Bikaner) in Rajasthan.
69203,Phuleji,,475,Lunkaransar,00510000,069203,I,36099,Chakjohad,2025-05-20,2025-07-23,8,The Village Kankarwala(69830)...etc  has been shifted to Sub-district Poogal(District Bikaner) from Sub-district Lunkaransar(District Bikaner) in Rajasthan.
69204,Chakjor,,475,Lunkaransar,00510100,069204,I,36099,Chakjohad,2013-08-26,2017-06-27,3,The Village Kankarwala(69830)...etc  has been shifted to Sub-district Poogal(District Bikaner) from Sub-district Lunkaransar(District Bikaner) in Rajasthan.
69205,Chak Asrasar,,475,Lunkaransar,00510200,069205,I,294066,Ramsara,2005-01-01,2005-01-01,1,The Village Kankarwala(69830)...etc  has been shifted to Sub-district Poogal(District Bikaner) from Sub-district Lunkaransar(District Bikaner) in Rajasthan.
69206,Ramsara,,475,Lunkaransar,00510300,069206,I,294066,Ramsara,2005-01-01,2005-01-01,1,The Village Kankarwala(69830)...etc  has been shifted to Sub-district Poogal(District Bikaner) from Sub-district Lunkaransar(District Bikaner) in Rajasthan.
69207,Asrasar,,475,Lunkaransar,00510400,069207,I,294066,Ramsara,2005-01-01,2005-01-01,1,The Village Kankarwala(69830)...etc  has been shifted to Sub-district Poogal(District Bikaner) from Sub-district Lunkaransar(District Bikaner) in Rajasthan.
69208,Jaswantsar,,475,Lunkaransar,00510500,069208,I,294066,Ramsara,2005-01-01,2005-01-01,1,The Village Kankarwala(69830)...etc  has been shifted to Sub-district Poogal(District Bikaner) from Sub-district Lunkaransar(District Bikaner) in Rajasthan.
69209,Arjunsar Station,,475,Lunkaransar,00510600,069209,I,262295,Arjunsar Station,2005-01-01,2005-01-01,1,The Village Kankarwala(69830)...etc  has been shifted to Sub-district Poogal(District Bikaner) from Sub-district Lunkaransar(District Bikaner) in Rajasthan.
69210,Mithriya,,475,Lunkaransar,00510700,069210,I,262295,Arjunsar Station,2025-05-20,2025-07-23,4,The Village Kankarwala(69830)...etc  has been shifted to Sub-district Poogal(District Bikaner) from Sub-district Lunkaransar(District Bikaner) in Rajasthan.
69211,Arjunsar,,475,Lunkaransar,00510800,069211,I,36121,Rambag,2005-01-01,2005-01-01,1,The Village Kankarwala(69830)...etc  has been shifted to Sub-district Poogal(District Bikaner) from Sub-district Lunkaransar(District Bikaner) in Rajasthan.
69212,Sabniyan,,475,Lunkaransar,00510900,069212,I,262297,Sabniyan,2005-01-01,2005-01-01,1,The Village Kankarwala(69830)...etc  has been shifted to Sub-district Poogal(District Bikaner) from Sub-district Lunkaransar(District Bikaner) in Rajasthan.
69213,Dhani Chiplai,,475,Lunkaransar,00511000,069213,I,262297,Sabniyan,2014-03-24,2014-03-24,2,The Village Kankarwala(69830)...etc  has been shifted to Sub-district Poogal(District Bikaner) from Sub-district Lunkaransar(District Bikaner) in Rajasthan.
69214,Jaitpur,,475,Lunkaransar,00511100,069214,I,36104,Jaitpur,2013-08-26,2017-06-27,2,The Village Kankarwala(69830)...etc  has been shifted to Sub-district Poogal(District Bikaner) from Sub-district Lunkaransar(District Bikaner) in Rajasthan.
69215,Taliwala,,475,Lunkaransar,00511200,069215,I,36104,Jaitpur,2005-01-01,2005-01-01,1,The Village Kankarwala(69830)...etc  has been shifted to Sub-district Poogal(District Bikaner) from Sub-district Lunkaransar(District Bikaner) in Rajasthan.
69216,Dhani Chila,,475,Lunkaransar,00511300,069216,I,36127,Sherpura A,2014-03-24,2014-03-24,2,The Village Kankarwala(69830)...etc  has been shifted to Sub-district Poogal(District Bikaner) from Sub-district Lunkaransar(District Bikaner) in Rajasthan.
69217,Sherpura,sherpura,475,Lunkaransar,00511400,069217,I,36127,Sherpura A,2025-05-20,2025-06-12,4,The Village Kankarwala(69830)...etc  has been shifted to Sub-district Poogal(District Bikaner) from Sub-district Lunkaransar(District Bikaner) in Rajasthan.
69218,Dhani Khoda,,475,Lunkaransar,00511500,069218,I,36127,Sherpura A,2014-03-24,2014-03-24,2,The Village Kankarwala(69830)...etc  has been shifted to Sub-district Poogal(District Bikaner) from Sub-district Lunkaransar(District Bikaner) in Rajasthan.
69219,Chak Ranjeetpura,,475,Lunkaransar,00511600,069219,I,36121,Rambag,2005-01-01,2005-01-01,1,The Village Kankarwala(69830)...etc  has been shifted to Sub-district Poogal(District Bikaner) from Sub-district Lunkaransar(District Bikaner) in Rajasthan.
69220,Ranisar,,475,Lunkaransar,00511700,069220,I,36121,Rambag,2005-01-01,2005-01-01,1,The Village Kankarwala(69830)...etc  has been shifted to Sub-district Poogal(District Bikaner) from Sub-district Lunkaransar(District Bikaner) in Rajasthan.
69221,Chak Arjunsar,,475,Lunkaransar,00511800,069221,I,36121,Rambag,2005-01-01,2005-01-01,1,The Village Kankarwala(69830)...etc  has been shifted to Sub-district Poogal(District Bikaner) from Sub-district Lunkaransar(District Bikaner) in Rajasthan.
69222,Chak Surajpura,Chak Surajpura,475,Lunkaransar,00511900,069222,I,36121,Rambag,2014-11-05,2014-11-05,2,The Village Kankarwala(69830)...etc  has been shifted to Sub-district Poogal(District Bikaner) from Sub-district Lunkaransar(District Bikaner) in Rajasthan.
69223,Ram Bag,,475,Lunkaransar,00512000,069223,I,36121,Rambag,2014-03-24,2014-03-24,2,The Village Kankarwala(69830)...etc  has been shifted to Sub-district Poogal(District Bikaner) from Sub-district Lunkaransar(District Bikaner) in Rajasthan.
69224,Ghesura,,475,Lunkaransar,00512100,069224,I,36121,Rambag,2025-05-20,2025-06-24,3,The Village Kankarwala(69830)...etc  has been shifted to Sub-district Poogal(District Bikaner) from Sub-district Lunkaransar(District Bikaner) in Rajasthan.
69225,Chak Bhanvariya,,475,Lunkaransar,00512200,069225,I,262295,Arjunsar Station,2014-03-24,2014-03-24,2,The Village Kankarwala(69830)...etc  has been shifted to Sub-district Poogal(District Bikaner) from Sub-district Lunkaransar(District Bikaner) in Rajasthan.
69226,Lalera Patta Mahajan,,475,Lunkaransar,00512300,069226,I,36097,Baladesar,2005-01-01,2005-01-01,1,The Village Kankarwala(69830)...etc  has been shifted to Sub-district Poogal(District Bikaner) from Sub-district Lunkaransar(District Bikaner) in Rajasthan.
69227,Ratnisar,,475,Lunkaransar,00512400,069227,I,36097,Baladesar,2005-01-01,2005-01-01,1,The Village Kankarwala(69830)...etc  has been shifted to Sub-district Poogal(District Bikaner) from Sub-district Lunkaransar(District Bikaner) in Rajasthan.
69228,Mahajan,,475,Lunkaransar,00512500,069228,I,36115,Mahajan,2025-05-20,2025-07-23,3,The Village Kankarwala(69830)...etc  has been shifted to Sub-district Poogal(District Bikaner) from Sub-district Lunkaransar(District Bikaner) in Rajasthan.
69229,Baladesar,,475,Lunkaransar,00512600,069229,I,36097,Baladesar,2005-01-01,2005-01-01,1,The Village Kankarwala(69830)...etc  has been shifted to Sub-district Poogal(District Bikaner) from Sub-district Lunkaransar(District Bikaner) in Rajasthan.
69230,Gusaina,,475,Lunkaransar,00512700,069230,I,36097,Baladesar,2005-01-01,2005-01-01,1,The Village Kankarwala(69830)...etc  has been shifted to Sub-district Poogal(District Bikaner) from Sub-district Lunkaransar(District Bikaner) in Rajasthan.
69231,Shyodanpura,,475,Lunkaransar,00512800,069231,I,294068,Mohakampura,2019-01-08,2019-01-08,3,The Village Kankarwala(69830)...etc  has been shifted to Sub-district Poogal(District Bikaner) from Sub-district Lunkaransar(District Bikaner) in Rajasthan.
69232,Manoharia,,475,Lunkaransar,00512900,069232,I,294068,Mohakampura,2014-03-24,2014-03-24,2,The Village Kankarwala(69830)...etc  has been shifted to Sub-district Poogal(District Bikaner) from Sub-district Lunkaransar(District Bikaner) in Rajasthan.
69233,Baderan,बडेरन,475,Lunkaransar,00513000,069233,I,36096,Baderan,2025-05-20,2026-08-31,2,The Village Kankarwala(69830)...etc  has been shifted to Sub-district Poogal(District Bikaner) from Sub-district Lunkaransar(District Bikaner) in Rajasthan.
69234,Sulera,,475,Lunkaransar,00513100,069234,I,36098,Bheekhnera,2014-03-24,2014-03-24,2,The Village Kankarwala(69830)...etc  has been shifted to Sub-district Poogal(District Bikaner) from Sub-district Lunkaransar(District Bikaner) in Rajasthan.
69235,Dhani Laxminaray Ansar,,475,Lunkaransar,00513200,069235,I,36106,Kankadwala,2025-05-20,2025-06-12,3,The Village Kankarwala(69830)...etc  has been shifted to Sub-district Poogal(District Bikaner) from Sub-district Lunkaransar(District Bikaner) in Rajasthan.
69236,Delana Chhota,,475,Lunkaransar,00513300,069236,I,36124,Rojha,2025-05-20,2025-07-23,4,The Village Kankarwala(69830)...etc  has been shifted to Sub-district Poogal(District Bikaner) from Sub-district Lunkaransar(District Bikaner) in Rajasthan.
69237,Bhikhnera,,475,Lunkaransar,00513400,069237,I,36098,Bheekhnera,2014-03-24,2014-03-24,2,The Village Kankarwala(69830)...etc  has been shifted to Sub-district Poogal(District Bikaner) from Sub-district Lunkaransar(District Bikaner) in Rajasthan.
69238,Meghana,,475,Lunkaransar,00513500,069238,I,36098,Bheekhnera,2014-03-24,2014-03-24,2,The Village Kankarwala(69830)...etc  has been shifted to Sub-district Poogal(District Bikaner) from Sub-district Lunkaransar(District Bikaner) in Rajasthan.
69239,Delana Bara,,475,Lunkaransar,00513600,069239,I,36124,Rojha,2025-05-20,2025-08-07,6,The Village Kankarwala(69830)...etc  has been shifted to Sub-district Poogal(District Bikaner) from Sub-district Lunkaransar(District Bikaner) in Rajasthan.
69240,Birmana,,475,Lunkaransar,00513700,069240,I,36111,Khokhrana,2014-03-24,2014-03-24,2,The Village Kankarwala(69830)...etc  has been shifted to Sub-district Poogal(District Bikaner) from Sub-district Lunkaransar(District Bikaner) in Rajasthan.
69241,Khokhrana,,475,Lunkaransar,00513800,069241,I,36111,Khokhrana,2014-03-24,2014-03-24,2,The Village Kankarwala(69830)...etc  has been shifted to Sub-district Poogal(District Bikaner) from Sub-district Lunkaransar(District Bikaner) in Rajasthan.
69242,Khileriya,,475,Lunkaransar,00513900,069242,I,36111,Khokhrana,2014-03-24,2014-03-24,2,The Village Kankarwala(69830)...etc  has been shifted to Sub-district Poogal(District Bikaner) from Sub-district Lunkaransar(District Bikaner) in Rajasthan.
69243,Subhlai,,475,Lunkaransar,00514000,069243,I,36095,Ajeetmana,2014-03-24,2014-03-24,2,The Village Kankarwala(69830)...etc  has been shifted to Sub-district Poogal(District Bikaner) from Sub-district Lunkaransar(District Bikaner) in Rajasthan.
69244,Lakhawar,,475,Lunkaransar,00514100,069244,I,36095,Ajeetmana,2005-01-01,2005-01-01,1,The Village Kankarwala(69830)...etc  has been shifted to Sub-district Poogal(District Bikaner) from Sub-district Lunkaransar(District Bikaner) in Rajasthan.
69245,Ajeetmana,,475,Lunkaransar,00514200,069245,I,36095,Ajeetmana,2005-01-01,2005-01-01,1,The Village Kankarwala(69830)...etc  has been shifted to Sub-district Poogal(District Bikaner) from Sub-district Lunkaransar(District Bikaner) in Rajasthan.
69246,Karnali,,475,Lunkaransar,00514300,069246,I,36095,Ajeetmana,2005-01-01,2005-01-01,1,The Village Kankarwala(69830)...etc  has been shifted to Sub-district Poogal(District Bikaner) from Sub-district Lunkaransar(District Bikaner) in Rajasthan.
69247,Makadasar,,475,Lunkaransar,00514400,069247,I,36116,Makdasar,2014-03-24,2014-03-24,2,The Village Kankarwala(69830)...etc  has been shifted to Sub-district Poogal(District Bikaner) from Sub-district Lunkaransar(District Bikaner) in Rajasthan.
69248,Binjharwali,,475,Lunkaransar,00514500,069248,I,36116,Makdasar,2005-01-01,2005-01-01,1,The Village Kankarwala(69830)...etc  has been shifted to Sub-district Poogal(District Bikaner) from Sub-district Lunkaransar(District Bikaner) in Rajasthan.
69249,Muslki,,475,Lunkaransar,00514600,069249,I,36116,Makdasar,2014-03-24,2014-03-24,2,The Village Kankarwala(69830)...etc  has been shifted to Sub-district Poogal(District Bikaner) from Sub-district Lunkaransar(District Bikaner) in Rajasthan.
69250,Aloda,,475,Lunkaransar,00514700,069250,I,36111,Khokhrana,2014-03-24,2014-03-24,2,The Village Kankarwala(69830)...etc  has been shifted to Sub-district Poogal(District Bikaner) from Sub-district Lunkaransar(District Bikaner) in Rajasthan.
69251,Ratanpura @ Bhobiya,,475,Lunkaransar,00514800,069251,I,36111,Khokhrana,2005-01-01,2005-01-01,1,The Village Kankarwala(69830)...etc  has been shifted to Sub-district Poogal(District Bikaner) from Sub-district Lunkaransar(District Bikaner) in Rajasthan.
69252,Lalera,,475,Lunkaransar,00514900,069252,I,36111,Khokhrana,2014-03-24,2014-03-24,2,The Village Kankarwala(69830)...etc  has been shifted to Sub-district Poogal(District Bikaner) from Sub-district Lunkaransar(District Bikaner) in Rajasthan.
69253,Gantan,,475,Lunkaransar,00515000,069253,I,36111,Khokhrana,2005-01-01,2005-01-01,1,The Village Kankarwala(69830)...etc  has been shifted to Sub-district Poogal(District Bikaner) from Sub-district Lunkaransar(District Bikaner) in Rajasthan.
69254,Bhojabas,,475,Lunkaransar,00515100,069254,I,36124,Rojha,2014-03-24,2014-03-24,2,The Village Kankarwala(69830)...etc  has been shifted to Sub-district Poogal(District Bikaner) from Sub-district Lunkaransar(District Bikaner) in Rajasthan.
69255,Sharah Haneerwas,,475,Lunkaransar,00515200,069255,I,36103,Hansera,2014-03-24,2014-03-24,2,The Village Kankarwala(69830)...etc  has been shifted to Sub-district Poogal(District Bikaner) from Sub-district Lunkaransar(District Bikaner) in Rajasthan.
69256,Unchaira,,475,Lunkaransar,00515300,069256,I,36103,Hansera,2005-01-01,2005-01-01,1,The Village Kankarwala(69830)...etc  has been shifted to Sub-district Poogal(District Bikaner) from Sub-district Lunkaransar(District Bikaner) in Rajasthan.
69257,Udeshiya,,475,Lunkaransar,00515400,069257,I,36103,Hansera,2025-05-20,2025-07-23,4,The Village Kankarwala(69830)...etc  has been shifted to Sub-district Poogal(District Bikaner) from Sub-district Lunkaransar(District Bikaner) in Rajasthan.
69258,Sharah Boochawas,,475,Lunkaransar,00515500,069258,I,36103,Hansera,2005-01-01,2005-01-01,1,The Village Kankarwala(69830)...etc  has been shifted to Sub-district Poogal(District Bikaner) from Sub-district Lunkaransar(District Bikaner) in Rajasthan.
69259,Sharah Netawas,,475,Lunkaransar,00515600,069259,I,36103,Hansera,2005-01-01,2005-01-01,1,The Village Kankarwala(69830)...etc  has been shifted to Sub-district Poogal(District Bikaner) from Sub-district Lunkaransar(District Bikaner) in Rajasthan.
69260,Khatiyawas,,475,Lunkaransar,00515700,069260,I,36110,Khinyera,2005-01-01,2005-01-01,1,The Village Kankarwala(69830)...etc  has been shifted to Sub-district Poogal(District Bikaner) from Sub-district Lunkaransar(District Bikaner) in Rajasthan.
69261,Sharah Beecharwas,,475,Lunkaransar,00515800,069261,I,36103,Hansera,2014-03-24,2014-03-24,2,The Village Kankarwala(69830)...etc  has been shifted to Sub-district Poogal(District Bikaner) from Sub-district Lunkaransar(District Bikaner) in Rajasthan.
69262,Khiyera,,475,Lunkaransar,00515900,069262,I,36110,Khinyera,2014-03-24,2014-03-24,2,The Village Kankarwala(69830)...etc  has been shifted to Sub-district Poogal(District Bikaner) from Sub-district Lunkaransar(District Bikaner) in Rajasthan.
69263,Bhadwan,भादवा,475,Lunkaransar,00516000,069263,I,262304,Bhadera,2025-12-19,2026-01-20,14,The Village Kankarwala(69830)...etc  has been shifted to Sub-district Poogal(District Bikaner) from Sub-district Lunkaransar(District Bikaner) in Rajasthan.
69264,Dudi Muklera,,475,Lunkaransar,00516100,069264,I,36110,Khinyera,2014-03-24,2014-03-24,2,The Village Kankarwala(69830)...etc  has been shifted to Sub-district Poogal(District Bikaner) from Sub-district Lunkaransar(District Bikaner) in Rajasthan.
69265,Dudiwali,,475,Lunkaransar,00516200,069265,I,294072,Dudiwali,2014-03-24,2014-03-24,2,The Village Kankarwala(69830)...etc  has been shifted to Sub-district Poogal(District Bikaner) from Sub-district Lunkaransar(District Bikaner) in Rajasthan.
69266,Sodhwali,,475,Lunkaransar,00516300,069266,I,36128,Sodhwali,2019-03-14,2019-03-14,5,The Village Kankarwala(69830)...etc  has been shifted to Sub-district Poogal(District Bikaner) from Sub-district Lunkaransar(District Bikaner) in Rajasthan.
69267,Haphasar,,475,Lunkaransar,00516400,069267,I,36128,Sodhwali,2005-01-01,2005-01-01,1,The Village Kankarwala(69830)...etc  has been shifted to Sub-district Poogal(District Bikaner) from Sub-district Lunkaransar(District Bikaner) in Rajasthan.
69268,Kisturiya,,475,Lunkaransar,00516500,069268,I,262217,Bamanwali,2025-05-20,2025-06-12,2,The Village Kankarwala(69830)...etc  has been shifted to Sub-district Poogal(District Bikaner) from Sub-district Lunkaransar(District Bikaner) in Rajasthan.
69269,Bamanwali,,475,Lunkaransar,00516600,069269,I,262217,Bamanwali,2015-02-06,2015-03-10,3,The Village Kankarwala(69830)...etc  has been shifted to Sub-district Poogal(District Bikaner) from Sub-district Lunkaransar(District Bikaner) in Rajasthan.
69270,Uttamdesar,,475,Lunkaransar,00516700,069270,I,262217,Bamanwali,2025-05-20,2025-07-23,5,The Village Kankarwala(69830)...etc  has been shifted to Sub-district Poogal(District Bikaner) from Sub-district Lunkaransar(District Bikaner) in Rajasthan.
69271,Dhirera Station,,475,Lunkaransar,00516800,069271,I,262217,Bamanwali,2025-05-20,2025-07-23,6,The Village Kankarwala(69830)...etc  has been shifted to Sub-district Poogal(District Bikaner) from Sub-district Lunkaransar(District Bikaner) in Rajasthan.
69272,Jaisa,,475,Lunkaransar,00516900,069272,I,294072,Dudiwali,2014-03-24,2014-03-24,2,The Village Kankarwala(69830)...etc  has been shifted to Sub-district Poogal(District Bikaner) from Sub-district Lunkaransar(District Bikaner) in Rajasthan.
69273,Mehrana,,475,Lunkaransar,00517000,069273,I,36101,Dhirera,2014-03-24,2014-03-24,2,The Village Kankarwala(69830)...etc  has been shifted to Sub-district Poogal(District Bikaner) from Sub-district Lunkaransar(District Bikaner) in Rajasthan.
69274,Sadera,,475,Lunkaransar,00517100,069274,I,36101,Dhirera,2014-03-24,2014-03-24,2,The Village Kankarwala(69830)...etc  has been shifted to Sub-district Poogal(District Bikaner) from Sub-district Lunkaransar(District Bikaner) in Rajasthan.
69275,Dhirera,,475,Lunkaransar,00517200,069275,I,36101,Dhirera,2025-05-20,2025-07-23,4,The Village Kankarwala(69830)...etc  has been shifted to Sub-district Poogal(District Bikaner) from Sub-district Lunkaransar(District Bikaner) in Rajasthan.
69276,Dulmera Ganva,,475,Lunkaransar,00517300,069276,I,36101,Dhirera,2025-05-20,2025-07-23,7,The Village Kankarwala(69830)...etc  has been shifted to Sub-district Poogal(District Bikaner) from Sub-district Lunkaransar(District Bikaner) in Rajasthan.
69277,Hansera,,475,Lunkaransar,00517400,069277,I,36103,Hansera,2025-05-20,2025-06-12,3,The Village Kankarwala(69830)...etc  has been shifted to Sub-district Poogal(District Bikaner) from Sub-district Lunkaransar(District Bikaner) in Rajasthan.
69278,Jakhr Wala,,475,Lunkaransar,00517500,069278,I,262314,Surnana,2014-03-24,2014-03-24,2,The Village Kankarwala(69830)...etc  has been shifted to Sub-district Poogal(District Bikaner) from Sub-district Lunkaransar(District Bikaner) in Rajasthan.
69279,Dulmera Station,,475,Lunkaransar,00517600,069279,I,36103,Hansera,2005-01-01,2005-01-01,1,The Village Kankarwala(69830)...etc  has been shifted to Sub-district Poogal(District Bikaner) from Sub-district Lunkaransar(District Bikaner) in Rajasthan.
69280,Khari,,475,Lunkaransar,00517700,069280,I,36112,Kujti,2025-05-20,2025-07-23,5,The Village Kankarwala(69830)...etc  has been shifted to Sub-district Poogal(District Bikaner) from Sub-district Lunkaransar(District Bikaner) in Rajasthan.
69281,Kujati,,475,Lunkaransar,00517800,069281,I,36112,Kujti,2014-03-24,2014-03-24,2,The Village Kankarwala(69830)...etc  has been shifted to Sub-district Poogal(District Bikaner) from Sub-district Lunkaransar(District Bikaner) in Rajasthan.
69282,Surnana,,475,Lunkaransar,00517900,069282,I,262314,Surnana,2025-05-20,2025-06-24,3,The Village Kankarwala(69830)...etc  has been shifted to Sub-district Poogal(District Bikaner) from Sub-district Lunkaransar(District Bikaner) in Rajasthan.
69283,Kakd Icha,,475,Lunkaransar,00518000,069283,I,302182,Lunkaransar,2014-03-24,2014-03-24,2,The Village Kankarwala(69830)...etc  has been shifted to Sub-district Poogal(District Bikaner) from Sub-district Lunkaransar(District Bikaner) in Rajasthan.
69284,Kalkal Muklera,,475,Lunkaransar,00518100,069284,I,302182,Lunkaransar,2005-01-01,2005-01-01,1,The Village Kankarwala(69830)...etc  has been shifted to Sub-district Poogal(District Bikaner) from Sub-district Lunkaransar(District Bikaner) in Rajasthan.
69285,Dhani Bhopalaram,,475,Lunkaransar,00518200,069285,I,302182,Lunkaransar,2005-01-01,2005-01-01,1,The Village Kankarwala(69830)...etc  has been shifted to Sub-district Poogal(District Bikaner) from Sub-district Lunkaransar(District Bikaner) in Rajasthan.
69286,Loonkaransar,,475,Lunkaransar,00518300,069286,I,302182,Lunkaransar,2025-05-20,2025-07-23,12,The Village Kankarwala(69830)...etc  has been shifted to Sub-district Poogal(District Bikaner) from Sub-district Lunkaransar(District Bikaner) in Rajasthan.
69287,300-700 Rd,,475,Lunkaransar,00518400,069287,I,302182,Lunkaransar,2014-03-24,2014-03-24,2,The Village Kankarwala(69830)...etc  has been shifted to Sub-district Poogal(District Bikaner) from Sub-district Lunkaransar(District Bikaner) in Rajasthan.
69288,Phuldesar Singhas,,475,Lunkaransar,00518500,069288,I,262312,Sahaniwala,2025-05-20,2025-07-23,6,The Village Kankarwala(69830)...etc  has been shifted to Sub-district Poogal(District Bikaner) from Sub-district Lunkaransar(District Bikaner) in Rajasthan.
69289,Rojha,,475,Lunkaransar,00518600,069289,I,36124,Rojha,2025-05-20,2025-07-23,7,The Village Kankarwala(69830)...etc  has been shifted to Sub-district Poogal(District Bikaner) from Sub-district Lunkaransar(District Bikaner) in Rajasthan.
69290,Chak Phuldesar,,475,Lunkaransar,00518700,069290,I,262312,Sahaniwala,2025-05-20,2025-07-23,6,The Village Kankarwala(69830)...etc  has been shifted to Sub-district Poogal(District Bikaner) from Sub-district Lunkaransar(District Bikaner) in Rajasthan.
69291,Sahaniwala,,475,Lunkaransar,00518800,069291,I,262312,Sahaniwala,2025-05-20,2025-07-24,11,The Village Kankarwala(69830)...etc  has been shifted to Sub-district Poogal(District Bikaner) from Sub-district Lunkaransar(District Bikaner) in Rajasthan.
69292,Udana,,475,Lunkaransar,00518900,069292,I,294061,Udaana,2025-05-20,2025-07-23,10,The Village Kankarwala(69830)...etc  has been shifted to Sub-district Poogal(District Bikaner) from Sub-district Lunkaransar(District Bikaner) in Rajasthan.
69293,264 R D,,475,Lunkaransar,00519000,069293,I,294061,Udaana,2014-03-24,2014-03-24,2,The Village Kankarwala(69830)...etc  has been shifted to Sub-district Poogal(District Bikaner) from Sub-district Lunkaransar(District Bikaner) in Rajasthan.
69294,Bhaderan,भाडेरां,475,Lunkaransar,00519100,069294,I,262881,Sherpoora1sm,2025-12-19,2026-08-31,5,The Village Kankarwala(69830)...etc  has been shifted to Sub-district Poogal(District Bikaner) from Sub-district Lunkaransar(District Bikaner) in Rajasthan.
69295,Pepera,,475,Lunkaransar,00519200,069295,I,36118,Peepera,2025-05-20,2025-07-28,10,The Village Kankarwala(69830)...etc  has been shifted to Sub-district Poogal(District Bikaner) from Sub-district Lunkaransar(District Bikaner) in Rajasthan.
69296,Bhom Malkisar,,475,Lunkaransar,00519300,069296,I,36118,Peepera,2005-01-01,2005-01-01,1,The Village Kankarwala(69830)...etc  has been shifted to Sub-district Poogal(District Bikaner) from Sub-district Lunkaransar(District Bikaner) in Rajasthan.
69297,Kakadwala,,475,Lunkaransar,00519400,069297,I,36106,Kankadwala,2025-05-20,2025-08-07,20,The Village Kankarwala(69830)...etc  has been shifted to Sub-district Poogal(District Bikaner) from Sub-district Lunkaransar(District Bikaner) in Rajasthan.
69298,Tejana,,475,Lunkaransar,00519500,069298,I,36096,Baderan,2025-05-20,2025-07-25,6,The Village Kankarwala(69830)...etc  has been shifted to Sub-district Poogal(District Bikaner) from Sub-district Lunkaransar(District Bikaner) in Rajasthan.
69299,Mokhapura,,475,Lunkaransar,00519600,069299,I,294068,Mohakampura,2025-05-20,2025-06-12,3,The Village Kankarwala(69830)...etc  has been shifted to Sub-district Poogal(District Bikaner) from Sub-district Lunkaransar(District Bikaner) in Rajasthan.
69300,Bir Sangreu,,475,Lunkaransar,00519700,069300,I,294068,Mohakampura,2025-05-20,2025-07-23,7,The Village Kankarwala(69830)...etc  has been shifted to Sub-district Poogal(District Bikaner) from Sub-district Lunkaransar(District Bikaner) in Rajasthan.
69301,11 Mkd,,475,Lunkaransar,00519800,069301,I,36118,Peepera,2005-01-01,2005-01-01,1,The Village Kankarwala(69830)...etc  has been shifted to Sub-district Poogal(District Bikaner) from Sub-district Lunkaransar(District Bikaner) in Rajasthan.
69302,9 Mkd,,475,Lunkaransar,00519900,069302,I,36118,Peepera,2005-01-01,2005-01-01,1,The Village Kankarwala(69830)...etc  has been shifted to Sub-district Poogal(District Bikaner) from Sub-district Lunkaransar(District Bikaner) in Rajasthan.
69303,18 Mkd,,475,Lunkaransar,00520000,069303,I,36107,Kapurisar,2005-01-01,2005-01-01,1,The Village Kankarwala(69830)...etc  has been shifted to Sub-district Poogal(District Bikaner) from Sub-district Lunkaransar(District Bikaner) in Rajasthan.
69304,Malkisar,,475,Lunkaransar,00520100,069304,I,36107,Kapurisar,2025-05-20,2025-07-23,6,The Village Kankarwala(69830)...etc  has been shifted to Sub-district Poogal(District Bikaner) from Sub-district Lunkaransar(District Bikaner) in Rajasthan.
69305,Suin,,475,Lunkaransar,00520200,069305,I,36129,Sui,2005-01-01,2005-01-01,1,The Village Kankarwala(69830)...etc  has been shifted to Sub-district Poogal(District Bikaner) from Sub-district Lunkaransar(District Bikaner) in Rajasthan.
69306,Sui,,475,Lunkaransar,00520300,069306,I,36129,Sui,2013-08-26,2017-06-27,3,The Village Kankarwala(69830)...etc  has been shifted to Sub-district Poogal(District Bikaner) from Sub-district Lunkaransar(District Bikaner) in Rajasthan.
69307,Bakhoosar,,475,Lunkaransar,00520400,069307,I,294070,Bakhoosar,2005-01-01,2005-01-01,1,The Village Kankarwala(69830)...etc  has been shifted to Sub-district Poogal(District Bikaner) from Sub-district Lunkaransar(District Bikaner) in Rajasthan.
69308,Khodala,,475,Lunkaransar,00520500,069308,I,294064,Khodala,2005-01-01,2005-01-01,1,The Village Kankarwala(69830)...etc  has been shifted to Sub-district Poogal(District Bikaner) from Sub-district Lunkaransar(District Bikaner) in Rajasthan.
69309,Shekhsar,,475,Lunkaransar,00520600,069309,I,36126,Shekhsar,2005-01-01,2005-01-01,1,The Village Kankarwala(69830)...etc  has been shifted to Sub-district Poogal(District Bikaner) from Sub-district Lunkaransar(District Bikaner) in Rajasthan.
69310,Kapurisar,,475,Lunkaransar,00520700,069310,I,36107,Kapurisar,2025-05-20,2025-07-23,10,The Village Kankarwala(69830)...etc  has been shifted to Sub-district Poogal(District Bikaner) from Sub-district Lunkaransar(District Bikaner) in Rajasthan.
69311,1 Lkd,,475,Lunkaransar,00520800,069311,I,294181,Kankrala,2005-01-01,2005-01-01,1,The Village Kankarwala(69830)...etc  has been shifted to Sub-district Poogal(District Bikaner) from Sub-district Lunkaransar(District Bikaner) in Rajasthan.
69312,Gopalan,,475,Lunkaransar,00520900,069312,I,262300,Gopalyan,2025-05-20,2025-07-23,8,The Village Kankarwala(69830)...etc  has been shifted to Sub-district Poogal(District Bikaner) from Sub-district Lunkaransar(District Bikaner) in Rajasthan.
69313,Nathwana,,475,Lunkaransar,00521000,069313,I,36117,Nathwana,2025-05-20,2025-07-28,15,The Village Kankarwala(69830)...etc  has been shifted to Sub-district Poogal(District Bikaner) from Sub-district Lunkaransar(District Bikaner) in Rajasthan.
69314,247-800 Rd(L),,475,Lunkaransar,00521000,069314,I,36117,Nathwana,2005-01-01,2005-01-01,1,The Village Kankarwala(69830)...etc  has been shifted to Sub-district Poogal(District Bikaner) from Sub-district Lunkaransar(District Bikaner) in Rajasthan.
69315,Kisanasar,,475,Lunkaransar,00521100,069315,I,262283,Rajpura Hudan,2014-03-24,2014-03-24,2,The Village Kankarwala(69830)...etc  has been shifted to Sub-district Poogal(District Bikaner) from Sub-district Lunkaransar(District Bikaner) in Rajasthan.
69316,Kalvas,,475,Lunkaransar,00521200,069316,I,302182,Lunkaransar,2014-03-24,2014-03-24,2,The Village Kankarwala(69830)...etc  has been shifted to Sub-district Poogal(District Bikaner) from Sub-district Lunkaransar(District Bikaner) in Rajasthan.
69317,Unchgadesar,,475,Lunkaransar,00521300,069317,I,302182,Lunkaransar,2014-03-24,2014-03-24,2,The Village Kankarwala(69830)...etc  has been shifted to Sub-district Poogal(District Bikaner) from Sub-district Lunkaransar(District Bikaner) in Rajasthan.
69318,Jogiya Basti,,475,Lunkaransar,00521400,069318,I,36096,Baderan,2014-03-24,2014-03-24,2,The Village Kankarwala(69830)...etc  has been shifted to Sub-district Poogal(District Bikaner) from Sub-district Lunkaransar(District Bikaner) in Rajasthan.
69319,Sahajarasar,,475,Lunkaransar,00521500,069319,I,262201,Sahajarasar,2005-01-01,2005-01-01,1,The Village Kankarwala(69830)...etc  has been shifted to Sub-district Poogal(District Bikaner) from Sub-district Lunkaransar(District Bikaner) in Rajasthan.
69320,Bas Sahajrasar,,475,Lunkaransar,00521500,069320,I,262201,Sahajarasar,2014-03-24,2014-03-24,2,The Village Kankarwala(69830)...etc  has been shifted to Sub-district Poogal(District Bikaner) from Sub-district Lunkaransar(District Bikaner) in Rajasthan.
69321,Basi Chadwan,,475,Lunkaransar,00521600,069321,I,36105,Kaloo,2014-03-24,2014-03-24,2,The Village Kankarwala(69830)...etc  has been shifted to Sub-district Poogal(District Bikaner) from Sub-district Lunkaransar(District Bikaner) in Rajasthan.
69322,Bhanipura,,475,Lunkaransar,00521700,069322,I,36105,Kaloo,2005-01-01,2005-01-01,1,The Village Kankarwala(69830)...etc  has been shifted to Sub-district Poogal(District Bikaner) from Sub-district Lunkaransar(District Bikaner) in Rajasthan.
69323,Kalu,,475,Lunkaransar,00521800,069323,I,36105,Kaloo,2014-03-24,2014-03-24,2,The Village Kankarwala(69830)...etc  has been shifted to Sub-district Poogal(District Bikaner) from Sub-district Lunkaransar(District Bikaner) in Rajasthan.
69324,Rajpura Hudan,,475,Lunkaransar,00521900,069324,I,262283,Rajpura Hudan,2005-01-01,2005-01-01,1,The Village Kankarwala(69830)...etc  has been shifted to Sub-district Poogal(District Bikaner) from Sub-district Lunkaransar(District Bikaner) in Rajasthan.
69325,Manadhrsar,,475,Lunkaransar,00522000,069325,I,294063,Manafarsar,2014-03-24,2014-03-24,2,The Village Kankarwala(69830)...etc  has been shifted to Sub-district Poogal(District Bikaner) from Sub-district Lunkaransar(District Bikaner) in Rajasthan.
69326,Dhirdan,,475,Lunkaransar,00522100,069326,I,294063,Manafarsar,2014-03-24,2014-03-24,2,The Village Kankarwala(69830)...etc  has been shifted to Sub-district Poogal(District Bikaner) from Sub-district Lunkaransar(District Bikaner) in Rajasthan.
69327,Amarpura,,475,Lunkaransar,00522200,069327,I,36100,Dhani Pandusar,2014-03-24,2014-03-24,2,The Village Kankarwala(69830)...etc  has been shifted to Sub-district Poogal(District Bikaner) from Sub-district Lunkaransar(District Bikaner) in Rajasthan.
69328,Dhani Pandusar,,475,Lunkaransar,00522300,069328,I,36100,Dhani Pandusar,2005-01-01,2005-01-01,1,The Village Kankarwala(69830)...etc  has been shifted to Sub-district Poogal(District Bikaner) from Sub-district Lunkaransar(District Bikaner) in Rajasthan.
69329,Rajasar Urf Karnisar,,475,Lunkaransar,00522400,069329,I,36120,Rajasar Urf Karnisar,2014-03-24,2014-03-24,2,The Village Kankarwala(69830)...etc  has been shifted to Sub-district Poogal(District Bikaner) from Sub-district Lunkaransar(District Bikaner) in Rajasthan.
69330,Chatasar,,475,Lunkaransar,00522500,069330,I,294062,Kagasar,2014-03-24,2014-03-24,2,The Village Kankarwala(69830)...etc  has been shifted to Sub-district Poogal(District Bikaner) from Sub-district Lunkaransar(District Bikaner) in Rajasthan.
69331,Kagasar,,475,Lunkaransar,00522600,069331,I,294062,Kagasar,2005-01-01,2005-01-01,1,The Village Kankarwala(69830)...etc  has been shifted to Sub-district Poogal(District Bikaner) from Sub-district Lunkaransar(District Bikaner) in Rajasthan.
69332,Garabdesar,,475,Lunkaransar,00522700,069332,I,36102,Garabdesar,2005-01-01,2005-01-01,1,The Village Kankarwala(69830)...etc  has been shifted to Sub-district Poogal(District Bikaner) from Sub-district Lunkaransar(District Bikaner) in Rajasthan.
69333,Nathusar,,475,Lunkaransar,00522800,069333,I,36123,Ranwasar,2005-01-01,2005-01-01,1,The Village Kankarwala(69830)...etc  has been shifted to Sub-district Poogal(District Bikaner) from Sub-district Lunkaransar(District Bikaner) in Rajasthan.
69334,Adsar,,475,Lunkaransar,00522900,069334,I,36123,Ranwasar,2005-01-01,2005-01-01,1,The Village Kankarwala(69830)...etc  has been shifted to Sub-district Poogal(District Bikaner) from Sub-district Lunkaransar(District Bikaner) in Rajasthan.
69335,Bas Karnisar,,475,Lunkaransar,00523000,069335,I,36123,Ranwasar,2005-01-01,2005-01-01,1,The Village Kankarwala(69830)...etc  has been shifted to Sub-district Poogal(District Bikaner) from Sub-district Lunkaransar(District Bikaner) in Rajasthan.
69336,Ranwasar,,475,Lunkaransar,00523100,069336,I,36123,Ranwasar,2014-03-24,2014-03-24,2,The Village Kankarwala(69830)...etc  has been shifted to Sub-district Poogal(District Bikaner) from Sub-district Lunkaransar(District Bikaner) in Rajasthan.
69337,Chandsar,,475,Lunkaransar,00523200,069337,I,294071,Nakodesar,2005-01-01,2005-01-01,1,The Village Kankarwala(69830)...etc  has been shifted to Sub-district Poogal(District Bikaner) from Sub-district Lunkaransar(District Bikaner) in Rajasthan.
69338,Khaphrsar,,475,Lunkaransar,00523300,069338,I,294071,Nakodesar,2014-03-24,2014-03-24,2,The Village Kankarwala(69830)...etc  has been shifted to Sub-district Poogal(District Bikaner) from Sub-district Lunkaransar(District Bikaner) in Rajasthan.
69339,Kubiya,,475,Lunkaransar,00523400,069339,I,294071,Nakodesar,2014-03-24,2014-03-24,2,The Village Kankarwala(69830)...etc  has been shifted to Sub-district Poogal(District Bikaner) from Sub-district Lunkaransar(District Bikaner) in Rajasthan.
69340,Nakodesar,,475,Lunkaransar,00523500,069340,I,294071,Nakodesar,2005-01-01,2005-01-01,1,The Village Kankarwala(69830)...etc  has been shifted to Sub-district Poogal(District Bikaner) from Sub-district Lunkaransar(District Bikaner) in Rajasthan.
914987,Chak Raika,CHAK RAIKA,475,Lunkaransar,,000000,I,36104,Jaitpur,2014-11-05,2015-01-16,1,The Village Kankarwala(69830)...etc  has been shifted to Sub-district Poogal(District Bikaner) from Sub-district Lunkaransar(District Bikaner) in Rajasthan.
914988,Chak Nohara,CHAK NOHARA,475,Lunkaransar,,000000,I,36104,Jaitpur,2014-11-05,2015-01-16,1,The Village Kankarwala(69830)...etc  has been shifted to Sub-district Poogal(District Bikaner) from Sub-district Lunkaransar(District Bikaner) in Rajasthan.
925985,Purvana,पुरवाना,475,Lunkaransar,,000000,I,294070,Bakhoosar,2013-08-26,2017-06-27,1,The Village Kankarwala(69830)...etc  has been shifted to Sub-district Poogal(District Bikaner) from Sub-district Lunkaransar(District Bikaner) in Rajasthan.
925986,Naya Khanisar,नया खानीसर,475,Lunkaransar,,000000,I,36099,Chakjohad,2013-08-26,2017-06-27,1,The Village Kankarwala(69830)...etc  has been shifted to Sub-district Poogal(District Bikaner) from Sub-district Lunkaransar(District Bikaner) in Rajasthan.
925987,Chak 275-500 Rd,चक 275-500 आरडी,475,Lunkaransar,,000000,I,262312,Sahaniwala,2013-08-26,2017-06-27,1,The Village Kankarwala(69830)...etc  has been shifted to Sub-district Poogal(District Bikaner) from Sub-district Lunkaransar(District Bikaner) in Rajasthan.
926709,Karnana Taal,करनाणा ताल,475,Lunkaransar,,000000,I,294070,Bakhoosar,2013-08-26,2017-08-18,2,The Village Kankarwala(69830)...etc  has been shifted to Sub-district Poogal(District Bikaner) from Sub-district Lunkaransar(District Bikaner) in Rajasthan.
951859,Nathwana - 13 Lkd,नाथवाना -13 एलकेडी,475,Lunkaransar,,000000,I,36117,Nathwana,2025-05-20,2025-06-12,1,The Village Kankarwala(69830)...etc  has been shifted to Sub-district Poogal(District Bikaner) from Sub-district Lunkaransar(District Bikaner) in Rajasthan.
951860,Mohakampura -2 Mgd,मोहकमपुरा -2 एमजीडी,475,Lunkaransar,,000000,I,294068,Mohakampura,2025-05-20,2025-06-12,1,The Village Kankarwala(69830)...etc  has been shifted to Sub-district Poogal(District Bikaner) from Sub-district Lunkaransar(District Bikaner) in Rajasthan.
951861,Baderan - 7-10 Mgd,बडेरण - 7-10 एमजीडी,475,Lunkaransar,,000000,I,36096,Baderan,2025-05-20,2025-06-12,1,The Village Kankarwala(69830)...etc  has been shifted to Sub-district Poogal(District Bikaner) from Sub-district Lunkaransar(District Bikaner) in Rajasthan.
951862,Bhadera -3 Bhd,भाडेरा - 3 बीएचडी,475,Lunkaransar,,000000,I,262131,Pemasar,2025-05-20,2025-06-12,1,The Village Kankarwala(69830)...etc  has been shifted to Sub-district Poogal(District Bikaner) from Sub-district Lunkaransar(District Bikaner) in Rajasthan.
951863,Chak Phooldesar -3 Plm,चक फूलदेसर - 3 पीएलएम,475,Lunkaransar,,000000,I,262312,Sahaniwala,2025-05-20,2025-06-12,1,The Village Kankarwala(69830)...etc  has been shifted to Sub-district Poogal(District Bikaner) from Sub-district Lunkaransar(District Bikaner) in Rajasthan.
951864,Delanachota - 2 Dld,डेलानाछोटा - 2 डीएलडी,475,Lunkaransar,,000000,I,36124,Rojha,2025-05-20,2025-06-12,1,The Village Kankarwala(69830)...etc  has been shifted to Sub-district Poogal(District Bikaner) from Sub-district Lunkaransar(District Bikaner) in Rajasthan.
951865,Dheerera - 351 Rd,धीरेंरा -351 आरडी,475,Lunkaransar,,000000,I,36101,Dhirera,2025-05-20,2025-06-12,1,The Village Kankarwala(69830)...etc  has been shifted to Sub-district Poogal(District Bikaner) from Sub-district Lunkaransar(District Bikaner) in Rajasthan.
951866,Dheerera Station - 7 Km,धीरेंरास्टेशन -7 केएम,475,Lunkaransar,,000000,I,262217,Bamanwali,2025-05-20,2025-06-12,1,The Village Kankarwala(69830)...etc  has been shifted to Sub-district Poogal(District Bikaner) from Sub-district Lunkaransar(District Bikaner) in Rajasthan.
951867,Dulmera - 1 Dlm,दुलमेरा -1 डीएलएम,475,Lunkaransar,,000000,I,36101,Dhirera,2025-05-20,2025-06-12,1,The Village Kankarwala(69830)...etc  has been shifted to Sub-district Poogal(District Bikaner) from Sub-district Lunkaransar(District Bikaner) in Rajasthan.
951868,Ghesura - 1 Rbm,घेसुरा - 1 आरबीएम,475,Lunkaransar,,000000,I,36121,Rambag,2025-05-20,2025-06-12,1,The Village Kankarwala(69830)...etc  has been shifted to Sub-district Poogal(District Bikaner) from Sub-district Lunkaransar(District Bikaner) in Rajasthan.
951869,Hansera - 3 Dlm,हंसेरा - 3 डीएलएम,475,Lunkaransar,,000000,I,36103,Hansera,2025-05-20,2025-06-12,1,The Village Kankarwala(69830)...etc  has been shifted to Sub-district Poogal(District Bikaner) from Sub-district Lunkaransar(District Bikaner) in Rajasthan.
951870,Kisturiya - 398-500 Ksl,किस्तुरिया - 398-500 केएसएल,475,Lunkaransar,,000000,I,262217,Bamanwali,2025-05-20,2025-06-12,1,The Village Kankarwala(69830)...etc  has been shifted to Sub-district Poogal(District Bikaner) from Sub-district Lunkaransar(District Bikaner) in Rajasthan.
951871,Lunkaransar - 14 Lkd,लूणकरणसर -14 एलकेडी,475,Lunkaransar,,000000,I,302182,Lunkaransar,2025-05-20,2025-06-12,1,The Village Kankarwala(69830)...etc  has been shifted to Sub-district Poogal(District Bikaner) from Sub-district Lunkaransar(District Bikaner) in Rajasthan.
951872,Uttamdesar - 381-700 Rd,उतमदेसर -381-700 आरडी,475,Lunkaransar,,000000,I,262217,Bamanwali,2025-05-20,2025-06-12,1,The Village Kankarwala(69830)...etc  has been shifted to Sub-district Poogal(District Bikaner) from Sub-district Lunkaransar(District Bikaner) in Rajasthan.
951873,Udeshiya - 308-200 Rd,उदेशिया -308-200 आरडी,475,Lunkaransar,,000000,I,36103,Hansera,2025-05-20,2025-06-12,1,The Village Kankarwala(69830)...etc  has been shifted to Sub-district Poogal(District Bikaner) from Sub-district Lunkaransar(District Bikaner) in Rajasthan.
951874,Tejana - 4 Mgd,तेजाना - 4 एमजीडी,475,Lunkaransar,,000000,I,36096,Baderan,2025-05-20,2025-06-12,1,The Village Kankarwala(69830)...etc  has been shifted to Sub-district Poogal(District Bikaner) from Sub-district Lunkaransar(District Bikaner) in Rajasthan.
951875,Surnana - 5 Dlm,सुरनाना -5 डीएलएम,475,Lunkaransar,,000000,I,262314,Surnana,2025-05-20,2025-06-12,1,The Village Kankarwala(69830)...etc  has been shifted to Sub-district Poogal(District Bikaner) from Sub-district Lunkaransar(District Bikaner) in Rajasthan.
951876,Sherpura - 19 Mkd,शेरपुरा -19 एमकेडी,475,Lunkaransar,,000000,I,36127,Sherpura A,2025-05-20,2025-06-12,1,The Village Kankarwala(69830)...etc  has been shifted to Sub-district Poogal(District Bikaner) from Sub-district Lunkaransar(District Bikaner) in Rajasthan.
951877,Ronjha -12 Chd,रोंझा - 12 सीएचडी,475,Lunkaransar,,000000,I,36124,Rojha,2025-05-20,2025-06-12,1,The Village Kankarwala(69830)...etc  has been shifted to Sub-district Poogal(District Bikaner) from Sub-district Lunkaransar(District Bikaner) in Rajasthan.
951878,Phooldesar Sindhas 298-800 Rd,फूलदेसर सिघास - 298-800 आरडी ,475,Lunkaransar,,000000,I,262312,Sahaniwala,2025-05-20,2025-06-12,1,The Village Kankarwala(69830)...etc  has been shifted to Sub-district Poogal(District Bikaner) from Sub-district Lunkaransar(District Bikaner) in Rajasthan.
951879,Malkisar - 14 Mkd,मलकीसर - 14 एमकेडी,475,Lunkaransar,,000000,I,36118,Peepera,2025-05-20,2025-06-12,1,The Village Kankarwala(69830)...etc  has been shifted to Sub-district Poogal(District Bikaner) from Sub-district Lunkaransar(District Bikaner) in Rajasthan.
951881,Pipera - 1 Mkd,पिपेरा - 1 एमकेडी,475,Lunkaransar,,000000,I,36118,Peepera,2025-05-20,2025-06-12,1,The Village Kankarwala(69830)...etc  has been shifted to Sub-district Poogal(District Bikaner) from Sub-district Lunkaransar(District Bikaner) in Rajasthan.
951882,Sahniwala -1 Plm,सहनीवाला -1 पीएलएम,475,Lunkaransar,,000000,I,262312,Sahaniwala,2025-05-20,2025-06-12,1,The Village Kankarwala(69830)...etc  has been shifted to Sub-district Poogal(District Bikaner) from Sub-district Lunkaransar(District Bikaner) in Rajasthan.
951883,Phuleji - 5 Phm,फूलेजी -5 पीएचएम ,475,Lunkaransar,,000000,I,36099,Chakjohad,2025-05-20,2025-06-12,1,The Village Kankarwala(69830)...etc  has been shifted to Sub-district Poogal(District Bikaner) from Sub-district Lunkaransar(District Bikaner) in Rajasthan.
951884,Khari - 3 Km,खारी -3 केएम,475,Lunkaransar,,000000,I,36112,Kujti,2025-05-20,2025-06-12,1,The Village Kankarwala(69830)...etc  has been shifted to Sub-district Poogal(District Bikaner) from Sub-district Lunkaransar(District Bikaner) in Rajasthan.
951885,Kankadwala - 1 Chd,कांकड़वाला -1 सीएचडी,475,Lunkaransar,,000000,I,36106,Kankadwala,2025-05-20,2025-06-12,1,The Village Kankarwala(69830)...etc  has been shifted to Sub-district Poogal(District Bikaner) from Sub-district Lunkaransar(District Bikaner) in Rajasthan.
951886,Dhani Laxminarayansar - 6 Dld,ढाणीलक्ष्मीनारायणसर - 6 डीएलडी,475,Lunkaransar,,000000,I,36106,Kankadwala,2025-05-20,2025-06-12,1,The Village Kankarwala(69830)...etc  has been shifted to Sub-district Poogal(District Bikaner) from Sub-district Lunkaransar(District Bikaner) in Rajasthan.
951887,Goplyan - 2 Lkd,गोपल्याण -2 एलकेडी,475,Lunkaransar,,000000,I,262300,Gopalyan,2025-05-20,2025-06-12,1,The Village Kankarwala(69830)...etc  has been shifted to Sub-district Poogal(District Bikaner) from Sub-district Lunkaransar(District Bikaner) in Rajasthan.
951888,Mithriya - Chak 113-340 Rd,मीठडीया - चक 113-340 आरडी,475,Lunkaransar,,000000,I,262295,Arjunsar Station,2025-05-20,2025-06-12,1,The Village Kankarwala(69830)...etc  has been shifted to Sub-district Poogal(District Bikaner) from Sub-district Lunkaransar(District Bikaner) in Rajasthan.
951889,Kapurisar -1 Mkm,कपूरीसर -1 एमकेएम,475,Lunkaransar,,000000,I,36107,Kapurisar,2025-05-20,2025-06-12,1,The Village Kankarwala(69830)...etc  has been shifted to Sub-district Poogal(District Bikaner) from Sub-district Lunkaransar(District Bikaner) in Rajasthan.
951890,Delanabada -4 Dld,डेलानाबड़ा - 4 डीएलडी,475,Lunkaransar,,000000,I,36124,Rojha,2025-05-20,2025-06-12,1,The Village Kankarwala(69830)...etc  has been shifted to Sub-district Poogal(District Bikaner) from Sub-district Lunkaransar(District Bikaner) in Rajasthan.
951891,Udana - 3 Chm,उदाना - 3 सीएचएम,475,Lunkaransar,,000000,I,294061,Udaana,2025-05-20,2025-06-12,1,The Village Kankarwala(69830)...etc  has been shifted to Sub-district Poogal(District Bikaner) from Sub-district Lunkaransar(District Bikaner) in Rajasthan.
952209,Udana - 8 Bhd,उदाना -8 बीएचडी,475,Lunkaransar,,000000,I,294061,Udaana,2025-05-20,2025-06-24,1,The Village Kankarwala(69830)...etc  has been shifted to Sub-district Poogal(District Bikaner) from Sub-district Lunkaransar(District Bikaner) in Rajasthan.
952311,Khari - 4 Km,खारी -4 केएम,475,Lunkaransar,,000000,U,36112,Kujti,2025-05-20,2025-06-24,1,The Village Kankarwala(69830)...etc  has been shifted to Sub-district Poogal(District Bikaner) from Sub-district Lunkaransar(District Bikaner) in Rajasthan.
952312,Kapurisar - 2-Mkm,कपूरीसर -2 एमकेएम,475,Lunkaransar,,000000,U,36107,Kapurisar,2025-05-20,2025-06-24,1,The Village Kankarwala(69830)...etc  has been shifted to Sub-district Poogal(District Bikaner) from Sub-district Lunkaransar(District Bikaner) in Rajasthan.
952313,Goplyan - 3 Lkd,गोपल्याण -3 एलकेडी,475,Lunkaransar,,000000,U,262300,Gopalyan,2025-05-20,2025-06-24,1,The Village Kankarwala(69830)...etc  has been shifted to Sub-district Poogal(District Bikaner) from Sub-district Lunkaransar(District Bikaner) in Rajasthan.
952315,Phuleji - 6 Phm,फूलेजी -6 पीएचएम,475,Lunkaransar,,000000,I,36099,Chakjohad,2025-05-20,2025-06-24,1,The Village Kankarwala(69830)...etc  has been shifted to Sub-district Poogal(District Bikaner) from Sub-district Lunkaransar(District Bikaner) in Rajasthan.
952318,Delanabada - 5 Dld,डेलानाबड़ा - 5 डीएलडी,475,Lunkaransar,,000000,I,36124,Rojha,2025-05-20,2025-06-24,1,The Village Kankarwala(69830)...etc  has been shifted to Sub-district Poogal(District Bikaner) from Sub-district Lunkaransar(District Bikaner) in Rajasthan.
952320,Dheerera Station - 357-90 Rd,धीरेंरा स्टेशन - 357-900 आरडी,475,Lunkaransar,,000000,U,262217,Bamanwali,2025-05-20,2025-06-24,1,The Village Kankarwala(69830)...etc  has been shifted to Sub-district Poogal(District Bikaner) from Sub-district Lunkaransar(District Bikaner) in Rajasthan.
952326,Dulmera - 2 Dlm,दुलमेरा - 2 डीएलएम,475,Lunkaransar,,000000,U,36101,Dhirera,2025-05-20,2025-06-24,1,The Village Kankarwala(69830)...etc  has been shifted to Sub-district Poogal(District Bikaner) from Sub-district Lunkaransar(District Bikaner) in Rajasthan.
952332,Uttamdesar - 1 Ksm,उतमदेसर -1 केएसएम,475,Lunkaransar,,000000,U,262217,Bamanwali,2025-05-20,2025-06-24,1,The Village Kankarwala(69830)...etc  has been shifted to Sub-district Poogal(District Bikaner) from Sub-district Lunkaransar(District Bikaner) in Rajasthan.
952349,Beedsangreu - 15 Mkd,बीडसंग्रेऊ -15 एमकेडी,475,Lunkaransar,,000000,U,294068,Mohakampura,2025-05-20,2025-06-24,1,The Village Kankarwala(69830)...etc  has been shifted to Sub-district Poogal(District Bikaner) from Sub-district Lunkaransar(District Bikaner) in Rajasthan.
952350,Bhadera - 4 Bhd,भाडेरा - 4 बीएचडी,475,Lunkaransar,,000000,U,262304,Bhadera,2025-05-20,2025-06-24,1,The Village Kankarwala(69830)...etc  has been shifted to Sub-district Poogal(District Bikaner) from Sub-district Lunkaransar(District Bikaner) in Rajasthan.
952351,Chak Phooldesar - 282-200Rd,चक फूलदेसर- 282-200 आरडी,475,Lunkaransar,,000000,U,262312,Sahaniwala,2025-05-20,2025-06-24,1,The Village Kankarwala(69830)...etc  has been shifted to Sub-district Poogal(District Bikaner) from Sub-district Lunkaransar(District Bikaner) in Rajasthan.
952352,Delanachota - 3 Dld,डेलानाछोटा - 3 डीएलडी,475,Lunkaransar,,000000,U,,,2025-05-20,2025-06-24,1,The Village Kankarwala(69830)...etc  has been shifted to Sub-district Poogal(District Bikaner) from Sub-district Lunkaransar(District Bikaner) in Rajasthan.
952354,Tejana - 6-8 Mgd,तेजाना - 6-8 एमजीडी,475,Lunkaransar,,000000,U,36096,Baderan,2025-05-20,2025-06-24,1,The Village Kankarwala(69830)...etc  has been shifted to Sub-district Poogal(District Bikaner) from Sub-district Lunkaransar(District Bikaner) in Rajasthan.
952355,Ronjha - 13 Chd,रोंझा - 13 सीएचडी,475,Lunkaransar,,000000,U,,,2025-05-20,2025-06-24,1,The Village Kankarwala(69830)...etc  has been shifted to Sub-district Poogal(District Bikaner) from Sub-district Lunkaransar(District Bikaner) in Rajasthan.
952356,Nathwana -11 Lkd,नाथवाना -11 एलकेडी,475,Lunkaransar,,000000,U,36117,Nathwana,2025-05-20,2025-06-24,1,The Village Kankarwala(69830)...etc  has been shifted to Sub-district Poogal(District Bikaner) from Sub-district Lunkaransar(District Bikaner) in Rajasthan.
952357,Malkisar - 1 Mgd,मलकीसर - 1 एमजीडी,475,Lunkaransar,,000000,U,36107,Kapurisar,2025-05-20,2025-06-24,1,The Village Kankarwala(69830)...etc  has been shifted to Sub-district Poogal(District Bikaner) from Sub-district Lunkaransar(District Bikaner) in Rajasthan.
952358,Ghesura - 2 Rbm,घेसुरा - 2 आरबीएम,475,Lunkaransar,,000000,U,36121,Rambag,2025-05-20,2025-06-24,1,The Village Kankarwala(69830)...etc  has been shifted to Sub-district Poogal(District Bikaner) from Sub-district Lunkaransar(District Bikaner) in Rajasthan.
952359,Lunkaransar - 273-150 Rd,लूणकरणसर -273-150 आरडी,475,Lunkaransar,,000000,U,,,2025-05-20,2025-06-24,1,The Village Kankarwala(69830)...etc  has been shifted to Sub-district Poogal(District Bikaner) from Sub-district Lunkaransar(District Bikaner) in Rajasthan.
952360,Phooldesar Sindhas - 299-600 Rd,फूलदेसर सिघास - 299-600 आरडी,475,Lunkaransar,,000000,U,,,2025-05-20,2025-06-24,1,The Village Kankarwala(69830)...etc  has been shifted to Sub-district Poogal(District Bikaner) from Sub-district Lunkaransar(District Bikaner) in Rajasthan.
952361,Sahniwala - 2 Plm,सहनीवाला -2 पीएलएम,475,Lunkaransar,,000000,U,,,2025-05-20,2025-06-24,1,The Village Kankarwala(69830)...etc  has been shifted to Sub-district Poogal(District Bikaner) from Sub-district Lunkaransar(District Bikaner) in Rajasthan.
952362,Surnana - 6 Dlm,सुरनाना -6 डीएलएम,475,Lunkaransar,,000000,U,262314,Surnana,2025-05-20,2025-06-24,1,The Village Kankarwala(69830)...etc  has been shifted to Sub-district Poogal(District Bikaner) from Sub-district Lunkaransar(District Bikaner) in Rajasthan.
954572,Uttamdesar -3 - Ksm,उत्तमदेसर -3 - के.एस.एम.,475,Lunkaransar,,000000,U,,,2025-05-20,2025-07-23,1,The Village Kankarwala(69830)...etc  has been shifted to Sub-district Poogal(District Bikaner) from Sub-district Lunkaransar(District Bikaner) in Rajasthan.
954598,Udana - 9 Bhd,उदाना -9 बीएचडी,475,Lunkaransar,,000000,U,,,2025-05-20,2025-07-23,1,The Village Kankarwala(69830)...etc  has been shifted to Sub-district Poogal(District Bikaner) from Sub-district Lunkaransar(District Bikaner) in Rajasthan.
954600,Mithriya - Chak 117- 475 Rd,मीठडीया - चक 117-475 आर डी,475,Lunkaransar,,000000,U,262295,Arjunsar Station,2025-05-20,2025-07-23,1,The Village Kankarwala(69830)...etc  has been shifted to Sub-district Poogal(District Bikaner) from Sub-district Lunkaransar(District Bikaner) in Rajasthan.
954608,Uttamdesar - 2 Ksm,उतमदेसर -2 केएसएम,475,Lunkaransar,,000000,U,262217,Bamanwali,2025-05-20,2025-07-23,1,The Village Kankarwala(69830)...etc  has been shifted to Sub-district Poogal(District Bikaner) from Sub-district Lunkaransar(District Bikaner) in Rajasthan.
954613,Udana - 266-472 Rd,उदाना -266-472 आरडी,475,Lunkaransar,,000000,U,,,2025-05-20,2025-07-23,1,The Village Kankarwala(69830)...etc  has been shifted to Sub-district Poogal(District Bikaner) from Sub-district Lunkaransar(District Bikaner) in Rajasthan.
954615,Pipera - 1 Bhd,पिपेरा - 1 बीएचडी,475,Lunkaransar,,000000,U,,,2025-05-20,2025-07-23,1,The Village Kankarwala(69830)...etc  has been shifted to Sub-district Poogal(District Bikaner) from Sub-district Lunkaransar(District Bikaner) in Rajasthan.
954616,Phuleji - 7 Phm,फूलेजी -7 पीएचएम,475,Lunkaransar,,000000,U,,,2025-05-20,2025-07-23,1,The Village Kankarwala(69830)...etc  has been shifted to Sub-district Poogal(District Bikaner) from Sub-district Lunkaransar(District Bikaner) in Rajasthan.
954617,Phooldesar Sindhas - 301 - 700 Rd,र्फूलदेसर सिंघास - 301-700 आरडी,475,Lunkaransar,,000000,U,,,2025-05-20,2025-07-23,1,The Village Kankarwala(69830)...etc  has been shifted to Sub-district Poogal(District Bikaner) from Sub-district Lunkaransar(District Bikaner) in Rajasthan.
954618,Nathwana - 6 Lkd,नाथवाना -6 एलकेडी,475,Lunkaransar,,000000,U,,,2025-05-20,2025-07-23,1,The Village Kankarwala(69830)...etc  has been shifted to Sub-district Poogal(District Bikaner) from Sub-district Lunkaransar(District Bikaner) in Rajasthan.
954621,Malkisar - 17 Mkd,मलकीसर - 17 एमकेडी,475,Lunkaransar,,000000,U,,,2025-05-20,2025-07-23,1,The Village Kankarwala(69830)...etc  has been shifted to Sub-district Poogal(District Bikaner) from Sub-district Lunkaransar(District Bikaner) in Rajasthan.
954623,Mahajan - 172-400 Rd,महाजन -172-400 आरडी,475,Lunkaransar,,000000,U,36115,Mahajan,2025-05-20,2025-07-23,1,The Village Kankarwala(69830)...etc  has been shifted to Sub-district Poogal(District Bikaner) from Sub-district Lunkaransar(District Bikaner) in Rajasthan.
954624,Tejana - 4 Bhm,तेजाना - 4 बीएचएम,475,Lunkaransar,,000000,U,,,2025-05-20,2025-07-23,1,The Village Kankarwala(69830)...etc  has been shifted to Sub-district Poogal(District Bikaner) from Sub-district Lunkaransar(District Bikaner) in Rajasthan.
954626,Ronjha - 16 Chd,रोंझा - 16 सीएचडी,475,Lunkaransar,,000000,U,,,2025-05-20,2025-07-23,1,The Village Kankarwala(69830)...etc  has been shifted to Sub-district Poogal(District Bikaner) from Sub-district Lunkaransar(District Bikaner) in Rajasthan.
954628,Lunkaransar -295-200 Rd,लूणकरणसर -295-200 आरडी,475,Lunkaransar,,000000,U,,,2025-05-20,2025-07-23,1,The Village Kankarwala(69830)...etc  has been shifted to Sub-district Poogal(District Bikaner) from Sub-district Lunkaransar(District Bikaner) in Rajasthan.
954630,Sahniwala - 5 Chm,सहनीवाला -5 सीएचएम,475,Lunkaransar,,000000,U,,,2025-05-20,2025-07-23,1,The Village Kankarwala(69830)...etc  has been shifted to Sub-district Poogal(District Bikaner) from Sub-district Lunkaransar(District Bikaner) in Rajasthan.
954631,Udeshiya - 314-245 Rd,उदेशिया -314-245 आरडी,475,Lunkaransar,,000000,U,36103,Hansera,2025-05-20,2025-07-23,1,The Village Kankarwala(69830)...etc  has been shifted to Sub-district Poogal(District Bikaner) from Sub-district Lunkaransar(District Bikaner) in Rajasthan.
954633,Udana - 269-600 Rd,उदाना -269-600 आरडी,475,Lunkaransar,,000000,U,,,2025-05-20,2025-07-23,1,The Village Kankarwala(69830)...etc  has been shifted to Sub-district Poogal(District Bikaner) from Sub-district Lunkaransar(District Bikaner) in Rajasthan.
954639,Phuleji - 8 Phm,फूलेजी -8 पीएचएम,475,Lunkaransar,,000000,U,,,2025-05-20,2025-07-23,1,The Village Kankarwala(69830)...etc  has been shifted to Sub-district Poogal(District Bikaner) from Sub-district Lunkaransar(District Bikaner) in Rajasthan.
954641,Goplyan - 5 Lkd,गोपल्याण -5 एलकेडी,475,Lunkaransar,,000000,U,,,2025-05-20,2025-07-23,1,The Village Kankarwala(69830)...etc  has been shifted to Sub-district Poogal(District Bikaner) from Sub-district Lunkaransar(District Bikaner) in Rajasthan.
954644,Kankadwala - 1 Chm,कांकड़वाला -1 सीएचएम,475,Lunkaransar,,000000,U,,,2025-05-20,2025-07-23,1,The Village Kankarwala(69830)...etc  has been shifted to Sub-district Poogal(District Bikaner) from Sub-district Lunkaransar(District Bikaner) in Rajasthan.
954646,Dulmera - 4 Dlm,दुलमेरा - 4 डीएलएम,475,Lunkaransar,,000000,U,,,2025-05-20,2025-07-23,1,The Village Kankarwala(69830)...etc  has been shifted to Sub-district Poogal(District Bikaner) from Sub-district Lunkaransar(District Bikaner) in Rajasthan.
954651,Khari -5-6 Km,खारी -5-6 केएम,475,Lunkaransar,,000000,U,36112,Kujti,2025-05-20,2025-07-23,1,The Village Kankarwala(69830)...etc  has been shifted to Sub-district Poogal(District Bikaner) from Sub-district Lunkaransar(District Bikaner) in Rajasthan.
954652,Malkisar - 10 Mkd,मलकीसर - 10 एमकेडी,475,Lunkaransar,,000000,U,,,2025-05-20,2025-07-23,1,The Village Kankarwala(69830)...etc  has been shifted to Sub-district Poogal(District Bikaner) from Sub-district Lunkaransar(District Bikaner) in Rajasthan.
954653,Kapurisar - 3 Mkm,कपूरीसर -3 एमके एम,475,Lunkaransar,,000000,I,36107,Kapurisar,2025-05-20,2025-07-23,1,The Village Kankarwala(69830)...etc  has been shifted to Sub-district Poogal(District Bikaner) from Sub-district Lunkaransar(District Bikaner) in Rajasthan.
954654,Lunkaransar - 289- 850 Rd,लूणकरणसर -289-850 आरडी,475,Lunkaransar,,000000,U,,,2025-05-20,2025-07-23,1,The Village Kankarwala(69830)...etc  has been shifted to Sub-district Poogal(District Bikaner) from Sub-district Lunkaransar(District Bikaner) in Rajasthan.
954656,Nathwana - 7 Lkd,नाथवाना -7 एलकेडी,475,Lunkaransar,,000000,U,,,2025-05-20,2025-07-23,1,The Village Kankarwala(69830)...etc  has been shifted to Sub-district Poogal(District Bikaner) from Sub-district Lunkaransar(District Bikaner) in Rajasthan.
954657,Phooldesar Sindhas - 302-700 Rd,फूलदेसर सिंघास - 302-700 आरडी,475,Lunkaransar,,000000,U,,,2025-05-20,2025-07-23,1,The Village Kankarwala(69830)...etc  has been shifted to Sub-district Poogal(District Bikaner) from Sub-district Lunkaransar(District Bikaner) in Rajasthan.
954659,Dheerera Station - 354-800 Rd,धीरेंरा स्टेशन -354-800 आरडी,475,Lunkaransar,,000000,U,,,2025-05-20,2025-07-23,1,The Village Kankarwala(69830)...etc  has been shifted to Sub-district Poogal(District Bikaner) from Sub-district Lunkaransar(District Bikaner) in Rajasthan.
954661,Pipera - 235-500 Rd,पिपेरा - 235-500 आरडी ,475,Lunkaransar,,000000,U,,,2025-05-20,2025-07-23,1,The Village Kankarwala(69830)...etc  has been shifted to Sub-district Poogal(District Bikaner) from Sub-district Lunkaransar(District Bikaner) in Rajasthan.
954662,Kapurisar -4 Mkd,कपूरीसर -4 एमकेडी,475,Lunkaransar,,000000,U,,,2025-05-20,2025-07-23,1,The Village Kankarwala(69830)...etc  has been shifted to Sub-district Poogal(District Bikaner) from Sub-district Lunkaransar(District Bikaner) in Rajasthan.
954663,Kankadwala -2 Chd,कांकड़वाला -2 सीएचडी,475,Lunkaransar,,000000,U,,,2025-05-20,2025-07-23,1,The Village Kankarwala(69830)...etc  has been shifted to Sub-district Poogal(District Bikaner) from Sub-district Lunkaransar(District Bikaner) in Rajasthan.
954664,Udana - 272 Rd,उदाना -272 आरडी,475,Lunkaransar,,000000,U,,,2025-05-20,2025-07-23,1,The Village Kankarwala(69830)...etc  has been shifted to Sub-district Poogal(District Bikaner) from Sub-district Lunkaransar(District Bikaner) in Rajasthan.
954665,Tejana - 5 Bhm,तेजाना - 5 बीएचएम,475,Lunkaransar,,000000,U,,,2025-05-20,2025-07-23,1,The Village Kankarwala(69830)...etc  has been shifted to Sub-district Poogal(District Bikaner) from Sub-district Lunkaransar(District Bikaner) in Rajasthan.
954666,Goplyan - 232-600 Rd (L),गोपल्याण - 232-600 आरडी एल,475,Lunkaransar,,000000,U,,,2025-05-20,2025-07-23,1,The Village Kankarwala(69830)...etc  has been shifted to Sub-district Poogal(District Bikaner) from Sub-district Lunkaransar(District Bikaner) in Rajasthan.
954670,Dheerera - 1 Km,धीरेंरा - 1 केएम,475,Lunkaransar,,000000,U,36101,Dhirera,2025-05-20,2025-07-23,1,The Village Kankarwala(69830)...etc  has been shifted to Sub-district Poogal(District Bikaner) from Sub-district Lunkaransar(District Bikaner) in Rajasthan.
954673,Dheerera Station - 359-900 Rd,धीरेंरा स्टेशन - 359-900 आरडी,475,Lunkaransar,,000000,U,262217,Bamanwali,2025-05-20,2025-07-23,1,The Village Kankarwala(69830)...etc  has been shifted to Sub-district Poogal(District Bikaner) from Sub-district Lunkaransar(District Bikaner) in Rajasthan.
954677,Dulmera - 348-400 Rd,दुलमेरा - 348-400 आरडी,475,Lunkaransar,,000000,U,,,2025-05-20,2025-07-23,1,The Village Kankarwala(69830)...etc  has been shifted to Sub-district Poogal(District Bikaner) from Sub-district Lunkaransar(District Bikaner) in Rajasthan.
954678,Lunkaransar -303-900 Rd,लूणकरणसर -303-900 आरडी,475,Lunkaransar,,000000,U,,,2025-05-20,2025-07-23,1,The Village Kankarwala(69830)...etc  has been shifted to Sub-district Poogal(District Bikaner) from Sub-district Lunkaransar(District Bikaner) in Rajasthan.
954679,Phuleji - 10 Phm,फूलेजी -10 पीएचएम,475,Lunkaransar,,000000,U,,,2025-05-20,2025-07-23,1,The Village Kankarwala(69830)...etc  has been shifted to Sub-district Poogal(District Bikaner) from Sub-district Lunkaransar(District Bikaner) in Rajasthan.
954681,Delanbada - 7 Dld,डेलानाबड़ा - 7 डीएलडी ,475,Lunkaransar,,000000,U,,,2025-05-20,2025-07-23,1,The Village Kankarwala(69830)...etc  has been shifted to Sub-district Poogal(District Bikaner) from Sub-district Lunkaransar(District Bikaner) in Rajasthan.
954682,Delanachota - 1 Dld,डेलानाछोटा - 1 डीएलडी,475,Lunkaransar,,000000,U,,,2025-05-20,2025-07-23,1,The Village Kankarwala(69830)...etc  has been shifted to Sub-district Poogal(District Bikaner) from Sub-district Lunkaransar(District Bikaner) in Rajasthan.
954683,Kapurisar -4 Mkm,कपूरीसर - 4 एमकेएम,475,Lunkaransar,,000000,U,,,2025-05-20,2025-07-23,1,The Village Kankarwala(69830)...etc  has been shifted to Sub-district Poogal(District Bikaner) from Sub-district Lunkaransar(District Bikaner) in Rajasthan.
954691,Malkisar - 12 Mkd,मलकीसर -12 एमकेडी,475,Lunkaransar,,000000,U,36107,Kapurisar,2025-05-20,2025-07-23,1,The Village Kankarwala(69830)...etc  has been shifted to Sub-district Poogal(District Bikaner) from Sub-district Lunkaransar(District Bikaner) in Rajasthan.
954693,Goplyan -2 Mkd,गोपल्याण -2 एमकेडी,475,Lunkaransar,,000000,U,,,2025-05-20,2025-07-23,1,The Village Kankarwala(69830)...etc  has been shifted to Sub-district Poogal(District Bikaner) from Sub-district Lunkaransar(District Bikaner) in Rajasthan.
954695,Delanabada -11 Chd,डेलानाबड़ा - 11 सीएचडी,475,Lunkaransar,,000000,U,,,2025-05-20,2025-07-23,1,The Village Kankarwala(69830)...etc  has been shifted to Sub-district Poogal(District Bikaner) from Sub-district Lunkaransar(District Bikaner) in Rajasthan.
954696,Dulmera -2 Km,दुलमेरा -2 के एम,475,Lunkaransar,,000000,U,36101,Dhirera,2025-05-20,2025-07-23,1,The Village Kankarwala(69830)...etc  has been shifted to Sub-district Poogal(District Bikaner) from Sub-district Lunkaransar(District Bikaner) in Rajasthan.
954698,Udana -274-200 Rd,उदाना -274-200 आरडी,475,Lunkaransar,,000000,U,,,2025-05-20,2025-07-23,1,The Village Kankarwala(69830)...etc  has been shifted to Sub-district Poogal(District Bikaner) from Sub-district Lunkaransar(District Bikaner) in Rajasthan.
954703,Chak Phooldesar - 286-400 Rd,चक फूलदेसर- 286-400 आरडी,475,Lunkaransar,,000000,U,,,2025-05-20,2025-07-23,1,The Village Kankarwala(69830)...etc  has been shifted to Sub-district Poogal(District Bikaner) from Sub-district Lunkaransar(District Bikaner) in Rajasthan.
954712,Lunkaransar -293-400 Rd,लूणकरणसर -293-400 आरडी,475,Lunkaransar,,000000,U,,,2025-05-20,2025-07-23,1,The Village Kankarwala(69830)...etc  has been shifted to Sub-district Poogal(District Bikaner) from Sub-district Lunkaransar(District Bikaner) in Rajasthan.
954714,Udana - 4 Chm,उदाना - 4 सीएचएम,475,Lunkaransar,,000000,U,294061,Udaana,2025-05-20,2025-07-23,1,The Village Kankarwala(69830)...etc  has been shifted to Sub-district Poogal(District Bikaner) from Sub-district Lunkaransar(District Bikaner) in Rajasthan.
954717,Kapurisar -5Mkm,कपूरीसर -5 एमकेएम,475,Lunkaransar,,000000,U,,,2025-05-20,2025-07-23,1,The Village Kankarwala(69830)...etc  has been shifted to Sub-district Poogal(District Bikaner) from Sub-district Lunkaransar(District Bikaner) in Rajasthan.
954718,Beedsangreu - 13 Mkd,बीडसंग्रेऊ -13 एमकेडी ,475,Lunkaransar,,000000,U,,,2025-05-20,2025-07-23,1,The Village Kankarwala(69830)...etc  has been shifted to Sub-district Poogal(District Bikaner) from Sub-district Lunkaransar(District Bikaner) in Rajasthan.
954723,Goplyan -4 Lkd,गोपल्याण -4 एलकेडी,475,Lunkaransar,,000000,U,262300,Gopalyan,2025-05-20,2025-07-23,1,The Village Kankarwala(69830)...etc  has been shifted to Sub-district Poogal(District Bikaner) from Sub-district Lunkaransar(District Bikaner) in Rajasthan.
954725,Lunkaransar -280-500 Rd,लूणकरणसर -280-500 आरडी,475,Lunkaransar,,000000,U,,,2025-05-20,2025-07-23,1,The Village Kankarwala(69830)...etc  has been shifted to Sub-district Poogal(District Bikaner) from Sub-district Lunkaransar(District Bikaner) in Rajasthan.
954728,Kapurisar -6 Mkd,कपूरीसर -6 एमकेडी,475,Lunkaransar,,000000,U,,,2025-05-20,2025-07-23,1,The Village Kankarwala(69830)...etc  has been shifted to Sub-district Poogal(District Bikaner) from Sub-district Lunkaransar(District Bikaner) in Rajasthan.
954729,Chak Phooldesar - 290-700 Rd,चक फूलदेसर - 290-700 आरडी,475,Lunkaransar,,000000,U,262312,Sahaniwala,2025-05-20,2025-07-23,1,The Village Kankarwala(69830)...etc  has been shifted to Sub-district Poogal(District Bikaner) from Sub-district Lunkaransar(District Bikaner) in Rajasthan.
954733,Bhadera - 6Bhd,भाडेरा - 6 बीएचडी,475,Lunkaransar,,000000,U,,,2025-05-20,2025-07-23,1,The Village Kankarwala(69830)...etc  has been shifted to Sub-district Poogal(District Bikaner) from Sub-district Lunkaransar(District Bikaner) in Rajasthan.
954734,Beedsangreu -16 Mkd,बीडसंग्रेऊ -16 एमकेडी,475,Lunkaransar,,000000,U,,,2025-05-20,2025-07-23,1,The Village Kankarwala(69830)...etc  has been shifted to Sub-district Poogal(District Bikaner) from Sub-district Lunkaransar(District Bikaner) in Rajasthan.
954736,Phuleji -11 Phm,फूलेजी -11 पीएचएम,475,Lunkaransar,,000000,U,36099,Chakjohad,2025-05-20,2025-07-23,1,The Village Kankarwala(69830)...etc  has been shifted to Sub-district Poogal(District Bikaner) from Sub-district Lunkaransar(District Bikaner) in Rajasthan.
954737,Lunkaransar -277-600 Rd,लूणकरणसर -277-600 आरडी,475,Lunkaransar,,000000,U,,,2025-05-20,2025-07-23,1,The Village Kankarwala(69830)...etc  has been shifted to Sub-district Poogal(District Bikaner) from Sub-district Lunkaransar(District Bikaner) in Rajasthan.
954739,Bhadera - 7 Bhd,भाडेरा - 7 बीएचडी,475,Lunkaransar,,000000,U,,,2025-05-20,2025-07-23,1,The Village Kankarwala(69830)...etc  has been shifted to Sub-district Poogal(District Bikaner) from Sub-district Lunkaransar(District Bikaner) in Rajasthan.
954740,Pipera - 230 Rd,पिपेरा - 230 आरडी,475,Lunkaransar,,000000,U,,,2025-05-20,2025-07-23,1,The Village Kankarwala(69830)...etc  has been shifted to Sub-district Poogal(District Bikaner) from Sub-district Lunkaransar(District Bikaner) in Rajasthan.
954741,Beedsangreu -20 Mkd,बीडसंग्रेऊ -20 एमकेडी,475,Lunkaransar,,000000,U,,,2025-05-20,2025-07-23,1,The Village Kankarwala(69830)...etc  has been shifted to Sub-district Poogal(District Bikaner) from Sub-district Lunkaransar(District Bikaner) in Rajasthan.
954743,Bhadera - 239-935 Rd,भाडेरा - 239-935 आरडी,475,Lunkaransar,,000000,U,,,2025-05-20,2025-07-23,1,The Village Kankarwala(69830)...etc  has been shifted to Sub-district Poogal(District Bikaner) from Sub-district Lunkaransar(District Bikaner) in Rajasthan.
954745,Sahniwala - 6 Chd,सहनीवाला -6 सीएचडी,475,Lunkaransar,,000000,U,,,2025-05-20,2025-07-23,1,The Village Kankarwala(69830)...etc  has been shifted to Sub-district Poogal(District Bikaner) from Sub-district Lunkaransar(District Bikaner) in Rajasthan.
954746,Ronjha - 17 Chd,रोंझा - 17 सीएचडी,475,Lunkaransar,,000000,U,,,2025-05-20,2025-07-23,1,The Village Kankarwala(69830)...etc  has been shifted to Sub-district Poogal(District Bikaner) from Sub-district Lunkaransar(District Bikaner) in Rajasthan.
954748,Bhadera - 244 Rd,भाडेरा - 244 आरडी,475,Lunkaransar,,000000,U,,,2025-05-20,2025-07-23,1,The Village Kankarwala(69830)...etc  has been shifted to Sub-district Poogal(District Bikaner) from Sub-district Lunkaransar(District Bikaner) in Rajasthan.
954749,Pipera - 5 Mkd,पिपेरा - 5 एमकेडी,475,Lunkaransar,,000000,U,,,2025-05-20,2025-07-23,1,The Village Kankarwala(69830)...etc  has been shifted to Sub-district Poogal(District Bikaner) from Sub-district Lunkaransar(District Bikaner) in Rajasthan.
954750,Beedsangreu - 196 Rd,बीडसंग्रेऊ -196 आरडी,475,Lunkaransar,,000000,U,294068,Mohakampura,2025-05-20,2025-07-23,1,The Village Kankarwala(69830)...etc  has been shifted to Sub-district Poogal(District Bikaner) from Sub-district Lunkaransar(District Bikaner) in Rajasthan.
954753,Lunkaransar - 276-600 Rd,लूणकरणसर -276-600 आरडी,475,Lunkaransar,,000000,U,,,2025-05-20,2025-07-23,1,The Village Kankarwala(69830)...etc  has been shifted to Sub-district Poogal(District Bikaner) from Sub-district Lunkaransar(District Bikaner) in Rajasthan.
954757,Bhadera - 247-800 Rd R,भाडेरा -247-800 आरडी आर ,475,Lunkaransar,,000000,U,,,2025-05-20,2025-07-23,1,The Village Kankarwala(69830)...etc  has been shifted to Sub-district Poogal(District Bikaner) from Sub-district Lunkaransar(District Bikaner) in Rajasthan.
954759,Ronjha - 294-500 Rd,रोंझा -294-500 आरडी,475,Lunkaransar,,000000,U,36124,Rojha,2025-05-20,2025-07-23,1,The Village Kankarwala(69830)...etc  has been shifted to Sub-district Poogal(District Bikaner) from Sub-district Lunkaransar(District Bikaner) in Rajasthan.
954760,Sahniwala -8 Chd,सहनीवाला -8 सीएचडी,475,Lunkaransar,,000000,U,,,2025-05-20,2025-07-23,1,The Village Kankarwala(69830)...etc  has been shifted to Sub-district Poogal(District Bikaner) from Sub-district Lunkaransar(District Bikaner) in Rajasthan.
954762,Pipera - 2 Bhd,पिपेरा - 2 बीएचडी,475,Lunkaransar,,000000,U,36118,Peepera,2025-05-20,2025-07-23,1,The Village Kankarwala(69830)...etc  has been shifted to Sub-district Poogal(District Bikaner) from Sub-district Lunkaransar(District Bikaner) in Rajasthan.
954768,Kapurisar -7 Mkd,कपूरीसर -7 एमकेडी,475,Lunkaransar,,000000,U,36107,Kapurisar,2025-05-20,2025-07-23,1,The Village Kankarwala(69830)...etc  has been shifted to Sub-district Poogal(District Bikaner) from Sub-district Lunkaransar(District Bikaner) in Rajasthan.
954771,Sahniwala -9 Chd,सहनीवाला -9 सीएचडी,475,Lunkaransar,,000000,U,,,2025-05-20,2025-07-23,1,The Village Kankarwala(69830)...etc  has been shifted to Sub-district Poogal(District Bikaner) from Sub-district Lunkaransar(District Bikaner) in Rajasthan.
954773,Bhadera - 251-800 Rd R,भाडेरा -251-800 आरडी आर,475,Lunkaransar,,000000,U,,,2025-05-20,2025-07-23,1,The Village Kankarwala(69830)...etc  has been shifted to Sub-district Poogal(District Bikaner) from Sub-district Lunkaransar(District Bikaner) in Rajasthan.
954774,Lunkaransar -282-600 Rd,लूणकरणसर -282-600 आरडी,475,Lunkaransar,,000000,U,,,2025-05-20,2025-07-23,1,The Village Kankarwala(69830)...etc  has been shifted to Sub-district Poogal(District Bikaner) from Sub-district Lunkaransar(District Bikaner) in Rajasthan.
954781,Sahniwala - 10 Chd,सहनीवाला -10 सीएचडी,475,Lunkaransar,,000000,U,,,2025-05-20,2025-07-23,1,The Village Kankarwala(69830)...etc  has been shifted to Sub-district Poogal(District Bikaner) from Sub-district Lunkaransar(District Bikaner) in Rajasthan.
954784,Bhadera - 253 Rd R,भाडेरा -253 आरडी आर,475,Lunkaransar,,000000,U,,,2025-05-20,2025-07-23,1,The Village Kankarwala(69830)...etc  has been shifted to Sub-district Poogal(District Bikaner) from Sub-district Lunkaransar(District Bikaner) in Rajasthan.
954790,Sahniwala - 14 Chd,सहनीवाला -14 सीएचडी,475,Lunkaransar,,000000,U,,,2025-05-20,2025-07-23,1,The Village Kankarwala(69830)...etc  has been shifted to Sub-district Poogal(District Bikaner) from Sub-district Lunkaransar(District Bikaner) in Rajasthan.
954791,Bhadera - 258 - 030 Rd,भाडेरा -258-030 आरडी,475,Lunkaransar,,000000,U,262304,Bhadera,2025-05-20,2025-07-23,1,The Village Kankarwala(69830)...etc  has been shifted to Sub-district Poogal(District Bikaner) from Sub-district Lunkaransar(District Bikaner) in Rajasthan.
954830,Sahniwala - 15 Chd,सहनीवाला -15 सीएचडी,475,Lunkaransar,,000000,U,,,2025-05-20,2025-07-24,1,The Village Kankarwala(69830)...etc  has been shifted to Sub-district Poogal(District Bikaner) from Sub-district Lunkaransar(District Bikaner) in Rajasthan.
955202,Nathwana -8 Lkd,नाथवाना -8 एलकेडी,475,Lunkaransar,,000000,U,36117,Nathwana,2025-05-20,2025-07-25,1,The Village Kankarwala(69830)...etc  has been shifted to Sub-district Poogal(District Bikaner) from Sub-district Lunkaransar(District Bikaner) in Rajasthan.
955210,Kankadwala -2Chm,कांकड़वाला -2 सीएचएम,475,Lunkaransar,,000000,U,36106,Kankadwala,2025-05-20,2025-07-25,1,The Village Kankarwala(69830)...etc  has been shifted to Sub-district Poogal(District Bikaner) from Sub-district Lunkaransar(District Bikaner) in Rajasthan.
955211,Tejana -5 Mgd,तेजाना - 5 एमजीडी,475,Lunkaransar,,000000,U,36096,Baderan,2025-05-20,2025-07-25,1,The Village Kankarwala(69830)...etc  has been shifted to Sub-district Poogal(District Bikaner) from Sub-district Lunkaransar(District Bikaner) in Rajasthan.
955223,Kankadwala -3 Chd,कांकड़वाला -3 सीएचडी,475,Lunkaransar,,000000,U,,,2025-05-20,2025-07-28,1,The Village Kankarwala(69830)...etc  has been shifted to Sub-district Poogal(District Bikaner) from Sub-district Lunkaransar(District Bikaner) in Rajasthan.
955224,Kakadwala - 4 Chd,कांकड़वाला -4 सीएचडी,475,Lunkaransar,,000000,U,,,2025-05-20,2025-07-28,1,The Village Kankarwala(69830)...etc  has been shifted to Sub-district Poogal(District Bikaner) from Sub-district Lunkaransar(District Bikaner) in Rajasthan.
955225,Nathwana -9 Lkd,नाथवाना -9 एलकेडी,475,Lunkaransar,,000000,U,,,2025-05-20,2025-07-28,1,The Village Kankarwala(69830)...etc  has been shifted to Sub-district Poogal(District Bikaner) from Sub-district Lunkaransar(District Bikaner) in Rajasthan.
955231,Kankadwala -5Chd,कांकड़वाला -5 सीएचडी,475,Lunkaransar,,000000,U,,,2025-05-20,2025-07-28,1,The Village Kankarwala(69830)...etc  has been shifted to Sub-district Poogal(District Bikaner) from Sub-district Lunkaransar(District Bikaner) in Rajasthan.
955232,Nathwana - 10 Lkd,नाथवाना -10 एलकेडी,475,Lunkaransar,,000000,U,,,2025-05-20,2025-07-28,1,The Village Kankarwala(69830)...etc  has been shifted to Sub-district Poogal(District Bikaner) from Sub-district Lunkaransar(District Bikaner) in Rajasthan.
955233,Kankadwala - 6 Bhm,कांकड़वाला -6 बीएचएम,475,Lunkaransar,,000000,U,,,2025-05-20,2025-07-28,1,The Village Kankarwala(69830)...etc  has been shifted to Sub-district Poogal(District Bikaner) from Sub-district Lunkaransar(District Bikaner) in Rajasthan.
955234,Nathwana -244 Rd L,नाथवाना -244 आरडी एल,475,Lunkaransar,,000000,U,,,2025-05-20,2025-07-28,1,The Village Kankarwala(69830)...etc  has been shifted to Sub-district Poogal(District Bikaner) from Sub-district Lunkaransar(District Bikaner) in Rajasthan.
955235,Kankadwala - 7 Bhm,कांकड़वाला -7 बीएचएम,475,Lunkaransar,,000000,U,,,2025-05-20,2025-07-28,1,The Village Kankarwala(69830)...etc  has been shifted to Sub-district Poogal(District Bikaner) from Sub-district Lunkaransar(District Bikaner) in Rajasthan.
955236,Nathwana - 258-300 Rd L,नाथवाना -258-300 आरडी एल,475,Lunkaransar,,000000,U,,,2025-05-20,2025-07-28,1,The Village Kankarwala(69830)...etc  has been shifted to Sub-district Poogal(District Bikaner) from Sub-district Lunkaransar(District Bikaner) in Rajasthan.
955237,Kankadwala - 7 Chd,कांकड़वाला -7 सीएचडी,475,Lunkaransar,,000000,U,,,2025-05-20,2025-07-28,1,The Village Kankarwala(69830)...etc  has been shifted to Sub-district Poogal(District Bikaner) from Sub-district Lunkaransar(District Bikaner) in Rajasthan.
955238,Nathwana -263-200 Rd L,नाथवाना -263-200 आरडी एल,475,Lunkaransar,,000000,U,,,2025-05-20,2025-07-28,1,The Village Kankarwala(69830)...etc  has been shifted to Sub-district Poogal(District Bikaner) from Sub-district Lunkaransar(District Bikaner) in Rajasthan.
955239,Kankadwala -8 Bhm,कांकड़वाला -8 बीएचएम,475,Lunkaransar,,000000,U,,,2025-05-20,2025-07-28,1,The Village Kankarwala(69830)...etc  has been shifted to Sub-district Poogal(District Bikaner) from Sub-district Lunkaransar(District Bikaner) in Rajasthan.
955240,Nathwana - 1 Bhm,नाथवाना -1 बीएचएम,475,Lunkaransar,,000000,U,,,2025-05-20,2025-07-28,1,The Village Kankarwala(69830)...etc  has been shifted to Sub-district Poogal(District Bikaner) from Sub-district Lunkaransar(District Bikaner) in Rajasthan.
955241,Kankadwala - 9 Mgd,कांकड़वाला -9 एमजीडी,475,Lunkaransar,,000000,U,,,2025-05-20,2025-07-28,1,The Village Kankarwala(69830)...etc  has been shifted to Sub-district Poogal(District Bikaner) from Sub-district Lunkaransar(District Bikaner) in Rajasthan.
955242,Nathwana -2 Bhm,नाथवाना -2 बीएचएम,475,Lunkaransar,,000000,U,,,2025-05-20,2025-07-28,1,The Village Kankarwala(69830)...etc  has been shifted to Sub-district Poogal(District Bikaner) from Sub-district Lunkaransar(District Bikaner) in Rajasthan.
955243,Kankadwala - 10 Bhm,कांकड़वाला -10 बीएचएम,475,Lunkaransar,,000000,U,,,2025-05-20,2025-07-28,1,The Village Kankarwala(69830)...etc  has been shifted to Sub-district Poogal(District Bikaner) from Sub-district Lunkaransar(District Bikaner) in Rajasthan.
955244,Nathwana -3 Bhm,नाथवाना -3 बीएचएम,475,Lunkaransar,,000000,U,,,2025-05-20,2025-07-28,1,The Village Kankarwala(69830)...etc  has been shifted to Sub-district Poogal(District Bikaner) from Sub-district Lunkaransar(District Bikaner) in Rajasthan.
955247,Kankadwala -11 Bhm,कांकड़वाला -11 बीएचएम,475,Lunkaransar,,000000,U,,,2025-05-20,2025-07-28,1,The Village Kankarwala(69830)...etc  has been shifted to Sub-district Poogal(District Bikaner) from Sub-district Lunkaransar(District Bikaner) in Rajasthan.
955248,Nathwana -249-200 Rd,नाथवाना -249-200 आरडी,475,Lunkaransar,,000000,U,36117,Nathwana,2025-05-20,2025-07-28,1,The Village Kankarwala(69830)...etc  has been shifted to Sub-district Poogal(District Bikaner) from Sub-district Lunkaransar(District Bikaner) in Rajasthan.
955250,Pipera - 3 Mkd,पिपेरा - 3 एमकेडी,475,Lunkaransar,,000000,U,36118,Peepera,2025-05-20,2025-07-28,1,The Village Kankarwala(69830)...etc  has been shifted to Sub-district Poogal(District Bikaner) from Sub-district Lunkaransar(District Bikaner) in Rajasthan.
956098,Kankadwala-11 Mgd,कांकड़वाला -11 एमजीडी,475,Lunkaransar,,000000,U,,,2025-05-20,2025-08-07,1,The Village Kankarwala(69830)...etc  has been shifted to Sub-district Poogal(District Bikaner) from Sub-district Lunkaransar(District Bikaner) in Rajasthan.
956099,Delanabada-7 Dld,डेलानाबड़ा - 7 डीएलडी,475,Lunkaransar,,000000,U,,,2025-05-20,2025-08-07,1,The Village Kankarwala(69830)...etc  has been shifted to Sub-district Poogal(District Bikaner) from Sub-district Lunkaransar(District Bikaner) in Rajasthan.
956100,Kankadwala-4 Chd,कांकड़वाला -4 सीएचडी,475,Lunkaransar,,000000,U,,,2025-05-20,2025-08-07,1,The Village Kankarwala(69830)...etc  has been shifted to Sub-district Poogal(District Bikaner) from Sub-district Lunkaransar(District Bikaner) in Rajasthan.
956103,Kankadwala-12 Mgd,कांकड़वाला -12 एमजीडी,475,Lunkaransar,,000000,U,36106,Kankadwala,2025-05-20,2025-08-07,1,The Village Kankarwala(69830)...etc  has been shifted to Sub-district Poogal(District Bikaner) from Sub-district Lunkaransar(District Bikaner) in Rajasthan.
69393,Prithviraj Ka Bera,,476,Kolayat,00527900,069393,I,,,2005-01-01,2005-01-01,1,"The Village Khariya Malinath(69541),Khajora(69569),Nokhra(69535),Siyana Jodhasar(69561),Khikhniya Kundaliyan(69548),Khariya Patawatan(69538)...etc  has been shifted to Sub-district Handa(District Bikaner) from Sub-district Kolayat(District Bikaner) in Rajasthan."
69394,Angneu,,476,Kolayat,00528000,069394,I,,,2025-07-20,2025-08-04,12,"The Village Khariya Malinath(69541),Khajora(69569),Nokhra(69535),Siyana Jodhasar(69561),Khikhniya Kundaliyan(69548),Khariya Patawatan(69538)...etc  has been shifted to Sub-district Handa(District Bikaner) from Sub-district Kolayat(District Bikaner) in Rajasthan."
69395,Burj Chobdaran,,476,Kolayat,00528100,069395,I,,,2005-01-01,2005-01-01,1,"The Village Khariya Malinath(69541),Khajora(69569),Nokhra(69535),Siyana Jodhasar(69561),Khikhniya Kundaliyan(69548),Khariya Patawatan(69538)...etc  has been shifted to Sub-district Handa(District Bikaner) from Sub-district Kolayat(District Bikaner) in Rajasthan."
69396,Randheesar,,476,Kolayat,00528200,069396,I,,,2025-07-20,2025-08-04,8,"The Village Khariya Malinath(69541),Khajora(69569),Nokhra(69535),Siyana Jodhasar(69561),Khikhniya Kundaliyan(69548),Khariya Patawatan(69538)...etc  has been shifted to Sub-district Handa(District Bikaner) from Sub-district Kolayat(District Bikaner) in Rajasthan."
69397,Nokha @ Daiya,,476,Kolayat,00528300,069397,I,,,2025-03-19,2026-02-12,8,"The Village Khariya Malinath(69541),Khajora(69569),Nokhra(69535),Siyana Jodhasar(69561),Khikhniya Kundaliyan(69548),Khariya Patawatan(69538)...etc  has been shifted to Sub-district Handa(District Bikaner) from Sub-district Kolayat(District Bikaner) in Rajasthan."
69398,Khari Charnan,,476,Kolayat,00528400,069398,I,,,2005-01-01,2005-01-01,1,"The Village Khariya Malinath(69541),Khajora(69569),Nokhra(69535),Siyana Jodhasar(69561),Khikhniya Kundaliyan(69548),Khariya Patawatan(69538)...etc  has been shifted to Sub-district Handa(District Bikaner) from Sub-district Kolayat(District Bikaner) in Rajasthan."
69399,Modiya Mansar,,476,Kolayat,00528500,069399,I,,,2005-01-01,2005-01-01,1,"The Village Khariya Malinath(69541),Khajora(69569),Nokhra(69535),Siyana Jodhasar(69561),Khikhniya Kundaliyan(69548),Khariya Patawatan(69538)...etc  has been shifted to Sub-district Handa(District Bikaner) from Sub-district Kolayat(District Bikaner) in Rajasthan."
69400,Gajner,,476,Kolayat,00528600,069400,I,,,2005-01-01,2005-01-01,1,"The Village Khariya Malinath(69541),Khajora(69569),Nokhra(69535),Siyana Jodhasar(69561),Khikhniya Kundaliyan(69548),Khariya Patawatan(69538)...etc  has been shifted to Sub-district Handa(District Bikaner) from Sub-district Kolayat(District Bikaner) in Rajasthan."
69401,Sharah Bhiyanimani,,476,Kolayat,00528700,069401,I,,,2005-01-01,2005-01-01,1,"The Village Khariya Malinath(69541),Khajora(69569),Nokhra(69535),Siyana Jodhasar(69561),Khikhniya Kundaliyan(69548),Khariya Patawatan(69538)...etc  has been shifted to Sub-district Handa(District Bikaner) from Sub-district Kolayat(District Bikaner) in Rajasthan."
69402,Kodam Desar,,476,Kolayat,00528800,069402,I,,,2005-01-01,2005-01-01,1,"The Village Khariya Malinath(69541),Khajora(69569),Nokhra(69535),Siyana Jodhasar(69561),Khikhniya Kundaliyan(69548),Khariya Patawatan(69538)...etc  has been shifted to Sub-district Handa(District Bikaner) from Sub-district Kolayat(District Bikaner) in Rajasthan."
69403,Kotra,,476,Kolayat,00528900,069403,I,,,2005-01-01,2005-01-01,1,"The Village Khariya Malinath(69541),Khajora(69569),Nokhra(69535),Siyana Jodhasar(69561),Khikhniya Kundaliyan(69548),Khariya Patawatan(69538)...etc  has been shifted to Sub-district Handa(District Bikaner) from Sub-district Kolayat(District Bikaner) in Rajasthan."
69404,Sharah Gheroolal,,476,Kolayat,00529000,069404,I,,,2005-01-01,2005-01-01,1,"The Village Khariya Malinath(69541),Khajora(69569),Nokhra(69535),Siyana Jodhasar(69561),Khikhniya Kundaliyan(69548),Khariya Patawatan(69538)...etc  has been shifted to Sub-district Handa(District Bikaner) from Sub-district Kolayat(District Bikaner) in Rajasthan."
69405,Sharah Panibharamani,,476,Kolayat,00529100,069405,I,,,2014-03-24,2014-03-24,2,"The Village Khariya Malinath(69541),Khajora(69569),Nokhra(69535),Siyana Jodhasar(69561),Khikhniya Kundaliyan(69548),Khariya Patawatan(69538)...etc  has been shifted to Sub-district Handa(District Bikaner) from Sub-district Kolayat(District Bikaner) in Rajasthan."
69406,Sharah Jugaldas,,476,Kolayat,00529200,069406,I,,,2005-01-01,2005-01-01,1,"The Village Khariya Malinath(69541),Khajora(69569),Nokhra(69535),Siyana Jodhasar(69561),Khikhniya Kundaliyan(69548),Khariya Patawatan(69538)...etc  has been shifted to Sub-district Handa(District Bikaner) from Sub-district Kolayat(District Bikaner) in Rajasthan."
69407,Sharah Kulera,,476,Kolayat,00529300,069407,I,,,2005-01-01,2005-01-01,1,"The Village Khariya Malinath(69541),Khajora(69569),Nokhra(69535),Siyana Jodhasar(69561),Khikhniya Kundaliyan(69548),Khariya Patawatan(69538)...etc  has been shifted to Sub-district Handa(District Bikaner) from Sub-district Kolayat(District Bikaner) in Rajasthan."
69408,Sharah Kiradu,,476,Kolayat,00529400,069408,I,,,2014-03-24,2014-03-24,2,"The Village Khariya Malinath(69541),Khajora(69569),Nokhra(69535),Siyana Jodhasar(69561),Khikhniya Kundaliyan(69548),Khariya Patawatan(69538)...etc  has been shifted to Sub-district Handa(District Bikaner) from Sub-district Kolayat(District Bikaner) in Rajasthan."
69409,Salasar,,476,Kolayat,00529500,069409,I,,,2005-01-01,2005-01-01,1,"The Village Khariya Malinath(69541),Khajora(69569),Nokhra(69535),Siyana Jodhasar(69561),Khikhniya Kundaliyan(69548),Khariya Patawatan(69538)...etc  has been shifted to Sub-district Handa(District Bikaner) from Sub-district Kolayat(District Bikaner) in Rajasthan."
69410,Balala,,476,Kolayat,00529600,069410,I,,,2005-01-01,2005-01-01,1,"The Village Khariya Malinath(69541),Khajora(69569),Nokhra(69535),Siyana Jodhasar(69561),Khikhniya Kundaliyan(69548),Khariya Patawatan(69538)...etc  has been shifted to Sub-district Handa(District Bikaner) from Sub-district Kolayat(District Bikaner) in Rajasthan."
69411,Naiyon Ki Basti,,476,Kolayat,00529700,069411,I,,,2005-01-01,2005-01-01,1,"The Village Khariya Malinath(69541),Khajora(69569),Nokhra(69535),Siyana Jodhasar(69561),Khikhniya Kundaliyan(69548),Khariya Patawatan(69538)...etc  has been shifted to Sub-district Handa(District Bikaner) from Sub-district Kolayat(District Bikaner) in Rajasthan."
69412,Sharah Gujarayat,,476,Kolayat,00529800,069412,I,,,2005-01-01,2005-01-01,1,"The Village Khariya Malinath(69541),Khajora(69569),Nokhra(69535),Siyana Jodhasar(69561),Khikhniya Kundaliyan(69548),Khariya Patawatan(69538)...etc  has been shifted to Sub-district Handa(District Bikaner) from Sub-district Kolayat(District Bikaner) in Rajasthan."
69413,Khet Chandasar,,476,Kolayat,00529900,069413,I,,,2005-01-01,2005-01-01,1,"The Village Khariya Malinath(69541),Khajora(69569),Nokhra(69535),Siyana Jodhasar(69561),Khikhniya Kundaliyan(69548),Khariya Patawatan(69538)...etc  has been shifted to Sub-district Handa(District Bikaner) from Sub-district Kolayat(District Bikaner) in Rajasthan."
69414,Basti Chauhanan,,476,Kolayat,00530000,069414,I,,,2005-01-01,2005-01-01,1,"The Village Khariya Malinath(69541),Khajora(69569),Nokhra(69535),Siyana Jodhasar(69561),Khikhniya Kundaliyan(69548),Khariya Patawatan(69538)...etc  has been shifted to Sub-district Handa(District Bikaner) from Sub-district Kolayat(District Bikaner) in Rajasthan."
69415,Chandasar,,476,Kolayat,00530100,069415,I,,,2005-01-01,2005-01-01,1,"The Village Khariya Malinath(69541),Khajora(69569),Nokhra(69535),Siyana Jodhasar(69561),Khikhniya Kundaliyan(69548),Khariya Patawatan(69538)...etc  has been shifted to Sub-district Handa(District Bikaner) from Sub-district Kolayat(District Bikaner) in Rajasthan."
69416,Goyalri,,476,Kolayat,00530200,069416,I,,,2005-01-01,2005-01-01,1,"The Village Khariya Malinath(69541),Khajora(69569),Nokhra(69535),Siyana Jodhasar(69561),Khikhniya Kundaliyan(69548),Khariya Patawatan(69538)...etc  has been shifted to Sub-district Handa(District Bikaner) from Sub-district Kolayat(District Bikaner) in Rajasthan."
69417,Araji Jitoosingh,,476,Kolayat,00530300,069417,I,,,2005-01-01,2005-01-01,1,"The Village Khariya Malinath(69541),Khajora(69569),Nokhra(69535),Siyana Jodhasar(69561),Khikhniya Kundaliyan(69548),Khariya Patawatan(69538)...etc  has been shifted to Sub-district Handa(District Bikaner) from Sub-district Kolayat(District Bikaner) in Rajasthan."
69418,Kishnayat Budhan,,476,Kolayat,00530400,069418,I,,,2005-01-01,2005-01-01,1,"The Village Khariya Malinath(69541),Khajora(69569),Nokhra(69535),Siyana Jodhasar(69561),Khikhniya Kundaliyan(69548),Khariya Patawatan(69538)...etc  has been shifted to Sub-district Handa(District Bikaner) from Sub-district Kolayat(District Bikaner) in Rajasthan."
69419,Shiv Sutharan,,476,Kolayat,00530500,069419,I,,,2014-03-24,2014-03-24,2,"The Village Khariya Malinath(69541),Khajora(69569),Nokhra(69535),Siyana Jodhasar(69561),Khikhniya Kundaliyan(69548),Khariya Patawatan(69538)...etc  has been shifted to Sub-district Handa(District Bikaner) from Sub-district Kolayat(District Bikaner) in Rajasthan."
69420,Magrewala,,476,Kolayat,00530600,069420,I,,,2005-01-01,2005-01-01,1,"The Village Khariya Malinath(69541),Khajora(69569),Nokhra(69535),Siyana Jodhasar(69561),Khikhniya Kundaliyan(69548),Khariya Patawatan(69538)...etc  has been shifted to Sub-district Handa(District Bikaner) from Sub-district Kolayat(District Bikaner) in Rajasthan."
69421,Sharah Kishnayat,,476,Kolayat,00530700,069421,I,,,2005-01-01,2005-01-01,1,"The Village Khariya Malinath(69541),Khajora(69569),Nokhra(69535),Siyana Jodhasar(69561),Khikhniya Kundaliyan(69548),Khariya Patawatan(69538)...etc  has been shifted to Sub-district Handa(District Bikaner) from Sub-district Kolayat(District Bikaner) in Rajasthan."
69422,Rekh Ranasar,,476,Kolayat,00530800,069422,I,,,2005-01-01,2005-01-01,1,"The Village Khariya Malinath(69541),Khajora(69569),Nokhra(69535),Siyana Jodhasar(69561),Khikhniya Kundaliyan(69548),Khariya Patawatan(69538)...etc  has been shifted to Sub-district Handa(District Bikaner) from Sub-district Kolayat(District Bikaner) in Rajasthan."
69423,Gangapura,,476,Kolayat,00530900,069423,I,,,2025-03-12,2025-07-18,2,"The Village Khariya Malinath(69541),Khajora(69569),Nokhra(69535),Siyana Jodhasar(69561),Khikhniya Kundaliyan(69548),Khariya Patawatan(69538)...etc  has been shifted to Sub-district Handa(District Bikaner) from Sub-district Kolayat(District Bikaner) in Rajasthan."
69424,Motawatai,,476,Kolayat,00531000,069424,I,,,2005-01-01,2005-01-01,1,"The Village Khariya Malinath(69541),Khajora(69569),Nokhra(69535),Siyana Jodhasar(69561),Khikhniya Kundaliyan(69548),Khariya Patawatan(69538)...etc  has been shifted to Sub-district Handa(District Bikaner) from Sub-district Kolayat(District Bikaner) in Rajasthan."
69425,Chak No. 8,,476,Kolayat,00531100,069425,I,,,2005-01-01,2005-01-01,1,"The Village Khariya Malinath(69541),Khajora(69569),Nokhra(69535),Siyana Jodhasar(69561),Khikhniya Kundaliyan(69548),Khariya Patawatan(69538)...etc  has been shifted to Sub-district Handa(District Bikaner) from Sub-district Kolayat(District Bikaner) in Rajasthan."
69426,Chak No. 7,,476,Kolayat,00531200,069426,I,,,2005-01-01,2005-01-01,1,"The Village Khariya Malinath(69541),Khajora(69569),Nokhra(69535),Siyana Jodhasar(69561),Khikhniya Kundaliyan(69548),Khariya Patawatan(69538)...etc  has been shifted to Sub-district Handa(District Bikaner) from Sub-district Kolayat(District Bikaner) in Rajasthan."
69427,Chak No. 1,,476,Kolayat,00531300,069427,I,,,2005-01-01,2005-01-01,1,"The Village Khariya Malinath(69541),Khajora(69569),Nokhra(69535),Siyana Jodhasar(69561),Khikhniya Kundaliyan(69548),Khariya Patawatan(69538)...etc  has been shifted to Sub-district Handa(District Bikaner) from Sub-district Kolayat(District Bikaner) in Rajasthan."
69428,Chak No. 5,,476,Kolayat,00531400,069428,I,,,2005-01-01,2005-01-01,1,"The Village Khariya Malinath(69541),Khajora(69569),Nokhra(69535),Siyana Jodhasar(69561),Khikhniya Kundaliyan(69548),Khariya Patawatan(69538)...etc  has been shifted to Sub-district Handa(District Bikaner) from Sub-district Kolayat(District Bikaner) in Rajasthan."
69429,Sharah Jodki,,476,Kolayat,00531500,069429,I,,,2014-03-24,2014-03-24,2,"The Village Khariya Malinath(69541),Khajora(69569),Nokhra(69535),Siyana Jodhasar(69561),Khikhniya Kundaliyan(69548),Khariya Patawatan(69538)...etc  has been shifted to Sub-district Handa(District Bikaner) from Sub-district Kolayat(District Bikaner) in Rajasthan."
69430,Chak No. 6,,476,Kolayat,00531600,069430,I,,,2005-01-01,2005-01-01,1,"The Village Khariya Malinath(69541),Khajora(69569),Nokhra(69535),Siyana Jodhasar(69561),Khikhniya Kundaliyan(69548),Khariya Patawatan(69538)...etc  has been shifted to Sub-district Handa(District Bikaner) from Sub-district Kolayat(District Bikaner) in Rajasthan."
69431,Loombasar,,476,Kolayat,00531700,069431,I,,,2025-07-20,2025-08-04,7,"The Village Khariya Malinath(69541),Khajora(69569),Nokhra(69535),Siyana Jodhasar(69561),Khikhniya Kundaliyan(69548),Khariya Patawatan(69538)...etc  has been shifted to Sub-district Handa(District Bikaner) from Sub-district Kolayat(District Bikaner) in Rajasthan."
69432,Surjara,,476,Kolayat,00531800,069432,I,,,2025-07-20,2025-08-05,27,"The Village Khariya Malinath(69541),Khajora(69569),Nokhra(69535),Siyana Jodhasar(69561),Khikhniya Kundaliyan(69548),Khariya Patawatan(69538)...etc  has been shifted to Sub-district Handa(District Bikaner) from Sub-district Kolayat(District Bikaner) in Rajasthan."
69433,Dabli,,476,Kolayat,00531900,069433,I,,,2005-01-01,2005-01-01,1,"The Village Khariya Malinath(69541),Khajora(69569),Nokhra(69535),Siyana Jodhasar(69561),Khikhniya Kundaliyan(69548),Khariya Patawatan(69538)...etc  has been shifted to Sub-district Handa(District Bikaner) from Sub-district Kolayat(District Bikaner) in Rajasthan."
69434,Ranasar,,476,Kolayat,00532000,069434,I,,,2025-07-20,2025-08-04,10,"The Village Khariya Malinath(69541),Khajora(69569),Nokhra(69535),Siyana Jodhasar(69561),Khikhniya Kundaliyan(69548),Khariya Patawatan(69538)...etc  has been shifted to Sub-district Handa(District Bikaner) from Sub-district Kolayat(District Bikaner) in Rajasthan."
69435,Chak No. 4,,476,Kolayat,00532100,069435,I,,,2005-01-01,2005-01-01,1,"The Village Khariya Malinath(69541),Khajora(69569),Nokhra(69535),Siyana Jodhasar(69561),Khikhniya Kundaliyan(69548),Khariya Patawatan(69538)...etc  has been shifted to Sub-district Handa(District Bikaner) from Sub-district Kolayat(District Bikaner) in Rajasthan."
69436,Chak No. 3,,476,Kolayat,00532200,069436,I,,,2005-01-01,2005-01-01,1,"The Village Khariya Malinath(69541),Khajora(69569),Nokhra(69535),Siyana Jodhasar(69561),Khikhniya Kundaliyan(69548),Khariya Patawatan(69538)...etc  has been shifted to Sub-district Handa(District Bikaner) from Sub-district Kolayat(District Bikaner) in Rajasthan."
69437,Chak No. 2,,476,Kolayat,00532300,069437,I,,,2005-01-01,2005-01-01,1,"The Village Khariya Malinath(69541),Khajora(69569),Nokhra(69535),Siyana Jodhasar(69561),Khikhniya Kundaliyan(69548),Khariya Patawatan(69538)...etc  has been shifted to Sub-district Handa(District Bikaner) from Sub-district Kolayat(District Bikaner) in Rajasthan."
69438,Sharah Bhaleri,,476,Kolayat,00532400,069438,I,,,2005-01-01,2005-01-01,1,"The Village Khariya Malinath(69541),Khajora(69569),Nokhra(69535),Siyana Jodhasar(69561),Khikhniya Kundaliyan(69548),Khariya Patawatan(69538)...etc  has been shifted to Sub-district Handa(District Bikaner) from Sub-district Kolayat(District Bikaner) in Rajasthan."
69439,Deh,,476,Kolayat,00532500,069439,I,,,2005-01-01,2005-01-01,1,"The Village Khariya Malinath(69541),Khajora(69569),Nokhra(69535),Siyana Jodhasar(69561),Khikhniya Kundaliyan(69548),Khariya Patawatan(69538)...etc  has been shifted to Sub-district Handa(District Bikaner) from Sub-district Kolayat(District Bikaner) in Rajasthan."
69440,Samorkhi,,476,Kolayat,00532600,069440,I,,,2005-01-01,2005-01-01,1,"The Village Khariya Malinath(69541),Khajora(69569),Nokhra(69535),Siyana Jodhasar(69561),Khikhniya Kundaliyan(69548),Khariya Patawatan(69538)...etc  has been shifted to Sub-district Handa(District Bikaner) from Sub-district Kolayat(District Bikaner) in Rajasthan."
69441,Pabusar Sindooka,,476,Kolayat,00532700,069441,I,,,2025-07-20,2025-07-31,4,"The Village Khariya Malinath(69541),Khajora(69569),Nokhra(69535),Siyana Jodhasar(69561),Khikhniya Kundaliyan(69548),Khariya Patawatan(69538)...etc  has been shifted to Sub-district Handa(District Bikaner) from Sub-district Kolayat(District Bikaner) in Rajasthan."
69442,Lakhasar,,476,Kolayat,00532800,069442,I,,,2025-07-20,2025-08-05,7,"The Village Khariya Malinath(69541),Khajora(69569),Nokhra(69535),Siyana Jodhasar(69561),Khikhniya Kundaliyan(69548),Khariya Patawatan(69538)...etc  has been shifted to Sub-district Handa(District Bikaner) from Sub-district Kolayat(District Bikaner) in Rajasthan."
69443,Gura,,476,Kolayat,00532900,069443,I,,,2005-01-01,2005-01-01,1,"The Village Khariya Malinath(69541),Khajora(69569),Nokhra(69535),Siyana Jodhasar(69561),Khikhniya Kundaliyan(69548),Khariya Patawatan(69538)...etc  has been shifted to Sub-district Handa(District Bikaner) from Sub-district Kolayat(District Bikaner) in Rajasthan."
69444,Beethnokh,,476,Kolayat,00533000,069444,I,,,2025-03-19,2026-02-12,40,"The Village Khariya Malinath(69541),Khajora(69569),Nokhra(69535),Siyana Jodhasar(69561),Khikhniya Kundaliyan(69548),Khariya Patawatan(69538)...etc  has been shifted to Sub-district Handa(District Bikaner) from Sub-district Kolayat(District Bikaner) in Rajasthan."
69465,Kumharo Ki Dhani,,476,Kolayat,00534900,069465,I,,,2025-07-20,2025-08-04,6,"The Village Khariya Malinath(69541),Khajora(69569),Nokhra(69535),Siyana Jodhasar(69561),Khikhniya Kundaliyan(69548),Khariya Patawatan(69538)...etc  has been shifted to Sub-district Handa(District Bikaner) from Sub-district Kolayat(District Bikaner) in Rajasthan."
69466,Solankiyo Ki Dhani,,476,Kolayat,00535000,069466,I,,,2025-07-20,2025-08-04,7,"The Village Khariya Malinath(69541),Khajora(69569),Nokhra(69535),Siyana Jodhasar(69561),Khikhniya Kundaliyan(69548),Khariya Patawatan(69538)...etc  has been shifted to Sub-district Handa(District Bikaner) from Sub-district Kolayat(District Bikaner) in Rajasthan."
69467,Shimbhoo Ka Burj,,476,Kolayat,00535100,069467,I,,,2005-01-01,2005-01-01,1,"The Village Khariya Malinath(69541),Khajora(69569),Nokhra(69535),Siyana Jodhasar(69561),Khikhniya Kundaliyan(69548),Khariya Patawatan(69538)...etc  has been shifted to Sub-district Handa(District Bikaner) from Sub-district Kolayat(District Bikaner) in Rajasthan."
69468,Pethado Ki Dhani,,476,Kolayat,00535200,069468,I,,,2025-07-20,2025-07-30,2,"The Village Khariya Malinath(69541),Khajora(69569),Nokhra(69535),Siyana Jodhasar(69561),Khikhniya Kundaliyan(69548),Khariya Patawatan(69538)...etc  has been shifted to Sub-district Handa(District Bikaner) from Sub-district Kolayat(District Bikaner) in Rajasthan."
69469,Jetugo Ki Dhani,,476,Kolayat,00535300,069469,I,,,2025-07-20,2025-08-04,3,"The Village Khariya Malinath(69541),Khajora(69569),Nokhra(69535),Siyana Jodhasar(69561),Khikhniya Kundaliyan(69548),Khariya Patawatan(69538)...etc  has been shifted to Sub-district Handa(District Bikaner) from Sub-district Kolayat(District Bikaner) in Rajasthan."
69470,Panchpeeth Ki Dhani,,476,Kolayat,00535400,069470,I,,,2025-07-20,2025-08-01,8,"The Village Khariya Malinath(69541),Khajora(69569),Nokhra(69535),Siyana Jodhasar(69561),Khikhniya Kundaliyan(69548),Khariya Patawatan(69538)...etc  has been shifted to Sub-district Handa(District Bikaner) from Sub-district Kolayat(District Bikaner) in Rajasthan."
69471,Girajsar,,476,Kolayat,00535500,069471,I,,,2025-07-20,2025-08-05,14,"The Village Khariya Malinath(69541),Khajora(69569),Nokhra(69535),Siyana Jodhasar(69561),Khikhniya Kundaliyan(69548),Khariya Patawatan(69538)...etc  has been shifted to Sub-district Handa(District Bikaner) from Sub-district Kolayat(District Bikaner) in Rajasthan."
69472,Dewdo Ki Dhani,,476,Kolayat,00535600,069472,I,,,2025-07-20,2025-08-04,7,"The Village Khariya Malinath(69541),Khajora(69569),Nokhra(69535),Siyana Jodhasar(69561),Khikhniya Kundaliyan(69548),Khariya Patawatan(69538)...etc  has been shifted to Sub-district Handa(District Bikaner) from Sub-district Kolayat(District Bikaner) in Rajasthan."
69474,Gariyala,,476,Kolayat,00535800,069474,I,,,2025-03-19,2026-02-11,2,"The Village Khariya Malinath(69541),Khajora(69569),Nokhra(69535),Siyana Jodhasar(69561),Khikhniya Kundaliyan(69548),Khariya Patawatan(69538)...etc  has been shifted to Sub-district Handa(District Bikaner) from Sub-district Kolayat(District Bikaner) in Rajasthan."
69475,Motasar,,476,Kolayat,00535900,069475,I,,,2005-01-01,2005-01-01,1,"The Village Khariya Malinath(69541),Khajora(69569),Nokhra(69535),Siyana Jodhasar(69561),Khikhniya Kundaliyan(69548),Khariya Patawatan(69538)...etc  has been shifted to Sub-district Handa(District Bikaner) from Sub-district Kolayat(District Bikaner) in Rajasthan."
69476,Govindsar,,476,Kolayat,00536000,069476,I,,,2005-01-01,2005-01-01,1,"The Village Khariya Malinath(69541),Khajora(69569),Nokhra(69535),Siyana Jodhasar(69561),Khikhniya Kundaliyan(69548),Khariya Patawatan(69538)...etc  has been shifted to Sub-district Handa(District Bikaner) from Sub-district Kolayat(District Bikaner) in Rajasthan."
69477,Mandal Charnan,,476,Kolayat,00536100,069477,I,,,2005-01-01,2005-01-01,1,"The Village Khariya Malinath(69541),Khajora(69569),Nokhra(69535),Siyana Jodhasar(69561),Khikhniya Kundaliyan(69548),Khariya Patawatan(69538)...etc  has been shifted to Sub-district Handa(District Bikaner) from Sub-district Kolayat(District Bikaner) in Rajasthan."
69478,Mandal Bhatiyan,,476,Kolayat,00536200,069478,I,,,2005-01-01,2005-01-01,1,"The Village Khariya Malinath(69541),Khajora(69569),Nokhra(69535),Siyana Jodhasar(69561),Khikhniya Kundaliyan(69548),Khariya Patawatan(69538)...etc  has been shifted to Sub-district Handa(District Bikaner) from Sub-district Kolayat(District Bikaner) in Rajasthan."
69479,Mandal Rawalotan,,476,Kolayat,00536300,069479,I,,,2005-01-01,2005-01-01,1,"The Village Khariya Malinath(69541),Khajora(69569),Nokhra(69535),Siyana Jodhasar(69561),Khikhniya Kundaliyan(69548),Khariya Patawatan(69538)...etc  has been shifted to Sub-district Handa(District Bikaner) from Sub-district Kolayat(District Bikaner) in Rajasthan."
69480,Chak Mandal Bandh,,476,Kolayat,00536400,069480,I,,,2005-01-01,2005-01-01,1,"The Village Khariya Malinath(69541),Khajora(69569),Nokhra(69535),Siyana Jodhasar(69561),Khikhniya Kundaliyan(69548),Khariya Patawatan(69538)...etc  has been shifted to Sub-district Handa(District Bikaner) from Sub-district Kolayat(District Bikaner) in Rajasthan."
69481,Sharah Punolao,,476,Kolayat,00536500,069481,I,,,2005-01-01,2005-01-01,1,"The Village Khariya Malinath(69541),Khajora(69569),Nokhra(69535),Siyana Jodhasar(69561),Khikhniya Kundaliyan(69548),Khariya Patawatan(69538)...etc  has been shifted to Sub-district Handa(District Bikaner) from Sub-district Kolayat(District Bikaner) in Rajasthan."
69482,Sharah Bokolai,,476,Kolayat,00536600,069482,I,,,2005-01-01,2005-01-01,1,"The Village Khariya Malinath(69541),Khajora(69569),Nokhra(69535),Siyana Jodhasar(69561),Khikhniya Kundaliyan(69548),Khariya Patawatan(69538)...etc  has been shifted to Sub-district Handa(District Bikaner) from Sub-district Kolayat(District Bikaner) in Rajasthan."
69483,Chak Beethnokh,,476,Kolayat,00536700,069483,I,,,2005-01-01,2005-01-01,1,"The Village Khariya Malinath(69541),Khajora(69569),Nokhra(69535),Siyana Jodhasar(69561),Khikhniya Kundaliyan(69548),Khariya Patawatan(69538)...etc  has been shifted to Sub-district Handa(District Bikaner) from Sub-district Kolayat(District Bikaner) in Rajasthan."
69484,Chak Madhogarh,,476,Kolayat,00536800,069484,I,,,2005-01-01,2005-01-01,1,"The Village Khariya Malinath(69541),Khajora(69569),Nokhra(69535),Siyana Jodhasar(69561),Khikhniya Kundaliyan(69548),Khariya Patawatan(69538)...etc  has been shifted to Sub-district Handa(District Bikaner) from Sub-district Kolayat(District Bikaner) in Rajasthan."
69485,Chak Khuddi,,476,Kolayat,00536900,069485,I,,,2005-01-01,2005-01-01,1,"The Village Khariya Malinath(69541),Khajora(69569),Nokhra(69535),Siyana Jodhasar(69561),Khikhniya Kundaliyan(69548),Khariya Patawatan(69538)...etc  has been shifted to Sub-district Handa(District Bikaner) from Sub-district Kolayat(District Bikaner) in Rajasthan."
69486,Chak Saliya,,476,Kolayat,00537000,069486,I,,,2005-01-01,2005-01-01,1,"The Village Khariya Malinath(69541),Khajora(69569),Nokhra(69535),Siyana Jodhasar(69561),Khikhniya Kundaliyan(69548),Khariya Patawatan(69538)...etc  has been shifted to Sub-district Handa(District Bikaner) from Sub-district Kolayat(District Bikaner) in Rajasthan."
69487,Chak Dadar,,476,Kolayat,00537100,069487,I,,,2005-01-01,2005-01-01,1,"The Village Khariya Malinath(69541),Khajora(69569),Nokhra(69535),Siyana Jodhasar(69561),Khikhniya Kundaliyan(69548),Khariya Patawatan(69538)...etc  has been shifted to Sub-district Handa(District Bikaner) from Sub-district Kolayat(District Bikaner) in Rajasthan."
69488,Chak Bandha No.4,,476,Kolayat,00537200,069488,I,,,2005-01-01,2005-01-01,1,"The Village Khariya Malinath(69541),Khajora(69569),Nokhra(69535),Siyana Jodhasar(69561),Khikhniya Kundaliyan(69548),Khariya Patawatan(69538)...etc  has been shifted to Sub-district Handa(District Bikaner) from Sub-district Kolayat(District Bikaner) in Rajasthan."
69489,Chak Bandha No.3,,476,Kolayat,00537300,069489,I,,,2005-01-01,2005-01-01,1,"The Village Khariya Malinath(69541),Khajora(69569),Nokhra(69535),Siyana Jodhasar(69561),Khikhniya Kundaliyan(69548),Khariya Patawatan(69538)...etc  has been shifted to Sub-district Handa(District Bikaner) from Sub-district Kolayat(District Bikaner) in Rajasthan."
69490,Chak Bandha No.2,,476,Kolayat,00537400,069490,I,,,2005-01-01,2005-01-01,1,"The Village Khariya Malinath(69541),Khajora(69569),Nokhra(69535),Siyana Jodhasar(69561),Khikhniya Kundaliyan(69548),Khariya Patawatan(69538)...etc  has been shifted to Sub-district Handa(District Bikaner) from Sub-district Kolayat(District Bikaner) in Rajasthan."
69491,Chak Bandha No.1,,476,Kolayat,00537500,069491,I,,,2005-01-01,2005-01-01,1,"The Village Khariya Malinath(69541),Khajora(69569),Nokhra(69535),Siyana Jodhasar(69561),Khikhniya Kundaliyan(69548),Khariya Patawatan(69538)...etc  has been shifted to Sub-district Handa(District Bikaner) from Sub-district Kolayat(District Bikaner) in Rajasthan."
69492,Madh,,476,Kolayat,00537600,069492,I,,,2025-03-12,2025-07-18,2,"The Village Khariya Malinath(69541),Khajora(69569),Nokhra(69535),Siyana Jodhasar(69561),Khikhniya Kundaliyan(69548),Khariya Patawatan(69538)...etc  has been shifted to Sub-district Handa(District Bikaner) from Sub-district Kolayat(District Bikaner) in Rajasthan."
69493,Kotri,,476,Kolayat,00537700,069493,I,,,2005-01-01,2005-01-01,1,"The Village Khariya Malinath(69541),Khajora(69569),Nokhra(69535),Siyana Jodhasar(69561),Khikhniya Kundaliyan(69548),Khariya Patawatan(69538)...etc  has been shifted to Sub-district Handa(District Bikaner) from Sub-district Kolayat(District Bikaner) in Rajasthan."
69494,Inda Ka Bala,,476,Kolayat,00537800,069494,I,,,2005-01-01,2005-01-01,1,"The Village Khariya Malinath(69541),Khajora(69569),Nokhra(69535),Siyana Jodhasar(69561),Khikhniya Kundaliyan(69548),Khariya Patawatan(69538)...etc  has been shifted to Sub-district Handa(District Bikaner) from Sub-district Kolayat(District Bikaner) in Rajasthan."
69495,Chak Chani,,476,Kolayat,00537900,069495,I,,,2005-01-01,2005-01-01,1,"The Village Khariya Malinath(69541),Khajora(69569),Nokhra(69535),Siyana Jodhasar(69561),Khikhniya Kundaliyan(69548),Khariya Patawatan(69538)...etc  has been shifted to Sub-district Handa(District Bikaner) from Sub-district Kolayat(District Bikaner) in Rajasthan."
69496,Chani,,476,Kolayat,00538000,069496,I,,,2005-01-01,2005-01-01,1,"The Village Khariya Malinath(69541),Khajora(69569),Nokhra(69535),Siyana Jodhasar(69561),Khikhniya Kundaliyan(69548),Khariya Patawatan(69538)...etc  has been shifted to Sub-district Handa(District Bikaner) from Sub-district Kolayat(District Bikaner) in Rajasthan."
69497,Araji Nala,,476,Kolayat,00538100,069497,I,,,2005-01-01,2005-01-01,1,"The Village Khariya Malinath(69541),Khajora(69569),Nokhra(69535),Siyana Jodhasar(69561),Khikhniya Kundaliyan(69548),Khariya Patawatan(69538)...etc  has been shifted to Sub-district Handa(District Bikaner) from Sub-district Kolayat(District Bikaner) in Rajasthan."
69498,Sheeshan,,476,Kolayat,00538200,069498,I,,,2005-01-01,2005-01-01,1,"The Village Khariya Malinath(69541),Khajora(69569),Nokhra(69535),Siyana Jodhasar(69561),Khikhniya Kundaliyan(69548),Khariya Patawatan(69538)...etc  has been shifted to Sub-district Handa(District Bikaner) from Sub-district Kolayat(District Bikaner) in Rajasthan."
69499,Akasar,,476,Kolayat,00538300,069499,I,,,2005-01-01,2005-01-01,1,"The Village Khariya Malinath(69541),Khajora(69569),Nokhra(69535),Siyana Jodhasar(69561),Khikhniya Kundaliyan(69548),Khariya Patawatan(69538)...etc  has been shifted to Sub-district Handa(District Bikaner) from Sub-district Kolayat(District Bikaner) in Rajasthan."
69500,Bholasar Budhan,,476,Kolayat,00538400,069500,I,,,2005-01-01,2005-01-01,1,"The Village Khariya Malinath(69541),Khajora(69569),Nokhra(69535),Siyana Jodhasar(69561),Khikhniya Kundaliyan(69548),Khariya Patawatan(69538)...etc  has been shifted to Sub-district Handa(District Bikaner) from Sub-district Kolayat(District Bikaner) in Rajasthan."
69501,Bholasar Chauhanan,,476,Kolayat,00538500,069501,I,,,2005-01-01,2005-01-01,1,"The Village Khariya Malinath(69541),Khajora(69569),Nokhra(69535),Siyana Jodhasar(69561),Khikhniya Kundaliyan(69548),Khariya Patawatan(69538)...etc  has been shifted to Sub-district Handa(District Bikaner) from Sub-district Kolayat(District Bikaner) in Rajasthan."
69502,Hadla Rawalotan,,476,Kolayat,00538600,069502,I,,,2005-01-01,2005-01-01,1,"The Village Khariya Malinath(69541),Khajora(69569),Nokhra(69535),Siyana Jodhasar(69561),Khikhniya Kundaliyan(69548),Khariya Patawatan(69538)...etc  has been shifted to Sub-district Handa(District Bikaner) from Sub-district Kolayat(District Bikaner) in Rajasthan."
69503,Hadla Bhatiyan,,476,Kolayat,00538700,069503,I,,,2005-01-01,2005-01-01,1,"The Village Khariya Malinath(69541),Khajora(69569),Nokhra(69535),Siyana Jodhasar(69561),Khikhniya Kundaliyan(69548),Khariya Patawatan(69538)...etc  has been shifted to Sub-district Handa(District Bikaner) from Sub-district Kolayat(District Bikaner) in Rajasthan."
69504,Bhayala,,476,Kolayat,00538800,069504,I,,,2005-01-01,2005-01-01,1,"The Village Khariya Malinath(69541),Khajora(69569),Nokhra(69535),Siyana Jodhasar(69561),Khikhniya Kundaliyan(69548),Khariya Patawatan(69538)...etc  has been shifted to Sub-district Handa(District Bikaner) from Sub-district Kolayat(District Bikaner) in Rajasthan."
69505,Mokha Khalsa,,476,Kolayat,00538900,069505,I,,,2005-01-01,2005-01-01,1,"The Village Khariya Malinath(69541),Khajora(69569),Nokhra(69535),Siyana Jodhasar(69561),Khikhniya Kundaliyan(69548),Khariya Patawatan(69538)...etc  has been shifted to Sub-district Handa(District Bikaner) from Sub-district Kolayat(District Bikaner) in Rajasthan."
69506,Mokha Charnan,,476,Kolayat,00539000,069506,I,,,2005-01-01,2005-01-01,1,"The Village Khariya Malinath(69541),Khajora(69569),Nokhra(69535),Siyana Jodhasar(69561),Khikhniya Kundaliyan(69548),Khariya Patawatan(69538)...etc  has been shifted to Sub-district Handa(District Bikaner) from Sub-district Kolayat(District Bikaner) in Rajasthan."
69507,Sharah Kabadiyan,,476,Kolayat,00539100,069507,I,,,2005-01-01,2005-01-01,1,"The Village Khariya Malinath(69541),Khajora(69569),Nokhra(69535),Siyana Jodhasar(69561),Khikhniya Kundaliyan(69548),Khariya Patawatan(69538)...etc  has been shifted to Sub-district Handa(District Bikaner) from Sub-district Kolayat(District Bikaner) in Rajasthan."
69508,Jhajhoo,,476,Kolayat,00539200,069508,I,,,2025-03-28,2025-07-18,2,"The Village Khariya Malinath(69541),Khajora(69569),Nokhra(69535),Siyana Jodhasar(69561),Khikhniya Kundaliyan(69548),Khariya Patawatan(69538)...etc  has been shifted to Sub-district Handa(District Bikaner) from Sub-district Kolayat(District Bikaner) in Rajasthan."
69509,Jhajhoobas Nathotan,,476,Kolayat,00539300,069509,I,,,2005-01-01,2005-01-01,1,"The Village Khariya Malinath(69541),Khajora(69569),Nokhra(69535),Siyana Jodhasar(69561),Khikhniya Kundaliyan(69548),Khariya Patawatan(69538)...etc  has been shifted to Sub-district Handa(District Bikaner) from Sub-district Kolayat(District Bikaner) in Rajasthan."
69510,Khetolai Burj,,476,Kolayat,00539400,069510,I,,,2005-01-01,2005-01-01,1,"The Village Khariya Malinath(69541),Khajora(69569),Nokhra(69535),Siyana Jodhasar(69561),Khikhniya Kundaliyan(69548),Khariya Patawatan(69538)...etc  has been shifted to Sub-district Handa(District Bikaner) from Sub-district Kolayat(District Bikaner) in Rajasthan."
69511,Khetolai Budhan,,476,Kolayat,00539500,069511,I,,,2005-01-01,2005-01-01,1,"The Village Khariya Malinath(69541),Khajora(69569),Nokhra(69535),Siyana Jodhasar(69561),Khikhniya Kundaliyan(69548),Khariya Patawatan(69538)...etc  has been shifted to Sub-district Handa(District Bikaner) from Sub-district Kolayat(District Bikaner) in Rajasthan."
69512,Chak Sethia,,476,Kolayat,00539600,069512,I,,,2014-03-24,2014-03-24,2,"The Village Khariya Malinath(69541),Khajora(69569),Nokhra(69535),Siyana Jodhasar(69561),Khikhniya Kundaliyan(69548),Khariya Patawatan(69538)...etc  has been shifted to Sub-district Handa(District Bikaner) from Sub-district Kolayat(District Bikaner) in Rajasthan."
69513,Chak Mulajman,,476,Kolayat,00539800,069513,I,,,2005-01-01,2005-01-01,1,"The Village Khariya Malinath(69541),Khajora(69569),Nokhra(69535),Siyana Jodhasar(69561),Khikhniya Kundaliyan(69548),Khariya Patawatan(69538)...etc  has been shifted to Sub-district Handa(District Bikaner) from Sub-district Kolayat(District Bikaner) in Rajasthan."
69514,Chak Gujarsinghwala,,476,Kolayat,00539900,069514,I,,,2005-01-01,2005-01-01,1,"The Village Khariya Malinath(69541),Khajora(69569),Nokhra(69535),Siyana Jodhasar(69561),Khikhniya Kundaliyan(69548),Khariya Patawatan(69538)...etc  has been shifted to Sub-district Handa(District Bikaner) from Sub-district Kolayat(District Bikaner) in Rajasthan."
69515,Diyatara,,476,Kolayat,00540000,069515,I,,,2005-01-01,2005-01-01,1,"The Village Khariya Malinath(69541),Khajora(69569),Nokhra(69535),Siyana Jodhasar(69561),Khikhniya Kundaliyan(69548),Khariya Patawatan(69538)...etc  has been shifted to Sub-district Handa(District Bikaner) from Sub-district Kolayat(District Bikaner) in Rajasthan."
69516,Sharah Ambayat,,476,Kolayat,00540100,069516,I,,,2019-01-08,2019-01-08,3,"The Village Khariya Malinath(69541),Khajora(69569),Nokhra(69535),Siyana Jodhasar(69561),Khikhniya Kundaliyan(69548),Khariya Patawatan(69538)...etc  has been shifted to Sub-district Handa(District Bikaner) from Sub-district Kolayat(District Bikaner) in Rajasthan."
69517,Chak Kanya Bandh,,476,Kolayat,00540200,069517,I,,,2005-01-01,2005-01-01,1,"The Village Khariya Malinath(69541),Khajora(69569),Nokhra(69535),Siyana Jodhasar(69561),Khikhniya Kundaliyan(69548),Khariya Patawatan(69538)...etc  has been shifted to Sub-district Handa(District Bikaner) from Sub-district Kolayat(District Bikaner) in Rajasthan."
69518,Sharah Sandayat,,476,Kolayat,00540300,069518,I,,,2005-01-01,2005-01-01,1,"The Village Khariya Malinath(69541),Khajora(69569),Nokhra(69535),Siyana Jodhasar(69561),Khikhniya Kundaliyan(69548),Khariya Patawatan(69538)...etc  has been shifted to Sub-district Handa(District Bikaner) from Sub-district Kolayat(District Bikaner) in Rajasthan."
69519,Sharah Kiklet,,476,Kolayat,00540400,069519,I,,,2019-01-08,2019-01-08,3,"The Village Khariya Malinath(69541),Khajora(69569),Nokhra(69535),Siyana Jodhasar(69561),Khikhniya Kundaliyan(69548),Khariya Patawatan(69538)...etc  has been shifted to Sub-district Handa(District Bikaner) from Sub-district Kolayat(District Bikaner) in Rajasthan."
69520,Khetolai Shimbhoo,,476,Kolayat,00540500,069520,I,,,2005-01-01,2005-01-01,1,"The Village Khariya Malinath(69541),Khajora(69569),Nokhra(69535),Siyana Jodhasar(69561),Khikhniya Kundaliyan(69548),Khariya Patawatan(69538)...etc  has been shifted to Sub-district Handa(District Bikaner) from Sub-district Kolayat(District Bikaner) in Rajasthan."
69530,Chhaneri,,476,Kolayat,00541400,069530,I,,,2005-01-01,2005-01-01,1,"The Village Khariya Malinath(69541),Khajora(69569),Nokhra(69535),Siyana Jodhasar(69561),Khikhniya Kundaliyan(69548),Khariya Patawatan(69538)...etc  has been shifted to Sub-district Handa(District Bikaner) from Sub-district Kolayat(District Bikaner) in Rajasthan."
69531,Raoneri,,476,Kolayat,00541500,069531,I,,,2005-01-01,2005-01-01,1,"The Village Khariya Malinath(69541),Khajora(69569),Nokhra(69535),Siyana Jodhasar(69561),Khikhniya Kundaliyan(69548),Khariya Patawatan(69538)...etc  has been shifted to Sub-district Handa(District Bikaner) from Sub-district Kolayat(District Bikaner) in Rajasthan."
69532,Ladkhan @ Nayagaon,,476,Kolayat,00541600,069532,I,,,2025-03-19,2026-04-16,2,"The Village Khariya Malinath(69541),Khajora(69569),Nokhra(69535),Siyana Jodhasar(69561),Khikhniya Kundaliyan(69548),Khariya Patawatan(69538)...etc  has been shifted to Sub-district Handa(District Bikaner) from Sub-district Kolayat(District Bikaner) in Rajasthan."
69533,Chak Bhatiya Bandh,,476,Kolayat,00541700,069533,I,,,2005-01-01,2005-01-01,1,"The Village Khariya Malinath(69541),Khajora(69569),Nokhra(69535),Siyana Jodhasar(69561),Khikhniya Kundaliyan(69548),Khariya Patawatan(69538)...etc  has been shifted to Sub-district Handa(District Bikaner) from Sub-district Kolayat(District Bikaner) in Rajasthan."
69534,Hirai Ki Dhani,,476,Kolayat,00541800,069534,I,,,2005-01-01,2005-01-01,1,"The Village Khariya Malinath(69541),Khajora(69569),Nokhra(69535),Siyana Jodhasar(69561),Khikhniya Kundaliyan(69548),Khariya Patawatan(69538)...etc  has been shifted to Sub-district Handa(District Bikaner) from Sub-district Kolayat(District Bikaner) in Rajasthan."
69560,Chak Vijaisinghpura,,476,Kolayat,00544400,069560,I,,,2005-01-01,2005-01-01,1,"The Village Khariya Malinath(69541),Khajora(69569),Nokhra(69535),Siyana Jodhasar(69561),Khikhniya Kundaliyan(69548),Khariya Patawatan(69538)...etc  has been shifted to Sub-district Handa(District Bikaner) from Sub-district Kolayat(District Bikaner) in Rajasthan."
69573,Kolayat (Ct),Kolayat (CT),476,Kolayat,00539700,069573,I,,,2023-09-22,2024-12-12,3,"The Village Khariya Malinath(69541),Khajora(69569),Nokhra(69535),Siyana Jodhasar(69561),Khikhniya Kundaliyan(69548),Khariya Patawatan(69538)...etc  has been shifted to Sub-district Handa(District Bikaner) from Sub-district Kolayat(District Bikaner) in Rajasthan."
946131,Bagdawat Nager,बगड़ावत नगर,476,Kolayat,,000000,I,,,2023-07-10,2023-10-30,1,"The Village Khariya Malinath(69541),Khajora(69569),Nokhra(69535),Siyana Jodhasar(69561),Khikhniya Kundaliyan(69548),Khariya Patawatan(69538)...etc  has been shifted to Sub-district Handa(District Bikaner) from Sub-district Kolayat(District Bikaner) in Rajasthan."
953814,Pilap,पिलाप,476,Kolayat,,000000,I,,,2025-03-12,2025-07-18,1,"The Village Khariya Malinath(69541),Khajora(69569),Nokhra(69535),Siyana Jodhasar(69561),Khikhniya Kundaliyan(69548),Khariya Patawatan(69538)...etc  has been shifted to Sub-district Handa(District Bikaner) from Sub-district Kolayat(District Bikaner) in Rajasthan."
953818,4 Lsd,4 एलएसडी,476,Kolayat,,000000,I,,,2025-03-28,2025-07-18,1,"The Village Khariya Malinath(69541),Khajora(69569),Nokhra(69535),Siyana Jodhasar(69561),Khikhniya Kundaliyan(69548),Khariya Patawatan(69538)...etc  has been shifted to Sub-district Handa(District Bikaner) from Sub-district Kolayat(District Bikaner) in Rajasthan."
953831,Dandi Ganv,डंडी गांव,476,Kolayat,,000000,I,,,2025-03-28,2025-07-18,1,"The Village Khariya Malinath(69541),Khajora(69569),Nokhra(69535),Siyana Jodhasar(69561),Khikhniya Kundaliyan(69548),Khariya Patawatan(69538)...etc  has been shifted to Sub-district Handa(District Bikaner) from Sub-district Kolayat(District Bikaner) in Rajasthan."
953856,Karanpura,करणपुरा,476,Kolayat,,000000,I,,,2025-03-12,2025-07-18,1,"The Village Khariya Malinath(69541),Khajora(69569),Nokhra(69535),Siyana Jodhasar(69561),Khikhniya Kundaliyan(69548),Khariya Patawatan(69538)...etc  has been shifted to Sub-district Handa(District Bikaner) from Sub-district Kolayat(District Bikaner) in Rajasthan."
953861,Hinglajnagar,हिंगलाजनगर,476,Kolayat,,000000,I,,,2025-03-12,2025-07-18,1,"The Village Khariya Malinath(69541),Khajora(69569),Nokhra(69535),Siyana Jodhasar(69561),Khikhniya Kundaliyan(69548),Khariya Patawatan(69538)...etc  has been shifted to Sub-district Handa(District Bikaner) from Sub-district Kolayat(District Bikaner) in Rajasthan."
955409,Lakhasar -30 Gsd,लखासर - 30 जीएसडी,476,Kolayat,,000000,U,,,2025-07-20,2025-07-30,1,"The Village Khariya Malinath(69541),Khajora(69569),Nokhra(69535),Siyana Jodhasar(69561),Khikhniya Kundaliyan(69548),Khariya Patawatan(69538)...etc  has been shifted to Sub-district Handa(District Bikaner) from Sub-district Kolayat(District Bikaner) in Rajasthan."
955446,Beathnok - 6 Bnm,बीठनोक - 6 बीएनएम,476,Kolayat,,000000,U,,,2025-07-20,2025-07-30,1,"The Village Khariya Malinath(69541),Khajora(69569),Nokhra(69535),Siyana Jodhasar(69561),Khikhniya Kundaliyan(69548),Khariya Patawatan(69538)...etc  has been shifted to Sub-district Handa(District Bikaner) from Sub-district Kolayat(District Bikaner) in Rajasthan."
955449,Girajsar - 1 Gsd,गिराजसर - 1 जीएसडी,476,Kolayat,,000000,U,,,2025-07-20,2025-07-30,1,"The Village Khariya Malinath(69541),Khajora(69569),Nokhra(69535),Siyana Jodhasar(69561),Khikhniya Kundaliyan(69548),Khariya Patawatan(69538)...etc  has been shifted to Sub-district Handa(District Bikaner) from Sub-district Kolayat(District Bikaner) in Rajasthan."
955456,Pethado Ki Dhani - 4 Kld,पेथडो की ढ़ाणी - 4 केएलडी,476,Kolayat,,000000,U,,,2025-07-20,2025-07-30,1,"The Village Khariya Malinath(69541),Khajora(69569),Nokhra(69535),Siyana Jodhasar(69561),Khikhniya Kundaliyan(69548),Khariya Patawatan(69538)...etc  has been shifted to Sub-district Handa(District Bikaner) from Sub-district Kolayat(District Bikaner) in Rajasthan."
955457,Panch Peeth Ki Dhani 5 Pwm,पंच पीठ की ढ़ाणी 5 पीडब्ल्लूएम,476,Kolayat,,000000,U,,,2025-07-20,2025-07-30,1,"The Village Khariya Malinath(69541),Khajora(69569),Nokhra(69535),Siyana Jodhasar(69561),Khikhniya Kundaliyan(69548),Khariya Patawatan(69538)...etc  has been shifted to Sub-district Handa(District Bikaner) from Sub-district Kolayat(District Bikaner) in Rajasthan."
955459,Surjada -11 Sjd,सुरजडा - 11 एसजेडी,476,Kolayat,,000000,U,,,2025-07-20,2025-07-30,1,"The Village Khariya Malinath(69541),Khajora(69569),Nokhra(69535),Siyana Jodhasar(69561),Khikhniya Kundaliyan(69548),Khariya Patawatan(69538)...etc  has been shifted to Sub-district Handa(District Bikaner) from Sub-district Kolayat(District Bikaner) in Rajasthan."
955460,Girajsar - 2 Gsd,गिराजसर - 2 जीएसडी,476,Kolayat,,000000,U,,,2025-07-20,2025-07-30,1,"The Village Khariya Malinath(69541),Khajora(69569),Nokhra(69535),Siyana Jodhasar(69561),Khikhniya Kundaliyan(69548),Khariya Patawatan(69538)...etc  has been shifted to Sub-district Handa(District Bikaner) from Sub-district Kolayat(District Bikaner) in Rajasthan."
955461,Pabusar Sinduka -16 Sjd,पाबुसर सिंदुका - 16 एसजेडी,476,Kolayat,,000000,U,,,2025-07-20,2025-07-30,1,"The Village Khariya Malinath(69541),Khajora(69569),Nokhra(69535),Siyana Jodhasar(69561),Khikhniya Kundaliyan(69548),Khariya Patawatan(69538)...etc  has been shifted to Sub-district Handa(District Bikaner) from Sub-district Kolayat(District Bikaner) in Rajasthan."
955463,Lumbasar -13 Lsd,लुम्बासर - 13 एल एस डी,476,Kolayat,,000000,U,,,2025-07-20,2025-07-30,1,"The Village Khariya Malinath(69541),Khajora(69569),Nokhra(69535),Siyana Jodhasar(69561),Khikhniya Kundaliyan(69548),Khariya Patawatan(69538)...etc  has been shifted to Sub-district Handa(District Bikaner) from Sub-district Kolayat(District Bikaner) in Rajasthan."
955466,Randhisar -6 Sjd B,रणधीसर - 6 एसजेडी बी,476,Kolayat,,000000,U,,,2025-07-20,2025-07-30,1,"The Village Khariya Malinath(69541),Khajora(69569),Nokhra(69535),Siyana Jodhasar(69561),Khikhniya Kundaliyan(69548),Khariya Patawatan(69538)...etc  has been shifted to Sub-district Handa(District Bikaner) from Sub-district Kolayat(District Bikaner) in Rajasthan."
955467,Nokha Urf Daiya -2 Bpd,नोखा उर्फ़ दैया - 2 बीपीडी,476,Kolayat,,000000,U,,,2025-07-20,2025-07-30,1,"The Village Khariya Malinath(69541),Khajora(69569),Nokhra(69535),Siyana Jodhasar(69561),Khikhniya Kundaliyan(69548),Khariya Patawatan(69538)...etc  has been shifted to Sub-district Handa(District Bikaner) from Sub-district Kolayat(District Bikaner) in Rajasthan."
955468,Lakhasar - 17 Lsd A,लखासर - 17 एलएसडीए,476,Kolayat,,000000,U,,,2025-07-20,2025-07-30,1,"The Village Khariya Malinath(69541),Khajora(69569),Nokhra(69535),Siyana Jodhasar(69561),Khikhniya Kundaliyan(69548),Khariya Patawatan(69538)...etc  has been shifted to Sub-district Handa(District Bikaner) from Sub-district Kolayat(District Bikaner) in Rajasthan."
955469,Kumharo Ki Dhani -1 Nd,कुम्हारों की ढ़ाणी - 1 एनडी,476,Kolayat,,000000,U,,,2025-07-20,2025-07-30,1,"The Village Khariya Malinath(69541),Khajora(69569),Nokhra(69535),Siyana Jodhasar(69561),Khikhniya Kundaliyan(69548),Khariya Patawatan(69538)...etc  has been shifted to Sub-district Handa(District Bikaner) from Sub-district Kolayat(District Bikaner) in Rajasthan."
955470,Ranasar -5 Bnm,राणासर - 5 बीएनएम,476,Kolayat,,000000,U,,,2025-07-20,2025-07-30,1,"The Village Khariya Malinath(69541),Khajora(69569),Nokhra(69535),Siyana Jodhasar(69561),Khikhniya Kundaliyan(69548),Khariya Patawatan(69538)...etc  has been shifted to Sub-district Handa(District Bikaner) from Sub-district Kolayat(District Bikaner) in Rajasthan."
955472,Solankiyo Ki Dhani -11 Nd,सोलंकि यो की ढाणी - 11 एन डी,476,Kolayat,,000000,U,,,2025-07-20,2025-07-30,1,"The Village Khariya Malinath(69541),Khajora(69569),Nokhra(69535),Siyana Jodhasar(69561),Khikhniya Kundaliyan(69548),Khariya Patawatan(69538)...etc  has been shifted to Sub-district Handa(District Bikaner) from Sub-district Kolayat(District Bikaner) in Rajasthan."
955476,Jetungo Ki Dhani -1 Khd A,जेतुंगो की ढ़ाणी - 1 केएचडी ए,476,Kolayat,,000000,U,,,2025-07-20,2025-07-30,1,"The Village Khariya Malinath(69541),Khajora(69569),Nokhra(69535),Siyana Jodhasar(69561),Khikhniya Kundaliyan(69548),Khariya Patawatan(69538)...etc  has been shifted to Sub-district Handa(District Bikaner) from Sub-district Kolayat(District Bikaner) in Rajasthan."
955480,Panch Peeth Ki Dhani 1 Kmd,पंच पीठ की ढ़ाणी 1 केएमडी,476,Kolayat,,000000,U,,,2025-07-20,2025-07-30,1,"The Village Khariya Malinath(69541),Khajora(69569),Nokhra(69535),Siyana Jodhasar(69561),Khikhniya Kundaliyan(69548),Khariya Patawatan(69538)...etc  has been shifted to Sub-district Handa(District Bikaner) from Sub-district Kolayat(District Bikaner) in Rajasthan."
955481,Pabusar Sinduka -17 Sjd,पाबुसर सिंदुका - 17 एसजेडी,476,Kolayat,,000000,U,,,2025-07-20,2025-07-30,1,"The Village Khariya Malinath(69541),Khajora(69569),Nokhra(69535),Siyana Jodhasar(69561),Khikhniya Kundaliyan(69548),Khariya Patawatan(69538)...etc  has been shifted to Sub-district Handa(District Bikaner) from Sub-district Kolayat(District Bikaner) in Rajasthan."
955486,Lakhasar - 29 Gsd,लखासर - 29 जीएसडी,476,Kolayat,,000000,U,,,2025-07-20,2025-07-30,1,"The Village Khariya Malinath(69541),Khajora(69569),Nokhra(69535),Siyana Jodhasar(69561),Khikhniya Kundaliyan(69548),Khariya Patawatan(69538)...etc  has been shifted to Sub-district Handa(District Bikaner) from Sub-district Kolayat(District Bikaner) in Rajasthan."
955492,Girajsar - 3 Gsd,गिराजसर - 3 जीएसडी,476,Kolayat,,000000,U,,,2025-07-20,2025-07-30,1,"The Village Khariya Malinath(69541),Khajora(69569),Nokhra(69535),Siyana Jodhasar(69561),Khikhniya Kundaliyan(69548),Khariya Patawatan(69538)...etc  has been shifted to Sub-district Handa(District Bikaner) from Sub-district Kolayat(District Bikaner) in Rajasthan."
955500,Devdo Ki Dhani -2 Kld A,देवड़ो की ढ़ाणी - 2 केएलडी ए,476,Kolayat,,000000,U,,,2025-07-20,2025-07-30,1,"The Village Khariya Malinath(69541),Khajora(69569),Nokhra(69535),Siyana Jodhasar(69561),Khikhniya Kundaliyan(69548),Khariya Patawatan(69538)...etc  has been shifted to Sub-district Handa(District Bikaner) from Sub-district Kolayat(District Bikaner) in Rajasthan."
955502,Anganeu -4 Pbm,अंगनेउ - 4 पी बी एम,476,Kolayat,,000000,U,,,2025-07-20,2025-07-30,1,"The Village Khariya Malinath(69541),Khajora(69569),Nokhra(69535),Siyana Jodhasar(69561),Khikhniya Kundaliyan(69548),Khariya Patawatan(69538)...etc  has been shifted to Sub-district Handa(District Bikaner) from Sub-district Kolayat(District Bikaner) in Rajasthan."
955504,Beathnok -5 Rnm,बीठनोक - 5 आरएनएम,476,Kolayat,,000000,I,,,2025-07-20,2025-07-30,1,"The Village Khariya Malinath(69541),Khajora(69569),Nokhra(69535),Siyana Jodhasar(69561),Khikhniya Kundaliyan(69548),Khariya Patawatan(69538)...etc  has been shifted to Sub-district Handa(District Bikaner) from Sub-district Kolayat(District Bikaner) in Rajasthan."
955528,Lakhasar - 29 Gsd A,लखासर - 29 जीएसडी ए,476,Kolayat,,000000,U,,,2025-07-20,2025-07-31,1,"The Village Khariya Malinath(69541),Khajora(69569),Nokhra(69535),Siyana Jodhasar(69561),Khikhniya Kundaliyan(69548),Khariya Patawatan(69538)...etc  has been shifted to Sub-district Handa(District Bikaner) from Sub-district Kolayat(District Bikaner) in Rajasthan."
955530,Pabusar Sinduka - 17 Lsd,पाबुसर सिंदुका - 17 एलएसडी,476,Kolayat,,000000,U,,,2025-07-20,2025-07-31,1,"The Village Khariya Malinath(69541),Khajora(69569),Nokhra(69535),Siyana Jodhasar(69561),Khikhniya Kundaliyan(69548),Khariya Patawatan(69538)...etc  has been shifted to Sub-district Handa(District Bikaner) from Sub-district Kolayat(District Bikaner) in Rajasthan."
955532,Panch Peeth Ki Dhani 2 Kmd,पंच पीठ की ढ़ाणी 2 केएमडी,476,Kolayat,,000000,U,,,2025-07-20,2025-07-31,1,"The Village Khariya Malinath(69541),Khajora(69569),Nokhra(69535),Siyana Jodhasar(69561),Khikhniya Kundaliyan(69548),Khariya Patawatan(69538)...etc  has been shifted to Sub-district Handa(District Bikaner) from Sub-district Kolayat(District Bikaner) in Rajasthan."
955540,Surjada - 11 Sjd A,सुरजडा - 11 एस जे डी ए,476,Kolayat,,000000,U,,,2025-07-20,2025-07-31,1,"The Village Khariya Malinath(69541),Khajora(69569),Nokhra(69535),Siyana Jodhasar(69561),Khikhniya Kundaliyan(69548),Khariya Patawatan(69538)...etc  has been shifted to Sub-district Handa(District Bikaner) from Sub-district Kolayat(District Bikaner) in Rajasthan."
955541,Lumbasar -11 Lsd,लुम्बासर - 11 एल एस डी,476,Kolayat,,000000,U,,,2025-07-20,2025-07-31,1,"The Village Khariya Malinath(69541),Khajora(69569),Nokhra(69535),Siyana Jodhasar(69561),Khikhniya Kundaliyan(69548),Khariya Patawatan(69538)...etc  has been shifted to Sub-district Handa(District Bikaner) from Sub-district Kolayat(District Bikaner) in Rajasthan."
955551,Panch Peeth Ki Dhani 3 Kmd,पंच पीठ की ढ़ाणी 3 केएमडी,476,Kolayat,,000000,U,,,2025-07-20,2025-07-31,1,"The Village Khariya Malinath(69541),Khajora(69569),Nokhra(69535),Siyana Jodhasar(69561),Khikhniya Kundaliyan(69548),Khariya Patawatan(69538)...etc  has been shifted to Sub-district Handa(District Bikaner) from Sub-district Kolayat(District Bikaner) in Rajasthan."
955603,Lakhasar -18 Lsd,लखासर - 18 एलएसडी,476,Kolayat,,000000,U,,,2025-07-20,2025-07-31,1,"The Village Khariya Malinath(69541),Khajora(69569),Nokhra(69535),Siyana Jodhasar(69561),Khikhniya Kundaliyan(69548),Khariya Patawatan(69538)...etc  has been shifted to Sub-district Handa(District Bikaner) from Sub-district Kolayat(District Bikaner) in Rajasthan."
955605,Surjada -7 Bnm,सुरजडा - 7 बी एन एम,476,Kolayat,,000000,U,,,2025-07-20,2025-07-31,1,"The Village Khariya Malinath(69541),Khajora(69569),Nokhra(69535),Siyana Jodhasar(69561),Khikhniya Kundaliyan(69548),Khariya Patawatan(69538)...etc  has been shifted to Sub-district Handa(District Bikaner) from Sub-district Kolayat(District Bikaner) in Rajasthan."
955607,Anganeu -5 Pbm,अंगनेउ - 5 पी बी एम,476,Kolayat,,000000,U,,,2025-07-20,2025-07-31,1,"The Village Khariya Malinath(69541),Khajora(69569),Nokhra(69535),Siyana Jodhasar(69561),Khikhniya Kundaliyan(69548),Khariya Patawatan(69538)...etc  has been shifted to Sub-district Handa(District Bikaner) from Sub-district Kolayat(District Bikaner) in Rajasthan."
955608,Beathnok - 24 Gsd A,बीठनोक - 24 जीएसडी ए,476,Kolayat,,000000,U,,,2025-07-20,2025-07-31,1,"The Village Khariya Malinath(69541),Khajora(69569),Nokhra(69535),Siyana Jodhasar(69561),Khikhniya Kundaliyan(69548),Khariya Patawatan(69538)...etc  has been shifted to Sub-district Handa(District Bikaner) from Sub-district Kolayat(District Bikaner) in Rajasthan."
955619,Surjada - 10 Sjd B,सुरजडा - 10 एस जे डी,476,Kolayat,,000000,U,,,2025-07-20,2025-07-31,1,"The Village Khariya Malinath(69541),Khajora(69569),Nokhra(69535),Siyana Jodhasar(69561),Khikhniya Kundaliyan(69548),Khariya Patawatan(69538)...etc  has been shifted to Sub-district Handa(District Bikaner) from Sub-district Kolayat(District Bikaner) in Rajasthan."
955634,Surjada - 3 Bnm,सुरजडा - 3 बी एन एम,476,Kolayat,,000000,U,,,2025-07-20,2025-07-31,1,"The Village Khariya Malinath(69541),Khajora(69569),Nokhra(69535),Siyana Jodhasar(69561),Khikhniya Kundaliyan(69548),Khariya Patawatan(69538)...etc  has been shifted to Sub-district Handa(District Bikaner) from Sub-district Kolayat(District Bikaner) in Rajasthan."
955638,Girajsar - 4 Gsd,गिराजसर - 4 जीएसडी,476,Kolayat,,000000,U,,,2025-07-20,2025-07-31,1,"The Village Khariya Malinath(69541),Khajora(69569),Nokhra(69535),Siyana Jodhasar(69561),Khikhniya Kundaliyan(69548),Khariya Patawatan(69538)...etc  has been shifted to Sub-district Handa(District Bikaner) from Sub-district Kolayat(District Bikaner) in Rajasthan."
955656,Surjada -2 Bnm,सुरजडा - 2 बी एन एम,476,Kolayat,,000000,U,,,2025-07-20,2025-07-31,1,"The Village Khariya Malinath(69541),Khajora(69569),Nokhra(69535),Siyana Jodhasar(69561),Khikhniya Kundaliyan(69548),Khariya Patawatan(69538)...etc  has been shifted to Sub-district Handa(District Bikaner) from Sub-district Kolayat(District Bikaner) in Rajasthan."
955666,Beathnok- 25 Gsd,बीठनोक - 25 जीएसडी,476,Kolayat,,000000,U,,,2025-07-20,2025-07-31,1,"The Village Khariya Malinath(69541),Khajora(69569),Nokhra(69535),Siyana Jodhasar(69561),Khikhniya Kundaliyan(69548),Khariya Patawatan(69538)...etc  has been shifted to Sub-district Handa(District Bikaner) from Sub-district Kolayat(District Bikaner) in Rajasthan."
955667,Nokha Urf Daiya -2 Sjd,नोखा उर्फ़ दैया - 2 एसजेडी,476,Kolayat,,000000,U,,,2025-07-20,2025-07-31,1,"The Village Khariya Malinath(69541),Khajora(69569),Nokhra(69535),Siyana Jodhasar(69561),Khikhniya Kundaliyan(69548),Khariya Patawatan(69538)...etc  has been shifted to Sub-district Handa(District Bikaner) from Sub-district Kolayat(District Bikaner) in Rajasthan."
955680,Beathnok -5 Bnm,बीठनोक - 5 बीएनएम,476,Kolayat,,000000,U,,,2025-07-20,2025-07-31,1,"The Village Khariya Malinath(69541),Khajora(69569),Nokhra(69535),Siyana Jodhasar(69561),Khikhniya Kundaliyan(69548),Khariya Patawatan(69538)...etc  has been shifted to Sub-district Handa(District Bikaner) from Sub-district Kolayat(District Bikaner) in Rajasthan."
955691,Anganeu -6 Pbm,अंगनेउ - 6 पी बी एम,476,Kolayat,,000000,U,,,2025-07-20,2025-07-31,1,"The Village Khariya Malinath(69541),Khajora(69569),Nokhra(69535),Siyana Jodhasar(69561),Khikhniya Kundaliyan(69548),Khariya Patawatan(69538)...etc  has been shifted to Sub-district Handa(District Bikaner) from Sub-district Kolayat(District Bikaner) in Rajasthan."
955734,Anganeu -5 Agm,अंगनेउ - 5 ए जी एम,476,Kolayat,,000000,U,,,2025-07-20,2025-07-31,1,"The Village Khariya Malinath(69541),Khajora(69569),Nokhra(69535),Siyana Jodhasar(69561),Khikhniya Kundaliyan(69548),Khariya Patawatan(69538)...etc  has been shifted to Sub-district Handa(District Bikaner) from Sub-district Kolayat(District Bikaner) in Rajasthan."
955736,Surjada -4 Bnm,सुरजडा - 4 बी एन एम,476,Kolayat,,000000,U,,,2025-07-20,2025-07-31,1,"The Village Khariya Malinath(69541),Khajora(69569),Nokhra(69535),Siyana Jodhasar(69561),Khikhniya Kundaliyan(69548),Khariya Patawatan(69538)...etc  has been shifted to Sub-district Handa(District Bikaner) from Sub-district Kolayat(District Bikaner) in Rajasthan."
955737,Kumharo Ki Dhani -2 Nd,कुम्हारों की ढ़ाणी - 2 एनडी,476,Kolayat,,000000,U,,,2025-07-20,2025-07-31,1,"The Village Khariya Malinath(69541),Khajora(69569),Nokhra(69535),Siyana Jodhasar(69561),Khikhniya Kundaliyan(69548),Khariya Patawatan(69538)...etc  has been shifted to Sub-district Handa(District Bikaner) from Sub-district Kolayat(District Bikaner) in Rajasthan."
955738,Beathnok -3 Bnm,बीठनोक - 3 बीएनएम,476,Kolayat,,000000,U,,,2025-07-20,2025-07-31,1,"The Village Khariya Malinath(69541),Khajora(69569),Nokhra(69535),Siyana Jodhasar(69561),Khikhniya Kundaliyan(69548),Khariya Patawatan(69538)...etc  has been shifted to Sub-district Handa(District Bikaner) from Sub-district Kolayat(District Bikaner) in Rajasthan."
955743,Surjada -6 Lsd,सुरजडा - 6 एल एस डी,476,Kolayat,,000000,U,,,2025-07-20,2025-07-31,1,"The Village Khariya Malinath(69541),Khajora(69569),Nokhra(69535),Siyana Jodhasar(69561),Khikhniya Kundaliyan(69548),Khariya Patawatan(69538)...etc  has been shifted to Sub-district Handa(District Bikaner) from Sub-district Kolayat(District Bikaner) in Rajasthan."
955745,Beathnok -4 Bnm,बीठनोक - 4 बीएनएम,476,Kolayat,,000000,U,,,2025-07-20,2025-07-31,1,"The Village Khariya Malinath(69541),Khajora(69569),Nokhra(69535),Siyana Jodhasar(69561),Khikhniya Kundaliyan(69548),Khariya Patawatan(69538)...etc  has been shifted to Sub-district Handa(District Bikaner) from Sub-district Kolayat(District Bikaner) in Rajasthan."
955746,Surjada -6 Lsd,सुरजडा - 6 एल एस डी,476,Kolayat,,000000,U,,,2025-07-20,2025-07-31,1,"The Village Khariya Malinath(69541),Khajora(69569),Nokhra(69535),Siyana Jodhasar(69561),Khikhniya Kundaliyan(69548),Khariya Patawatan(69538)...etc  has been shifted to Sub-district Handa(District Bikaner) from Sub-district Kolayat(District Bikaner) in Rajasthan."
955747,Beathnok -24 Gsd,बीठनोक - 24 जीएसडी ,476,Kolayat,,000000,U,,,2025-07-20,2025-07-31,1,"The Village Khariya Malinath(69541),Khajora(69569),Nokhra(69535),Siyana Jodhasar(69561),Khikhniya Kundaliyan(69548),Khariya Patawatan(69538)...etc  has been shifted to Sub-district Handa(District Bikaner) from Sub-district Kolayat(District Bikaner) in Rajasthan."
955748,Surjada -10 Sjd A,सुरजडा - 10 एस जे डी ए ,476,Kolayat,,000000,U,,,2025-07-20,2025-07-31,1,"The Village Khariya Malinath(69541),Khajora(69569),Nokhra(69535),Siyana Jodhasar(69561),Khikhniya Kundaliyan(69548),Khariya Patawatan(69538)...etc  has been shifted to Sub-district Handa(District Bikaner) from Sub-district Kolayat(District Bikaner) in Rajasthan."
955749,Beathnok -25 Gsd A,बीठनोक - 25 जीएसडी ए,476,Kolayat,,000000,U,,,2025-07-20,2025-07-31,1,"The Village Khariya Malinath(69541),Khajora(69569),Nokhra(69535),Siyana Jodhasar(69561),Khikhniya Kundaliyan(69548),Khariya Patawatan(69538)...etc  has been shifted to Sub-district Handa(District Bikaner) from Sub-district Kolayat(District Bikaner) in Rajasthan."
955760,Anganeu - 9 Agm,अंगनेउ - 9 ए जी एम,476,Kolayat,,000000,U,,,2025-07-20,2025-08-01,1,"The Village Khariya Malinath(69541),Khajora(69569),Nokhra(69535),Siyana Jodhasar(69561),Khikhniya Kundaliyan(69548),Khariya Patawatan(69538)...etc  has been shifted to Sub-district Handa(District Bikaner) from Sub-district Kolayat(District Bikaner) in Rajasthan."
955761,Beathnok -15 Gsd,बीठनोक - 15 जी एस डी,476,Kolayat,,000000,U,,,2025-07-20,2025-08-01,1,"The Village Khariya Malinath(69541),Khajora(69569),Nokhra(69535),Siyana Jodhasar(69561),Khikhniya Kundaliyan(69548),Khariya Patawatan(69538)...etc  has been shifted to Sub-district Handa(District Bikaner) from Sub-district Kolayat(District Bikaner) in Rajasthan."
955769,Panch Peeth Ki Dhani 3 Kmd A,पंच पीठ की ढ़ाणी 3 के एम डी ए,476,Kolayat,,000000,U,,,2025-07-20,2025-08-01,1,"The Village Khariya Malinath(69541),Khajora(69569),Nokhra(69535),Siyana Jodhasar(69561),Khikhniya Kundaliyan(69548),Khariya Patawatan(69538)...etc  has been shifted to Sub-district Handa(District Bikaner) from Sub-district Kolayat(District Bikaner) in Rajasthan."
955770,Beathnok - 16 Gsd,बीठनोक - 16 जीएसडी,476,Kolayat,,000000,U,,,2025-07-20,2025-08-01,1,"The Village Khariya Malinath(69541),Khajora(69569),Nokhra(69535),Siyana Jodhasar(69561),Khikhniya Kundaliyan(69548),Khariya Patawatan(69538)...etc  has been shifted to Sub-district Handa(District Bikaner) from Sub-district Kolayat(District Bikaner) in Rajasthan."
955771,Girajsar -2 Dvd A,गिराजसर - 2 डीवीडी ए,476,Kolayat,,000000,U,,,2025-07-20,2025-08-01,1,"The Village Khariya Malinath(69541),Khajora(69569),Nokhra(69535),Siyana Jodhasar(69561),Khikhniya Kundaliyan(69548),Khariya Patawatan(69538)...etc  has been shifted to Sub-district Handa(District Bikaner) from Sub-district Kolayat(District Bikaner) in Rajasthan."
955772,Anganeu -9 Agm A,अंगनेउ - 9 ए जी एम ए,476,Kolayat,,000000,U,,,2025-07-20,2025-08-01,1,"The Village Khariya Malinath(69541),Khajora(69569),Nokhra(69535),Siyana Jodhasar(69561),Khikhniya Kundaliyan(69548),Khariya Patawatan(69538)...etc  has been shifted to Sub-district Handa(District Bikaner) from Sub-district Kolayat(District Bikaner) in Rajasthan."
955773,Beathnok - 17 Gsd,बीठनोक - 17 जीएसडी,476,Kolayat,,000000,U,,,2025-07-20,2025-08-01,1,"The Village Khariya Malinath(69541),Khajora(69569),Nokhra(69535),Siyana Jodhasar(69561),Khikhniya Kundaliyan(69548),Khariya Patawatan(69538)...etc  has been shifted to Sub-district Handa(District Bikaner) from Sub-district Kolayat(District Bikaner) in Rajasthan."
955774,Surjada - 10 Sjd,सुरजडा - 10 एस जे डी,476,Kolayat,,000000,U,,,2025-07-20,2025-08-01,1,"The Village Khariya Malinath(69541),Khajora(69569),Nokhra(69535),Siyana Jodhasar(69561),Khikhniya Kundaliyan(69548),Khariya Patawatan(69538)...etc  has been shifted to Sub-district Handa(District Bikaner) from Sub-district Kolayat(District Bikaner) in Rajasthan."
955775,Solankiyo Ki Dhani -3 Khd,सोलंकियो की ढाणी - 3 के एचडी,476,Kolayat,,000000,U,,,2025-07-20,2025-08-01,1,"The Village Khariya Malinath(69541),Khajora(69569),Nokhra(69535),Siyana Jodhasar(69561),Khikhniya Kundaliyan(69548),Khariya Patawatan(69538)...etc  has been shifted to Sub-district Handa(District Bikaner) from Sub-district Kolayat(District Bikaner) in Rajasthan."
955776,Nokha Urf Daiya -1 Lsd,नोखा उर्फ़ दैया - 1 एल एस डी ,476,Kolayat,,000000,U,,,2025-07-20,2025-08-01,1,"The Village Khariya Malinath(69541),Khajora(69569),Nokhra(69535),Siyana Jodhasar(69561),Khikhniya Kundaliyan(69548),Khariya Patawatan(69538)...etc  has been shifted to Sub-district Handa(District Bikaner) from Sub-district Kolayat(District Bikaner) in Rajasthan."
955778,Anganeu -10 Agm,अंगनेउ - 10 एजीएम,476,Kolayat,,000000,U,,,2025-07-20,2025-08-01,1,"The Village Khariya Malinath(69541),Khajora(69569),Nokhra(69535),Siyana Jodhasar(69561),Khikhniya Kundaliyan(69548),Khariya Patawatan(69538)...etc  has been shifted to Sub-district Handa(District Bikaner) from Sub-district Kolayat(District Bikaner) in Rajasthan."
955779,Beathnok -21 Gsd,बीठनोक - 21 जी एस डी,476,Kolayat,,000000,U,,,2025-07-20,2025-08-01,1,"The Village Khariya Malinath(69541),Khajora(69569),Nokhra(69535),Siyana Jodhasar(69561),Khikhniya Kundaliyan(69548),Khariya Patawatan(69538)...etc  has been shifted to Sub-district Handa(District Bikaner) from Sub-district Kolayat(District Bikaner) in Rajasthan."
955783,Beathnok -20 Gsd,बीठनोक - 20 जीएसडी,476,Kolayat,,000000,U,,,2025-07-20,2025-08-01,1,"The Village Khariya Malinath(69541),Khajora(69569),Nokhra(69535),Siyana Jodhasar(69561),Khikhniya Kundaliyan(69548),Khariya Patawatan(69538)...etc  has been shifted to Sub-district Handa(District Bikaner) from Sub-district Kolayat(District Bikaner) in Rajasthan."
955786,Surjada -1 Bnm,सुरजडा - 1 बी एन एम,476,Kolayat,,000000,U,,,2025-07-20,2025-08-01,1,"The Village Khariya Malinath(69541),Khajora(69569),Nokhra(69535),Siyana Jodhasar(69561),Khikhniya Kundaliyan(69548),Khariya Patawatan(69538)...etc  has been shifted to Sub-district Handa(District Bikaner) from Sub-district Kolayat(District Bikaner) in Rajasthan."
955788,Beathnok -20 Gsd A,बीठनोक - 20 जीएसडी ए,476,Kolayat,,000000,U,,,2025-07-20,2025-08-01,1,"The Village Khariya Malinath(69541),Khajora(69569),Nokhra(69535),Siyana Jodhasar(69561),Khikhniya Kundaliyan(69548),Khariya Patawatan(69538)...etc  has been shifted to Sub-district Handa(District Bikaner) from Sub-district Kolayat(District Bikaner) in Rajasthan."
955808,Panch Peeth Ki Dhani 4 Kmd,पंच पीठ की ढ़ाणी 4 केएमडी,476,Kolayat,,000000,U,,,2025-07-20,2025-08-01,1,"The Village Khariya Malinath(69541),Khajora(69569),Nokhra(69535),Siyana Jodhasar(69561),Khikhniya Kundaliyan(69548),Khariya Patawatan(69538)...etc  has been shifted to Sub-district Handa(District Bikaner) from Sub-district Kolayat(District Bikaner) in Rajasthan."
955811,Beathnok -22 Gsd,बीठनोक - 22 जीएसडी,476,Kolayat,,000000,U,,,2025-07-20,2025-08-01,1,"The Village Khariya Malinath(69541),Khajora(69569),Nokhra(69535),Siyana Jodhasar(69561),Khikhniya Kundaliyan(69548),Khariya Patawatan(69538)...etc  has been shifted to Sub-district Handa(District Bikaner) from Sub-district Kolayat(District Bikaner) in Rajasthan."
955813,Surjada -6 Bnm,सुरजडा - 6 बी एन एम,476,Kolayat,,000000,U,,,2025-07-20,2025-08-01,1,"The Village Khariya Malinath(69541),Khajora(69569),Nokhra(69535),Siyana Jodhasar(69561),Khikhniya Kundaliyan(69548),Khariya Patawatan(69538)...etc  has been shifted to Sub-district Handa(District Bikaner) from Sub-district Kolayat(District Bikaner) in Rajasthan."
955814,Beathnok -23 Gsd,बीठनोक - 23 जीएसडी,476,Kolayat,,000000,U,,,2025-07-20,2025-08-01,1,"The Village Khariya Malinath(69541),Khajora(69569),Nokhra(69535),Siyana Jodhasar(69561),Khikhniya Kundaliyan(69548),Khariya Patawatan(69538)...etc  has been shifted to Sub-district Handa(District Bikaner) from Sub-district Kolayat(District Bikaner) in Rajasthan."
955815,Panch Peeth Ki Dhani 5 Kmd,पंच पीठ की ढ़ाणी 5 के एमडी,476,Kolayat,,000000,U,,,2025-07-20,2025-08-01,1,"The Village Khariya Malinath(69541),Khajora(69569),Nokhra(69535),Siyana Jodhasar(69561),Khikhniya Kundaliyan(69548),Khariya Patawatan(69538)...etc  has been shifted to Sub-district Handa(District Bikaner) from Sub-district Kolayat(District Bikaner) in Rajasthan."
955816,Girajsar -5 Gsd,गिराजसर - 5 जीएसडी,476,Kolayat,,000000,U,,,2025-07-20,2025-08-01,1,"The Village Khariya Malinath(69541),Khajora(69569),Nokhra(69535),Siyana Jodhasar(69561),Khikhniya Kundaliyan(69548),Khariya Patawatan(69538)...etc  has been shifted to Sub-district Handa(District Bikaner) from Sub-district Kolayat(District Bikaner) in Rajasthan."
955817,Beathnok -28 Gsd A,बीठनोक - 28 जीएसडी ए,476,Kolayat,,000000,U,,,2025-07-20,2025-08-01,1,"The Village Khariya Malinath(69541),Khajora(69569),Nokhra(69535),Siyana Jodhasar(69561),Khikhniya Kundaliyan(69548),Khariya Patawatan(69538)...etc  has been shifted to Sub-district Handa(District Bikaner) from Sub-district Kolayat(District Bikaner) in Rajasthan."
955818,Surjada -9 Sjd,सुरजडा - 9 एस जे डी,476,Kolayat,,000000,U,,,2025-07-20,2025-08-01,1,"The Village Khariya Malinath(69541),Khajora(69569),Nokhra(69535),Siyana Jodhasar(69561),Khikhniya Kundaliyan(69548),Khariya Patawatan(69538)...etc  has been shifted to Sub-district Handa(District Bikaner) from Sub-district Kolayat(District Bikaner) in Rajasthan."
955820,Beathnok -26 Gsd A,बीठनोक - 26जीएसडी ए,476,Kolayat,,000000,U,,,2025-07-20,2025-08-01,1,"The Village Khariya Malinath(69541),Khajora(69569),Nokhra(69535),Siyana Jodhasar(69561),Khikhniya Kundaliyan(69548),Khariya Patawatan(69538)...etc  has been shifted to Sub-district Handa(District Bikaner) from Sub-district Kolayat(District Bikaner) in Rajasthan."
955821,Beathnok -28 Gsd,बीठनोक - 28 जीएसडी,476,Kolayat,,000000,U,,,2025-07-20,2025-08-01,1,"The Village Khariya Malinath(69541),Khajora(69569),Nokhra(69535),Siyana Jodhasar(69561),Khikhniya Kundaliyan(69548),Khariya Patawatan(69538)...etc  has been shifted to Sub-district Handa(District Bikaner) from Sub-district Kolayat(District Bikaner) in Rajasthan."
955822,Surjada -7 Sjd,सुरजडा - 7 एस जे डी,476,Kolayat,,000000,U,,,2025-07-20,2025-08-01,1,"The Village Khariya Malinath(69541),Khajora(69569),Nokhra(69535),Siyana Jodhasar(69561),Khikhniya Kundaliyan(69548),Khariya Patawatan(69538)...etc  has been shifted to Sub-district Handa(District Bikaner) from Sub-district Kolayat(District Bikaner) in Rajasthan."
955824,Solankiyo Ki Dhani -2 Khd,सोलंकियो की ढाणी - 2 के एचडी,476,Kolayat,,000000,U,,,2025-07-20,2025-08-01,1,"The Village Khariya Malinath(69541),Khajora(69569),Nokhra(69535),Siyana Jodhasar(69561),Khikhniya Kundaliyan(69548),Khariya Patawatan(69538)...etc  has been shifted to Sub-district Handa(District Bikaner) from Sub-district Kolayat(District Bikaner) in Rajasthan."
955825,Beathnok -15 Gsd A,बीठनोक - 15 जीएसडी ए,476,Kolayat,,000000,U,,,2025-07-20,2025-08-01,1,"The Village Khariya Malinath(69541),Khajora(69569),Nokhra(69535),Siyana Jodhasar(69561),Khikhniya Kundaliyan(69548),Khariya Patawatan(69538)...etc  has been shifted to Sub-district Handa(District Bikaner) from Sub-district Kolayat(District Bikaner) in Rajasthan."
955830,Nokha Urf Daiya -4 Sjd,नोखा उर्फ़ दैया - 4 एसजेडी,476,Kolayat,,000000,U,,,2025-07-20,2025-08-01,1,"The Village Khariya Malinath(69541),Khajora(69569),Nokhra(69535),Siyana Jodhasar(69561),Khikhniya Kundaliyan(69548),Khariya Patawatan(69538)...etc  has been shifted to Sub-district Handa(District Bikaner) from Sub-district Kolayat(District Bikaner) in Rajasthan."
955831,Lumbasar -13 Lsd A,लुम्बासर - 13 एल एस डी ए,476,Kolayat,,000000,U,,,2025-07-20,2025-08-01,1,"The Village Khariya Malinath(69541),Khajora(69569),Nokhra(69535),Siyana Jodhasar(69561),Khikhniya Kundaliyan(69548),Khariya Patawatan(69538)...etc  has been shifted to Sub-district Handa(District Bikaner) from Sub-district Kolayat(District Bikaner) in Rajasthan."
955832,Kumharo Ki Dhani -3 Nd,कुम्हारों की ढ़ाणी - 3 एनडी,476,Kolayat,,000000,U,,,2025-07-20,2025-08-01,1,"The Village Khariya Malinath(69541),Khajora(69569),Nokhra(69535),Siyana Jodhasar(69561),Khikhniya Kundaliyan(69548),Khariya Patawatan(69538)...etc  has been shifted to Sub-district Handa(District Bikaner) from Sub-district Kolayat(District Bikaner) in Rajasthan."
955833,Ranasar -3 Pbm B,राणासर - 3 पीबीएम बी,476,Kolayat,,000000,U,,,2025-07-20,2025-08-01,1,"The Village Khariya Malinath(69541),Khajora(69569),Nokhra(69535),Siyana Jodhasar(69561),Khikhniya Kundaliyan(69548),Khariya Patawatan(69538)...etc  has been shifted to Sub-district Handa(District Bikaner) from Sub-district Kolayat(District Bikaner) in Rajasthan."
955834,Girajsar -3 Pwm,गिराजसर - 3 पीडब्ल्लूएम,476,Kolayat,,000000,U,,,2025-07-20,2025-08-01,1,"The Village Khariya Malinath(69541),Khajora(69569),Nokhra(69535),Siyana Jodhasar(69561),Khikhniya Kundaliyan(69548),Khariya Patawatan(69538)...etc  has been shifted to Sub-district Handa(District Bikaner) from Sub-district Kolayat(District Bikaner) in Rajasthan."
955835,Solankiyo Ki Dhani -5 Khd,सोलंकियो की ढाणी - 5 के एचडी,476,Kolayat,,000000,U,,,2025-07-20,2025-08-01,1,"The Village Khariya Malinath(69541),Khajora(69569),Nokhra(69535),Siyana Jodhasar(69561),Khikhniya Kundaliyan(69548),Khariya Patawatan(69538)...etc  has been shifted to Sub-district Handa(District Bikaner) from Sub-district Kolayat(District Bikaner) in Rajasthan."
955836,Anganeu -11 Agm,अंगनेउ - 11 ए जी एम,476,Kolayat,,000000,U,,,2025-07-20,2025-08-01,1,"The Village Khariya Malinath(69541),Khajora(69569),Nokhra(69535),Siyana Jodhasar(69561),Khikhniya Kundaliyan(69548),Khariya Patawatan(69538)...etc  has been shifted to Sub-district Handa(District Bikaner) from Sub-district Kolayat(District Bikaner) in Rajasthan."
955837,Beathnok -14 Gsd A,बीठनोक - 14 जीएसडीए,476,Kolayat,,000000,U,,,2025-07-20,2025-08-01,1,"The Village Khariya Malinath(69541),Khajora(69569),Nokhra(69535),Siyana Jodhasar(69561),Khikhniya Kundaliyan(69548),Khariya Patawatan(69538)...etc  has been shifted to Sub-district Handa(District Bikaner) from Sub-district Kolayat(District Bikaner) in Rajasthan."
955839,Surjada -9 Sjd A,सुरजडा - 9 एस जे डी ए,476,Kolayat,,000000,U,,,2025-07-20,2025-08-04,1,"The Village Khariya Malinath(69541),Khajora(69569),Nokhra(69535),Siyana Jodhasar(69561),Khikhniya Kundaliyan(69548),Khariya Patawatan(69538)...etc  has been shifted to Sub-district Handa(District Bikaner) from Sub-district Kolayat(District Bikaner) in Rajasthan."
955840,Anganeu -12 Agm,अंगनेउ - 12 ए जी एम,476,Kolayat,,000000,U,,,2025-07-20,2025-08-04,1,"The Village Khariya Malinath(69541),Khajora(69569),Nokhra(69535),Siyana Jodhasar(69561),Khikhniya Kundaliyan(69548),Khariya Patawatan(69538)...etc  has been shifted to Sub-district Handa(District Bikaner) from Sub-district Kolayat(District Bikaner) in Rajasthan."
955841,Beathnok -13 Nbm,बीठनोक - 13 एनबीएम,476,Kolayat,,000000,U,,,2025-07-20,2025-08-04,1,"The Village Khariya Malinath(69541),Khajora(69569),Nokhra(69535),Siyana Jodhasar(69561),Khikhniya Kundaliyan(69548),Khariya Patawatan(69538)...etc  has been shifted to Sub-district Handa(District Bikaner) from Sub-district Kolayat(District Bikaner) in Rajasthan."
955842,Girajsar -4 Pwm,गिराजसर - 4 पीडब्ल्लूएम,476,Kolayat,,000000,U,,,2025-07-20,2025-08-04,1,"The Village Khariya Malinath(69541),Khajora(69569),Nokhra(69535),Siyana Jodhasar(69561),Khikhniya Kundaliyan(69548),Khariya Patawatan(69538)...etc  has been shifted to Sub-district Handa(District Bikaner) from Sub-district Kolayat(District Bikaner) in Rajasthan."
955844,Lumbasar -6 Lsd A,लुम्बासर - 6 एल एस डी ए,476,Kolayat,,000000,U,,,2025-07-20,2025-08-04,1,"The Village Khariya Malinath(69541),Khajora(69569),Nokhra(69535),Siyana Jodhasar(69561),Khikhniya Kundaliyan(69548),Khariya Patawatan(69538)...etc  has been shifted to Sub-district Handa(District Bikaner) from Sub-district Kolayat(District Bikaner) in Rajasthan."
955845,Randhisar -5 Lsd,रणधीसर - 5 एलएसडी,476,Kolayat,,000000,U,,,2025-07-20,2025-08-04,1,"The Village Khariya Malinath(69541),Khajora(69569),Nokhra(69535),Siyana Jodhasar(69561),Khikhniya Kundaliyan(69548),Khariya Patawatan(69538)...etc  has been shifted to Sub-district Handa(District Bikaner) from Sub-district Kolayat(District Bikaner) in Rajasthan."
955846,Nokha Urf Daiya -3 Sjd,नोखा उर्फ़ दैया - 3 एसजेडी,476,Kolayat,,000000,U,,,2025-07-20,2025-08-04,1,"The Village Khariya Malinath(69541),Khajora(69569),Nokhra(69535),Siyana Jodhasar(69561),Khikhniya Kundaliyan(69548),Khariya Patawatan(69538)...etc  has been shifted to Sub-district Handa(District Bikaner) from Sub-district Kolayat(District Bikaner) in Rajasthan."
955847,Kumharo Ki Dhani -8 Kmd,कुम्हारों की ढ़ाणी - 8 केएमडी,476,Kolayat,,000000,U,,,2025-07-20,2025-08-04,1,"The Village Khariya Malinath(69541),Khajora(69569),Nokhra(69535),Siyana Jodhasar(69561),Khikhniya Kundaliyan(69548),Khariya Patawatan(69538)...etc  has been shifted to Sub-district Handa(District Bikaner) from Sub-district Kolayat(District Bikaner) in Rajasthan."
955849,Ranasar -838 -600 Rd,राणासर - 838-600 आरडी,476,Kolayat,,000000,U,,,2025-07-20,2025-08-04,1,"The Village Khariya Malinath(69541),Khajora(69569),Nokhra(69535),Siyana Jodhasar(69561),Khikhniya Kundaliyan(69548),Khariya Patawatan(69538)...etc  has been shifted to Sub-district Handa(District Bikaner) from Sub-district Kolayat(District Bikaner) in Rajasthan."
955852,Jetungo Ki Dhani -1 Khd,जेतुंगो की ढ़ाणी - 1 केएचडी,476,Kolayat,,000000,U,,,2025-07-20,2025-08-04,1,"The Village Khariya Malinath(69541),Khajora(69569),Nokhra(69535),Siyana Jodhasar(69561),Khikhniya Kundaliyan(69548),Khariya Patawatan(69538)...etc  has been shifted to Sub-district Handa(District Bikaner) from Sub-district Kolayat(District Bikaner) in Rajasthan."
955853,Girajsar -6 Pwm,गिराजसर - 6 पीडब्ल्लूएम,476,Kolayat,,000000,U,,,2025-07-20,2025-08-04,1,"The Village Khariya Malinath(69541),Khajora(69569),Nokhra(69535),Siyana Jodhasar(69561),Khikhniya Kundaliyan(69548),Khariya Patawatan(69538)...etc  has been shifted to Sub-district Handa(District Bikaner) from Sub-district Kolayat(District Bikaner) in Rajasthan."
955854,Devdo Ki Dhani -1 Kld,देवड़ो की ढ़ाणी - 1 केएलडी,476,Kolayat,,000000,U,,,2025-07-20,2025-08-04,1,"The Village Khariya Malinath(69541),Khajora(69569),Nokhra(69535),Siyana Jodhasar(69561),Khikhniya Kundaliyan(69548),Khariya Patawatan(69538)...etc  has been shifted to Sub-district Handa(District Bikaner) from Sub-district Kolayat(District Bikaner) in Rajasthan."
955857,Beathnok -12 Nbm,बीठनोक - 12 एनबीएम,476,Kolayat,,000000,U,,,2025-07-20,2025-08-04,1,"The Village Khariya Malinath(69541),Khajora(69569),Nokhra(69535),Siyana Jodhasar(69561),Khikhniya Kundaliyan(69548),Khariya Patawatan(69538)...etc  has been shifted to Sub-district Handa(District Bikaner) from Sub-district Kolayat(District Bikaner) in Rajasthan."
955858,Anganeu -13 Agm,अंगनेउ - 13 ए जी एम,476,Kolayat,,000000,U,,,2025-07-20,2025-08-04,1,"The Village Khariya Malinath(69541),Khajora(69569),Nokhra(69535),Siyana Jodhasar(69561),Khikhniya Kundaliyan(69548),Khariya Patawatan(69538)...etc  has been shifted to Sub-district Handa(District Bikaner) from Sub-district Kolayat(District Bikaner) in Rajasthan."
955860,Surjada -8 Lsd,सुरजडा - 8 एल एस डी,476,Kolayat,,000000,U,,,2025-07-20,2025-08-04,1,"The Village Khariya Malinath(69541),Khajora(69569),Nokhra(69535),Siyana Jodhasar(69561),Khikhniya Kundaliyan(69548),Khariya Patawatan(69538)...etc  has been shifted to Sub-district Handa(District Bikaner) from Sub-district Kolayat(District Bikaner) in Rajasthan."
955861,Solankiyo Ki Dhani -4 Khd A,सोलंकि यो की ढाणी - 4 केएचडी ए,476,Kolayat,,000000,U,,,2025-07-20,2025-08-04,1,"The Village Khariya Malinath(69541),Khajora(69569),Nokhra(69535),Siyana Jodhasar(69561),Khikhniya Kundaliyan(69548),Khariya Patawatan(69538)...etc  has been shifted to Sub-district Handa(District Bikaner) from Sub-district Kolayat(District Bikaner) in Rajasthan."
955863,Randhisar -6 Sjd,रणधीसर - 6 एसजेडी,476,Kolayat,,000000,U,,,2025-07-20,2025-08-04,1,"The Village Khariya Malinath(69541),Khajora(69569),Nokhra(69535),Siyana Jodhasar(69561),Khikhniya Kundaliyan(69548),Khariya Patawatan(69538)...etc  has been shifted to Sub-district Handa(District Bikaner) from Sub-district Kolayat(District Bikaner) in Rajasthan."
955864,Ranasar -12 Sjd,राणासर - 12 एसजेडी,476,Kolayat,,000000,U,,,2025-07-20,2025-08-04,1,"The Village Khariya Malinath(69541),Khajora(69569),Nokhra(69535),Siyana Jodhasar(69561),Khikhniya Kundaliyan(69548),Khariya Patawatan(69538)...etc  has been shifted to Sub-district Handa(District Bikaner) from Sub-district Kolayat(District Bikaner) in Rajasthan."
955868,Devdo Ki Dhani -2 Dvd,देवड़ो की ढ़ाणी - 2 डीवीडी,476,Kolayat,,000000,U,,,2025-07-20,2025-08-04,1,"The Village Khariya Malinath(69541),Khajora(69569),Nokhra(69535),Siyana Jodhasar(69561),Khikhniya Kundaliyan(69548),Khariya Patawatan(69538)...etc  has been shifted to Sub-district Handa(District Bikaner) from Sub-district Kolayat(District Bikaner) in Rajasthan."
955870,Girajsar-3 Dvd,गिराजसर - 3 डीवीडी,476,Kolayat,,000000,U,,,2025-07-20,2025-08-04,1,"The Village Khariya Malinath(69541),Khajora(69569),Nokhra(69535),Siyana Jodhasar(69561),Khikhniya Kundaliyan(69548),Khariya Patawatan(69538)...etc  has been shifted to Sub-district Handa(District Bikaner) from Sub-district Kolayat(District Bikaner) in Rajasthan."
955871,Kumharo Ki Dhani -2 Pwm,कुम्हारों की ढ़ाणी - 2 पीडब्ल्लू एम,476,Kolayat,,000000,U,,,2025-07-20,2025-08-04,1,"The Village Khariya Malinath(69541),Khajora(69569),Nokhra(69535),Siyana Jodhasar(69561),Khikhniya Kundaliyan(69548),Khariya Patawatan(69538)...etc  has been shifted to Sub-district Handa(District Bikaner) from Sub-district Kolayat(District Bikaner) in Rajasthan."
955872,Beathnok -18 Gsd,बीठनोक - 18 जीएसडी,476,Kolayat,,000000,U,,,2025-07-20,2025-08-04,1,"The Village Khariya Malinath(69541),Khajora(69569),Nokhra(69535),Siyana Jodhasar(69561),Khikhniya Kundaliyan(69548),Khariya Patawatan(69538)...etc  has been shifted to Sub-district Handa(District Bikaner) from Sub-district Kolayat(District Bikaner) in Rajasthan."
955873,Lumbasar -11 Lsd A,लुम्बासर - 11 एल एस डी ए,476,Kolayat,,000000,U,,,2025-07-20,2025-08-04,1,"The Village Khariya Malinath(69541),Khajora(69569),Nokhra(69535),Siyana Jodhasar(69561),Khikhniya Kundaliyan(69548),Khariya Patawatan(69538)...etc  has been shifted to Sub-district Handa(District Bikaner) from Sub-district Kolayat(District Bikaner) in Rajasthan."
955874,Anganeu -14 Agm,अंगनेउ - 14 ए जी एम,476,Kolayat,,000000,U,,,2025-07-20,2025-08-04,1,"The Village Khariya Malinath(69541),Khajora(69569),Nokhra(69535),Siyana Jodhasar(69561),Khikhniya Kundaliyan(69548),Khariya Patawatan(69538)...etc  has been shifted to Sub-district Handa(District Bikaner) from Sub-district Kolayat(District Bikaner) in Rajasthan."
955875,Nokha Urf Daiya -1 Sjd,नोखा उर्फ़ दैया - 1 एसजेडी,476,Kolayat,,000000,U,,,2025-07-20,2025-08-04,1,"The Village Khariya Malinath(69541),Khajora(69569),Nokhra(69535),Siyana Jodhasar(69561),Khikhniya Kundaliyan(69548),Khariya Patawatan(69538)...etc  has been shifted to Sub-district Handa(District Bikaner) from Sub-district Kolayat(District Bikaner) in Rajasthan."
955876,Surjada -10 Lsd,सुरजडा - 10 एल एस डी,476,Kolayat,,000000,U,,,2025-07-20,2025-08-04,1,"The Village Khariya Malinath(69541),Khajora(69569),Nokhra(69535),Siyana Jodhasar(69561),Khikhniya Kundaliyan(69548),Khariya Patawatan(69538)...etc  has been shifted to Sub-district Handa(District Bikaner) from Sub-district Kolayat(District Bikaner) in Rajasthan."
955877,Devdo Ki Dhani -1 Dvd,देवड़ो की ढ़ाणी - 1 डीवीडी,476,Kolayat,,000000,U,,,2025-07-20,2025-08-04,1,"The Village Khariya Malinath(69541),Khajora(69569),Nokhra(69535),Siyana Jodhasar(69561),Khikhniya Kundaliyan(69548),Khariya Patawatan(69538)...etc  has been shifted to Sub-district Handa(District Bikaner) from Sub-district Kolayat(District Bikaner) in Rajasthan."
955878,Beathnok -26 Gsd,बीठनोक - 26 जीएसडी,476,Kolayat,,000000,U,,,2025-07-20,2025-08-04,1,"The Village Khariya Malinath(69541),Khajora(69569),Nokhra(69535),Siyana Jodhasar(69561),Khikhniya Kundaliyan(69548),Khariya Patawatan(69538)...etc  has been shifted to Sub-district Handa(District Bikaner) from Sub-district Kolayat(District Bikaner) in Rajasthan."
955881,Ranasar -14 Sjd,राणासर - 14 एसजेडी,476,Kolayat,,000000,U,,,2025-07-20,2025-08-04,1,"The Village Khariya Malinath(69541),Khajora(69569),Nokhra(69535),Siyana Jodhasar(69561),Khikhniya Kundaliyan(69548),Khariya Patawatan(69538)...etc  has been shifted to Sub-district Handa(District Bikaner) from Sub-district Kolayat(District Bikaner) in Rajasthan."
955883,Randhisar -5 Sjd A,रणधीसर - 5 एसजेडी ए,476,Kolayat,,000000,U,,,2025-07-20,2025-08-04,1,"The Village Khariya Malinath(69541),Khajora(69569),Nokhra(69535),Siyana Jodhasar(69561),Khikhniya Kundaliyan(69548),Khariya Patawatan(69538)...etc  has been shifted to Sub-district Handa(District Bikaner) from Sub-district Kolayat(District Bikaner) in Rajasthan."
955885,Ranasar -18 Sjd,राणासर - 18 एसजेडी,476,Kolayat,,000000,U,,,2025-07-20,2025-08-04,1,"The Village Khariya Malinath(69541),Khajora(69569),Nokhra(69535),Siyana Jodhasar(69561),Khikhniya Kundaliyan(69548),Khariya Patawatan(69538)...etc  has been shifted to Sub-district Handa(District Bikaner) from Sub-district Kolayat(District Bikaner) in Rajasthan."
955886,Solankiyo Ki Dhani -4 Khd,सोलंकि यो की ढ़ाणी - 4 केएचडी,476,Kolayat,,000000,U,,,2025-07-20,2025-08-04,1,"The Village Khariya Malinath(69541),Khajora(69569),Nokhra(69535),Siyana Jodhasar(69561),Khikhniya Kundaliyan(69548),Khariya Patawatan(69538)...etc  has been shifted to Sub-district Handa(District Bikaner) from Sub-district Kolayat(District Bikaner) in Rajasthan."
955889,Devdo Ki Dhani -2 Kld,देवड़ो की ढ़ाणी - 2 केएलडी,476,Kolayat,,000000,U,,,2025-07-20,2025-08-04,1,"The Village Khariya Malinath(69541),Khajora(69569),Nokhra(69535),Siyana Jodhasar(69561),Khikhniya Kundaliyan(69548),Khariya Patawatan(69538)...etc  has been shifted to Sub-district Handa(District Bikaner) from Sub-district Kolayat(District Bikaner) in Rajasthan."
955890,Surjada -7 Lsd,सुरजडा - 7 एल एस डी,476,Kolayat,,000000,U,,,2025-07-20,2025-08-04,1,"The Village Khariya Malinath(69541),Khajora(69569),Nokhra(69535),Siyana Jodhasar(69561),Khikhniya Kundaliyan(69548),Khariya Patawatan(69538)...etc  has been shifted to Sub-district Handa(District Bikaner) from Sub-district Kolayat(District Bikaner) in Rajasthan."
955891,Beathnok -26 Gsd,बीठनोक - 26 जीएसडी,476,Kolayat,,000000,U,,,2025-07-20,2025-08-04,1,"The Village Khariya Malinath(69541),Khajora(69569),Nokhra(69535),Siyana Jodhasar(69561),Khikhniya Kundaliyan(69548),Khariya Patawatan(69538)...etc  has been shifted to Sub-district Handa(District Bikaner) from Sub-district Kolayat(District Bikaner) in Rajasthan."
955894,Beathnok -18 Gsd A,बीठनोक - 18 जीएसडी ए,476,Kolayat,,000000,U,,,2025-07-20,2025-08-04,1,"The Village Khariya Malinath(69541),Khajora(69569),Nokhra(69535),Siyana Jodhasar(69561),Khikhniya Kundaliyan(69548),Khariya Patawatan(69538)...etc  has been shifted to Sub-district Handa(District Bikaner) from Sub-district Kolayat(District Bikaner) in Rajasthan."
955896,Ranasar -13 Sjd,राणासर - 13 एसजेडी,476,Kolayat,,000000,U,,,2025-07-20,2025-08-04,1,"The Village Khariya Malinath(69541),Khajora(69569),Nokhra(69535),Siyana Jodhasar(69561),Khikhniya Kundaliyan(69548),Khariya Patawatan(69538)...etc  has been shifted to Sub-district Handa(District Bikaner) from Sub-district Kolayat(District Bikaner) in Rajasthan."
955897,Randhisar -6 Sjd A,रणधीसर - 6 एसजेडी ए,476,Kolayat,,000000,U,,,2025-07-20,2025-08-04,1,"The Village Khariya Malinath(69541),Khajora(69569),Nokhra(69535),Siyana Jodhasar(69561),Khikhniya Kundaliyan(69548),Khariya Patawatan(69538)...etc  has been shifted to Sub-district Handa(District Bikaner) from Sub-district Kolayat(District Bikaner) in Rajasthan."
955899,Surjada -9 Lsd A,सुरजडा - 9 एल एस डी ए,476,Kolayat,,000000,U,,,2025-07-20,2025-08-04,1,"The Village Khariya Malinath(69541),Khajora(69569),Nokhra(69535),Siyana Jodhasar(69561),Khikhniya Kundaliyan(69548),Khariya Patawatan(69538)...etc  has been shifted to Sub-district Handa(District Bikaner) from Sub-district Kolayat(District Bikaner) in Rajasthan."
955902,Beathnok -19 Gsd A,बीठनोक - 19 जीएसडी ए,476,Kolayat,,000000,U,,,2025-07-20,2025-08-04,1,"The Village Khariya Malinath(69541),Khajora(69569),Nokhra(69535),Siyana Jodhasar(69561),Khikhniya Kundaliyan(69548),Khariya Patawatan(69538)...etc  has been shifted to Sub-district Handa(District Bikaner) from Sub-district Kolayat(District Bikaner) in Rajasthan."
955906,Surjada - 11 Sjd B,सुरजडा - 11 एस जे डी बी,476,Kolayat,,000000,U,,,2025-07-20,2025-08-04,1,"The Village Khariya Malinath(69541),Khajora(69569),Nokhra(69535),Siyana Jodhasar(69561),Khikhniya Kundaliyan(69548),Khariya Patawatan(69538)...etc  has been shifted to Sub-district Handa(District Bikaner) from Sub-district Kolayat(District Bikaner) in Rajasthan."
955908,Beathnok -2 Bnm,बीठनोक - 2 बीएनएम,476,Kolayat,,000000,U,,,2025-07-20,2025-08-04,1,"The Village Khariya Malinath(69541),Khajora(69569),Nokhra(69535),Siyana Jodhasar(69561),Khikhniya Kundaliyan(69548),Khariya Patawatan(69538)...etc  has been shifted to Sub-district Handa(District Bikaner) from Sub-district Kolayat(District Bikaner) in Rajasthan."
955910,Girajsar -3 Dvd A,गिराजसर - 3 डीवीडी ए,476,Kolayat,,000000,U,,,2025-07-20,2025-08-04,1,"The Village Khariya Malinath(69541),Khajora(69569),Nokhra(69535),Siyana Jodhasar(69561),Khikhniya Kundaliyan(69548),Khariya Patawatan(69538)...etc  has been shifted to Sub-district Handa(District Bikaner) from Sub-district Kolayat(District Bikaner) in Rajasthan."
955911,Devdo Ki Dhani -3 Kld,देवड़ो की ढ़ाणी - 3 केएलडी,476,Kolayat,,000000,U,,,2025-07-20,2025-08-04,1,"The Village Khariya Malinath(69541),Khajora(69569),Nokhra(69535),Siyana Jodhasar(69561),Khikhniya Kundaliyan(69548),Khariya Patawatan(69538)...etc  has been shifted to Sub-district Handa(District Bikaner) from Sub-district Kolayat(District Bikaner) in Rajasthan."
955913,Ranasar -13 Sjd A,राणासर - 13 एसजेडी ए,476,Kolayat,,000000,U,,,2025-07-20,2025-08-04,1,"The Village Khariya Malinath(69541),Khajora(69569),Nokhra(69535),Siyana Jodhasar(69561),Khikhniya Kundaliyan(69548),Khariya Patawatan(69538)...etc  has been shifted to Sub-district Handa(District Bikaner) from Sub-district Kolayat(District Bikaner) in Rajasthan."
955914,Randhisar -5 Sjd,रणधीसर - 5 एसजेडी,476,Kolayat,,000000,U,,,2025-07-20,2025-08-04,1,"The Village Khariya Malinath(69541),Khajora(69569),Nokhra(69535),Siyana Jodhasar(69561),Khikhniya Kundaliyan(69548),Khariya Patawatan(69538)...etc  has been shifted to Sub-district Handa(District Bikaner) from Sub-district Kolayat(District Bikaner) in Rajasthan."
955917,Girajsar -4 Dvd,गिराजसर - 4 डीवीडी,476,Kolayat,,000000,U,,,2025-07-20,2025-08-04,1,"The Village Khariya Malinath(69541),Khajora(69569),Nokhra(69535),Siyana Jodhasar(69561),Khikhniya Kundaliyan(69548),Khariya Patawatan(69538)...etc  has been shifted to Sub-district Handa(District Bikaner) from Sub-district Kolayat(District Bikaner) in Rajasthan."
955918,Surjada -1 Bnm A,सुरजडा - 1 बी एन एम ए,476,Kolayat,,000000,U,,,2025-07-20,2025-08-04,1,"The Village Khariya Malinath(69541),Khajora(69569),Nokhra(69535),Siyana Jodhasar(69561),Khikhniya Kundaliyan(69548),Khariya Patawatan(69538)...etc  has been shifted to Sub-district Handa(District Bikaner) from Sub-district Kolayat(District Bikaner) in Rajasthan."
955919,Beathnok -14 Nbm,बीठनोक - 14 एनबीएम,476,Kolayat,,000000,U,,,2025-07-20,2025-08-04,1,"The Village Khariya Malinath(69541),Khajora(69569),Nokhra(69535),Siyana Jodhasar(69561),Khikhniya Kundaliyan(69548),Khariya Patawatan(69538)...etc  has been shifted to Sub-district Handa(District Bikaner) from Sub-district Kolayat(District Bikaner) in Rajasthan."
955921,Lumbasar -12 Lsd,लुम्बासर - 12 एल एस डी,476,Kolayat,,000000,U,,,2025-07-20,2025-08-04,1,"The Village Khariya Malinath(69541),Khajora(69569),Nokhra(69535),Siyana Jodhasar(69561),Khikhniya Kundaliyan(69548),Khariya Patawatan(69538)...etc  has been shifted to Sub-district Handa(District Bikaner) from Sub-district Kolayat(District Bikaner) in Rajasthan."
955967,Surjada -8 Lsd A,सुरजडा -8 एल एस डी ए,476,Kolayat,,000000,U,,,2025-07-20,2025-08-05,1,"The Village Khariya Malinath(69541),Khajora(69569),Nokhra(69535),Siyana Jodhasar(69561),Khikhniya Kundaliyan(69548),Khariya Patawatan(69538)...etc  has been shifted to Sub-district Handa(District Bikaner) from Sub-district Kolayat(District Bikaner) in Rajasthan."
955968,Lakhasar -18 Lsd A,लखासर - 18 एलएसडी ए,476,Kolayat,,000000,U,,,2025-07-20,2025-08-05,1,"The Village Khariya Malinath(69541),Khajora(69569),Nokhra(69535),Siyana Jodhasar(69561),Khikhniya Kundaliyan(69548),Khariya Patawatan(69538)...etc  has been shifted to Sub-district Handa(District Bikaner) from Sub-district Kolayat(District Bikaner) in Rajasthan."
955969,Girajsar -4 Dvd A,गिराजसर - 4 डी वी डी ए,476,Kolayat,,000000,U,,,2025-07-20,2025-08-05,1,"The Village Khariya Malinath(69541),Khajora(69569),Nokhra(69535),Siyana Jodhasar(69561),Khikhniya Kundaliyan(69548),Khariya Patawatan(69538)...etc  has been shifted to Sub-district Handa(District Bikaner) from Sub-district Kolayat(District Bikaner) in Rajasthan."
955970,Beathnok -6 Bnm A,बीठनोक - 6 बीएनएम ए,476,Kolayat,,000000,U,,,2025-07-20,2025-08-05,1,"The Village Khariya Malinath(69541),Khajora(69569),Nokhra(69535),Siyana Jodhasar(69561),Khikhniya Kundaliyan(69548),Khariya Patawatan(69538)...etc  has been shifted to Sub-district Handa(District Bikaner) from Sub-district Kolayat(District Bikaner) in Rajasthan."
955971,Surjada -6 Agm,सुरजडा - 6 ए जी एम,476,Kolayat,,000000,U,,,2025-07-20,2025-08-05,1,"The Village Khariya Malinath(69541),Khajora(69569),Nokhra(69535),Siyana Jodhasar(69561),Khikhniya Kundaliyan(69548),Khariya Patawatan(69538)...etc  has been shifted to Sub-district Handa(District Bikaner) from Sub-district Kolayat(District Bikaner) in Rajasthan."
955972,Beathnok -9 Gsd,बीठनोक - 9 जीएसडी,476,Kolayat,,000000,U,,,2025-07-20,2025-08-05,1,"The Village Khariya Malinath(69541),Khajora(69569),Nokhra(69535),Siyana Jodhasar(69561),Khikhniya Kundaliyan(69548),Khariya Patawatan(69538)...etc  has been shifted to Sub-district Handa(District Bikaner) from Sub-district Kolayat(District Bikaner) in Rajasthan."
955973,Surjada-9 Lsd,सुरजडा - 9 एल एस डी,476,Kolayat,,000000,U,,,2025-07-20,2025-08-05,1,"The Village Khariya Malinath(69541),Khajora(69569),Nokhra(69535),Siyana Jodhasar(69561),Khikhniya Kundaliyan(69548),Khariya Patawatan(69538)...etc  has been shifted to Sub-district Handa(District Bikaner) from Sub-district Kolayat(District Bikaner) in Rajasthan."
955975,Surjada -10 Lsd A,सुरजडा - 10 एल एस डी ए,476,Kolayat,,000000,U,,,2025-07-20,2025-08-05,1,"The Village Khariya Malinath(69541),Khajora(69569),Nokhra(69535),Siyana Jodhasar(69561),Khikhniya Kundaliyan(69548),Khariya Patawatan(69538)...etc  has been shifted to Sub-district Handa(District Bikaner) from Sub-district Kolayat(District Bikaner) in Rajasthan."
955979,Beathnok -12 Gsd,बीठनोक - 12 जीएसडी,476,Kolayat,,000000,U,,,2025-07-20,2025-08-05,1,"The Village Khariya Malinath(69541),Khajora(69569),Nokhra(69535),Siyana Jodhasar(69561),Khikhniya Kundaliyan(69548),Khariya Patawatan(69538)...etc  has been shifted to Sub-district Handa(District Bikaner) from Sub-district Kolayat(District Bikaner) in Rajasthan."
955985,Beathnok -11 Gsd,बीठनोक - 11 जीएसडी,476,Kolayat,,000000,U,,,2025-07-20,2025-08-05,1,"The Village Khariya Malinath(69541),Khajora(69569),Nokhra(69535),Siyana Jodhasar(69561),Khikhniya Kundaliyan(69548),Khariya Patawatan(69538)...etc  has been shifted to Sub-district Handa(District Bikaner) from Sub-district Kolayat(District Bikaner) in Rajasthan."
955987,Beathnok -27 Gsd,बीठनोक - 27 जीएसडी,476,Kolayat,,000000,U,,,2025-07-20,2025-08-05,1,"The Village Khariya Malinath(69541),Khajora(69569),Nokhra(69535),Siyana Jodhasar(69561),Khikhniya Kundaliyan(69548),Khariya Patawatan(69538)...etc  has been shifted to Sub-district Handa(District Bikaner) from Sub-district Kolayat(District Bikaner) in Rajasthan."
955988,Beathnok -19 Gsd,बीठनोक - 19जी एस डी,476,Kolayat,,000000,U,,,2025-07-20,2025-08-06,1,"The Village Khariya Malinath(69541),Khajora(69569),Nokhra(69535),Siyana Jodhasar(69561),Khikhniya Kundaliyan(69548),Khariya Patawatan(69538)...etc  has been shifted to Sub-district Handa(District Bikaner) from Sub-district Kolayat(District Bikaner) in Rajasthan."
960165,Rin Madh,रिण मढ,476,Kolayat,,000000,I,,,2025-03-19,2026-02-11,1,"The Village Khariya Malinath(69541),Khajora(69569),Nokhra(69535),Siyana Jodhasar(69561),Khikhniya Kundaliyan(69548),Khariya Patawatan(69538)...etc  has been shifted to Sub-district Handa(District Bikaner) from Sub-district Kolayat(District Bikaner) in Rajasthan."
960250,Bikana Nagar,बीकाणा नगर,476,Kolayat,,000000,I,,,2025-03-19,2026-02-12,1,"The Village Khariya Malinath(69541),Khajora(69569),Nokhra(69535),Siyana Jodhasar(69561),Khikhniya Kundaliyan(69548),Khariya Patawatan(69538)...etc  has been shifted to Sub-district Handa(District Bikaner) from Sub-district Kolayat(District Bikaner) in Rajasthan."
960253,Dhurkot Nagar,धूरकोट नगर,476,Kolayat,,000000,I,,,2025-03-19,2026-02-12,1,"The Village Khariya Malinath(69541),Khajora(69569),Nokhra(69535),Siyana Jodhasar(69561),Khikhniya Kundaliyan(69548),Khariya Patawatan(69538)...etc  has been shifted to Sub-district Handa(District Bikaner) from Sub-district Kolayat(District Bikaner) in Rajasthan."
961575,Nayaganv Magra,नयागांव मगरा,476,Kolayat,,000000,I,,,2025-03-19,2026-04-16,1,"The Village Khariya Malinath(69541),Khajora(69569),Nokhra(69535),Siyana Jodhasar(69561),Khikhniya Kundaliyan(69548),Khariya Patawatan(69538)...etc  has been shifted to Sub-district Handa(District Bikaner) from Sub-district Kolayat(District Bikaner) in Rajasthan."
69574,Jaisingh Desar Magra,,477,Nokha,00545700,069574,I,,,2005-01-01,2005-01-01,1,"The Village Thawariya(69701),Sinyala(69643),Udsar(69652),Bhagwanpura(69718),Baasi Udavtan(69597),Bidasariya(69591)...etc  has been shifted to Sub-district Jasrasar(District Bikaner) from Sub-district Nokha(District Bikaner) in Rajasthan."
69575,Pithrasar,,477,Nokha,00545800,069575,I,,,2005-01-01,2005-01-01,1,"The Village Thawariya(69701),Sinyala(69643),Udsar(69652),Bhagwanpura(69718),Baasi Udavtan(69597),Bidasariya(69591)...etc  has been shifted to Sub-district Jasrasar(District Bikaner) from Sub-district Nokha(District Bikaner) in Rajasthan."
69576,Jangloo,,477,Nokha,00545900,069576,I,,,2005-01-01,2005-01-01,1,"The Village Thawariya(69701),Sinyala(69643),Udsar(69652),Bhagwanpura(69718),Baasi Udavtan(69597),Bidasariya(69591)...etc  has been shifted to Sub-district Jasrasar(District Bikaner) from Sub-district Nokha(District Bikaner) in Rajasthan."
69577,Jegla Gogliyan,,477,Nokha,00546000,069577,I,,,2005-01-01,2005-01-01,1,"The Village Thawariya(69701),Sinyala(69643),Udsar(69652),Bhagwanpura(69718),Baasi Udavtan(69597),Bidasariya(69591)...etc  has been shifted to Sub-district Jasrasar(District Bikaner) from Sub-district Nokha(District Bikaner) in Rajasthan."
69578,Jegla Panna Daroga,,477,Nokha,00546100,069578,I,,,2005-01-01,2005-01-01,1,"The Village Thawariya(69701),Sinyala(69643),Udsar(69652),Bhagwanpura(69718),Baasi Udavtan(69597),Bidasariya(69591)...etc  has been shifted to Sub-district Jasrasar(District Bikaner) from Sub-district Nokha(District Bikaner) in Rajasthan."
69579,Rasisar Purohitan Baas,,477,Nokha,00546200,069579,I,,,2014-03-24,2014-03-24,2,"The Village Thawariya(69701),Sinyala(69643),Udsar(69652),Bhagwanpura(69718),Baasi Udavtan(69597),Bidasariya(69591)...etc  has been shifted to Sub-district Jasrasar(District Bikaner) from Sub-district Nokha(District Bikaner) in Rajasthan."
69580,Rasisar Bada Baas,,477,Nokha,00546300,069580,I,,,2014-03-24,2014-03-24,2,"The Village Thawariya(69701),Sinyala(69643),Udsar(69652),Bhagwanpura(69718),Baasi Udavtan(69597),Bidasariya(69591)...etc  has been shifted to Sub-district Jasrasar(District Bikaner) from Sub-district Nokha(District Bikaner) in Rajasthan."
69581,Rasisar Talariya Baas,,477,Nokha,00546400,069581,I,,,2014-03-24,2014-03-24,2,"The Village Thawariya(69701),Sinyala(69643),Udsar(69652),Bhagwanpura(69718),Baasi Udavtan(69597),Bidasariya(69591)...etc  has been shifted to Sub-district Jasrasar(District Bikaner) from Sub-district Nokha(District Bikaner) in Rajasthan."
69582,Rasisar Panchayati Baas,,477,Nokha,00546500,069582,I,,,2014-03-24,2014-03-24,2,"The Village Thawariya(69701),Sinyala(69643),Udsar(69652),Bhagwanpura(69718),Baasi Udavtan(69597),Bidasariya(69591)...etc  has been shifted to Sub-district Jasrasar(District Bikaner) from Sub-district Nokha(District Bikaner) in Rajasthan."
69583,Sowa,,477,Nokha,00546600,069583,I,,,2005-01-01,2005-01-01,1,"The Village Thawariya(69701),Sinyala(69643),Udsar(69652),Bhagwanpura(69718),Baasi Udavtan(69597),Bidasariya(69591)...etc  has been shifted to Sub-district Jasrasar(District Bikaner) from Sub-district Nokha(District Bikaner) in Rajasthan."
69584,Gajroopdesar,,477,Nokha,00546700,069584,I,,,2005-01-01,2005-01-01,1,"The Village Thawariya(69701),Sinyala(69643),Udsar(69652),Bhagwanpura(69718),Baasi Udavtan(69597),Bidasariya(69591)...etc  has been shifted to Sub-district Jasrasar(District Bikaner) from Sub-district Nokha(District Bikaner) in Rajasthan."
69600,Kukaniya,,477,Nokha,00548300,069600,I,,,2014-03-24,2014-03-24,2,"The Village Thawariya(69701),Sinyala(69643),Udsar(69652),Bhagwanpura(69718),Baasi Udavtan(69597),Bidasariya(69591)...etc  has been shifted to Sub-district Jasrasar(District Bikaner) from Sub-district Nokha(District Bikaner) in Rajasthan."
69601,Sindhu,,477,Nokha,00548400,069601,I,,,2005-01-01,2005-01-01,1,"The Village Thawariya(69701),Sinyala(69643),Udsar(69652),Bhagwanpura(69718),Baasi Udavtan(69597),Bidasariya(69591)...etc  has been shifted to Sub-district Jasrasar(District Bikaner) from Sub-district Nokha(District Bikaner) in Rajasthan."
69602,Morkhana Aguna,,477,Nokha,00548500,069602,I,,,2014-03-24,2014-03-24,2,"The Village Thawariya(69701),Sinyala(69643),Udsar(69652),Bhagwanpura(69718),Baasi Udavtan(69597),Bidasariya(69591)...etc  has been shifted to Sub-district Jasrasar(District Bikaner) from Sub-district Nokha(District Bikaner) in Rajasthan."
69603,Morkhana Athuna,,477,Nokha,00548600,069603,I,,,2014-03-24,2014-03-24,2,"The Village Thawariya(69701),Sinyala(69643),Udsar(69652),Bhagwanpura(69718),Baasi Udavtan(69597),Bidasariya(69591)...etc  has been shifted to Sub-district Jasrasar(District Bikaner) from Sub-district Nokha(District Bikaner) in Rajasthan."
69604,Manaksar,,477,Nokha,00548700,069604,I,,,2005-01-01,2005-01-01,1,"The Village Thawariya(69701),Sinyala(69643),Udsar(69652),Bhagwanpura(69718),Baasi Udavtan(69597),Bidasariya(69591)...etc  has been shifted to Sub-district Jasrasar(District Bikaner) from Sub-district Nokha(District Bikaner) in Rajasthan."
69605,Bhom Kirtasar,,477,Nokha,00548800,069605,I,,,2005-01-01,2005-01-01,1,"The Village Thawariya(69701),Sinyala(69643),Udsar(69652),Bhagwanpura(69718),Baasi Udavtan(69597),Bidasariya(69591)...etc  has been shifted to Sub-district Jasrasar(District Bikaner) from Sub-district Nokha(District Bikaner) in Rajasthan."
69606,Kirtasar,,477,Nokha,00548900,069606,I,,,2005-01-01,2005-01-01,1,"The Village Thawariya(69701),Sinyala(69643),Udsar(69652),Bhagwanpura(69718),Baasi Udavtan(69597),Bidasariya(69591)...etc  has been shifted to Sub-district Jasrasar(District Bikaner) from Sub-district Nokha(District Bikaner) in Rajasthan."
69607,Sinjguru,SINJGURU,477,Nokha,00549000,069607,I,,,2014-11-05,2014-11-05,3,"The Village Thawariya(69701),Sinyala(69643),Udsar(69652),Bhagwanpura(69718),Baasi Udavtan(69597),Bidasariya(69591)...etc  has been shifted to Sub-district Jasrasar(District Bikaner) from Sub-district Nokha(District Bikaner) in Rajasthan."
69608,Surpura,,477,Nokha,00549100,069608,I,,,2014-03-24,2014-03-24,2,"The Village Thawariya(69701),Sinyala(69643),Udsar(69652),Bhagwanpura(69718),Baasi Udavtan(69597),Bidasariya(69591)...etc  has been shifted to Sub-district Jasrasar(District Bikaner) from Sub-district Nokha(District Bikaner) in Rajasthan."
69609,Parwa,,477,Nokha,00549200,069609,I,,,2005-01-01,2005-01-01,1,"The Village Thawariya(69701),Sinyala(69643),Udsar(69652),Bhagwanpura(69718),Baasi Udavtan(69597),Bidasariya(69591)...etc  has been shifted to Sub-district Jasrasar(District Bikaner) from Sub-district Nokha(District Bikaner) in Rajasthan."
69610,Bhamatsar,,477,Nokha,00549300,069610,I,,,2005-01-01,2005-01-01,1,"The Village Thawariya(69701),Sinyala(69643),Udsar(69652),Bhagwanpura(69718),Baasi Udavtan(69597),Bidasariya(69591)...etc  has been shifted to Sub-district Jasrasar(District Bikaner) from Sub-district Nokha(District Bikaner) in Rajasthan."
69611,Manyana,,477,Nokha,00549400,069611,I,,,2005-01-01,2005-01-01,1,"The Village Thawariya(69701),Sinyala(69643),Udsar(69652),Bhagwanpura(69718),Baasi Udavtan(69597),Bidasariya(69591)...etc  has been shifted to Sub-district Jasrasar(District Bikaner) from Sub-district Nokha(District Bikaner) in Rajasthan."
69612,Desalsar Purohitan,,477,Nokha,00549500,069612,I,,,2005-01-01,2005-01-01,1,"The Village Thawariya(69701),Sinyala(69643),Udsar(69652),Bhagwanpura(69718),Baasi Udavtan(69597),Bidasariya(69591)...etc  has been shifted to Sub-district Jasrasar(District Bikaner) from Sub-district Nokha(District Bikaner) in Rajasthan."
69613,Desalsar Mandlawatan,,477,Nokha,00549600,069613,I,,,2005-01-01,2005-01-01,1,"The Village Thawariya(69701),Sinyala(69643),Udsar(69652),Bhagwanpura(69718),Baasi Udavtan(69597),Bidasariya(69591)...etc  has been shifted to Sub-district Jasrasar(District Bikaner) from Sub-district Nokha(District Bikaner) in Rajasthan."
69614,Desalsar Bhatiyan,,477,Nokha,00549700,069614,I,,,2005-01-01,2005-01-01,1,"The Village Thawariya(69701),Sinyala(69643),Udsar(69652),Bhagwanpura(69718),Baasi Udavtan(69597),Bidasariya(69591)...etc  has been shifted to Sub-district Jasrasar(District Bikaner) from Sub-district Nokha(District Bikaner) in Rajasthan."
69615,Kisnasar,,477,Nokha,00549800,069615,I,,,2005-01-01,2005-01-01,1,"The Village Thawariya(69701),Sinyala(69643),Udsar(69652),Bhagwanpura(69718),Baasi Udavtan(69597),Bidasariya(69591)...etc  has been shifted to Sub-district Jasrasar(District Bikaner) from Sub-district Nokha(District Bikaner) in Rajasthan."
69616,Dhingasari,,477,Nokha,00549900,069616,I,,,2014-03-24,2014-03-24,2,"The Village Thawariya(69701),Sinyala(69643),Udsar(69652),Bhagwanpura(69718),Baasi Udavtan(69597),Bidasariya(69591)...etc  has been shifted to Sub-district Jasrasar(District Bikaner) from Sub-district Nokha(District Bikaner) in Rajasthan."
69617,Sharah Teliya,,477,Nokha,00550000,069617,I,,,2005-01-01,2005-01-01,1,"The Village Thawariya(69701),Sinyala(69643),Udsar(69652),Bhagwanpura(69718),Baasi Udavtan(69597),Bidasariya(69591)...etc  has been shifted to Sub-district Jasrasar(District Bikaner) from Sub-district Nokha(District Bikaner) in Rajasthan."
69618,Bandhala,,477,Nokha,00550100,069618,I,,,2005-01-01,2005-01-01,1,"The Village Thawariya(69701),Sinyala(69643),Udsar(69652),Bhagwanpura(69718),Baasi Udavtan(69597),Bidasariya(69591)...etc  has been shifted to Sub-district Jasrasar(District Bikaner) from Sub-district Nokha(District Bikaner) in Rajasthan."
69619,Muridsar,,477,Nokha,00550200,069619,I,,,2014-03-24,2014-03-24,2,"The Village Thawariya(69701),Sinyala(69643),Udsar(69652),Bhagwanpura(69718),Baasi Udavtan(69597),Bidasariya(69591)...etc  has been shifted to Sub-district Jasrasar(District Bikaner) from Sub-district Nokha(District Bikaner) in Rajasthan."
69620,Munjasar,,477,Nokha,00550300,069620,I,,,2005-01-01,2005-01-01,1,"The Village Thawariya(69701),Sinyala(69643),Udsar(69652),Bhagwanpura(69718),Baasi Udavtan(69597),Bidasariya(69591)...etc  has been shifted to Sub-district Jasrasar(District Bikaner) from Sub-district Nokha(District Bikaner) in Rajasthan."
69621,Shrah Kalasar,,477,Nokha,00550400,069621,I,,,2014-03-24,2014-03-24,2,"The Village Thawariya(69701),Sinyala(69643),Udsar(69652),Bhagwanpura(69718),Baasi Udavtan(69597),Bidasariya(69591)...etc  has been shifted to Sub-district Jasrasar(District Bikaner) from Sub-district Nokha(District Bikaner) in Rajasthan."
69622,Meghasar,,477,Nokha,00550500,069622,I,,,2005-01-01,2005-01-01,1,"The Village Thawariya(69701),Sinyala(69643),Udsar(69652),Bhagwanpura(69718),Baasi Udavtan(69597),Bidasariya(69591)...etc  has been shifted to Sub-district Jasrasar(District Bikaner) from Sub-district Nokha(District Bikaner) in Rajasthan."
69623,Sathika,,477,Nokha,00550600,069623,I,,,2014-03-24,2014-03-24,2,"The Village Thawariya(69701),Sinyala(69643),Udsar(69652),Bhagwanpura(69718),Baasi Udavtan(69597),Bidasariya(69591)...etc  has been shifted to Sub-district Jasrasar(District Bikaner) from Sub-district Nokha(District Bikaner) in Rajasthan."
69624,Shrah Manksar,,477,Nokha,00550700,069624,I,,,2014-03-24,2014-03-24,2,"The Village Thawariya(69701),Sinyala(69643),Udsar(69652),Bhagwanpura(69718),Baasi Udavtan(69597),Bidasariya(69591)...etc  has been shifted to Sub-district Jasrasar(District Bikaner) from Sub-district Nokha(District Bikaner) in Rajasthan."
69625,Ratdiya,,477,Nokha,00550800,069625,I,,,2014-03-24,2014-03-24,2,"The Village Thawariya(69701),Sinyala(69643),Udsar(69652),Bhagwanpura(69718),Baasi Udavtan(69597),Bidasariya(69591)...etc  has been shifted to Sub-district Jasrasar(District Bikaner) from Sub-district Nokha(District Bikaner) in Rajasthan."
69626,Dharnok,,477,Nokha,00550900,069626,I,,,2005-01-01,2005-01-01,1,"The Village Thawariya(69701),Sinyala(69643),Udsar(69652),Bhagwanpura(69718),Baasi Udavtan(69597),Bidasariya(69591)...etc  has been shifted to Sub-district Jasrasar(District Bikaner) from Sub-district Nokha(District Bikaner) in Rajasthan."
69627,Sainsar,,477,Nokha,00551000,069627,I,,,2005-01-01,2005-01-01,1,"The Village Thawariya(69701),Sinyala(69643),Udsar(69652),Bhagwanpura(69718),Baasi Udavtan(69597),Bidasariya(69591)...etc  has been shifted to Sub-district Jasrasar(District Bikaner) from Sub-district Nokha(District Bikaner) in Rajasthan."
69628,Nathusar,,477,Nokha,00551100,069628,I,,,2014-03-24,2014-03-24,2,"The Village Thawariya(69701),Sinyala(69643),Udsar(69652),Bhagwanpura(69718),Baasi Udavtan(69597),Bidasariya(69591)...etc  has been shifted to Sub-district Jasrasar(District Bikaner) from Sub-district Nokha(District Bikaner) in Rajasthan."
69629,Lumbasar,,477,Nokha,00551200,069629,I,,,2005-01-01,2005-01-01,1,"The Village Thawariya(69701),Sinyala(69643),Udsar(69652),Bhagwanpura(69718),Baasi Udavtan(69597),Bidasariya(69591)...etc  has been shifted to Sub-district Jasrasar(District Bikaner) from Sub-district Nokha(District Bikaner) in Rajasthan."
69630,Kumbhasar,,477,Nokha,00551300,069630,I,,,2005-01-01,2005-01-01,1,"The Village Thawariya(69701),Sinyala(69643),Udsar(69652),Bhagwanpura(69718),Baasi Udavtan(69597),Bidasariya(69591)...etc  has been shifted to Sub-district Jasrasar(District Bikaner) from Sub-district Nokha(District Bikaner) in Rajasthan."
69631,Panchoo,,477,Nokha,00551400,069631,I,,,2025-03-18,2026-02-11,2,"The Village Thawariya(69701),Sinyala(69643),Udsar(69652),Bhagwanpura(69718),Baasi Udavtan(69597),Bidasariya(69591)...etc  has been shifted to Sub-district Jasrasar(District Bikaner) from Sub-district Nokha(District Bikaner) in Rajasthan."
69632,Udasar,,477,Nokha,00551500,069632,I,,,2005-01-01,2005-01-01,1,"The Village Thawariya(69701),Sinyala(69643),Udsar(69652),Bhagwanpura(69718),Baasi Udavtan(69597),Bidasariya(69591)...etc  has been shifted to Sub-district Jasrasar(District Bikaner) from Sub-district Nokha(District Bikaner) in Rajasthan."
69633,Ram Nagar,,477,Nokha,00551600,069633,I,,,2005-01-01,2005-01-01,1,"The Village Thawariya(69701),Sinyala(69643),Udsar(69652),Bhagwanpura(69718),Baasi Udavtan(69597),Bidasariya(69591)...etc  has been shifted to Sub-district Jasrasar(District Bikaner) from Sub-district Nokha(District Bikaner) in Rajasthan."
69634,Kudsu,,477,Nokha,00551700,069634,I,,,2014-03-24,2014-03-24,2,"The Village Thawariya(69701),Sinyala(69643),Udsar(69652),Bhagwanpura(69718),Baasi Udavtan(69597),Bidasariya(69591)...etc  has been shifted to Sub-district Jasrasar(District Bikaner) from Sub-district Nokha(District Bikaner) in Rajasthan."
69635,Hiyadesar,,477,Nokha,00551800,069635,I,,,2005-01-01,2005-01-01,1,"The Village Thawariya(69701),Sinyala(69643),Udsar(69652),Bhagwanpura(69718),Baasi Udavtan(69597),Bidasariya(69591)...etc  has been shifted to Sub-district Jasrasar(District Bikaner) from Sub-district Nokha(District Bikaner) in Rajasthan."
69636,Nokha Gaon,NOKHA GAON,477,Nokha,00551900,069636,I,,,2014-11-05,2014-11-05,3,"The Village Thawariya(69701),Sinyala(69643),Udsar(69652),Bhagwanpura(69718),Baasi Udavtan(69597),Bidasariya(69591)...etc  has been shifted to Sub-district Jasrasar(District Bikaner) from Sub-district Nokha(District Bikaner) in Rajasthan."
69637,Budhro Ki Dhani,BUDHRO KI DHANI,477,Nokha,00552000,069637,I,,,2014-11-05,2014-11-05,3,"The Village Thawariya(69701),Sinyala(69643),Udsar(69652),Bhagwanpura(69718),Baasi Udavtan(69597),Bidasariya(69591)...etc  has been shifted to Sub-district Jasrasar(District Bikaner) from Sub-district Nokha(District Bikaner) in Rajasthan."
69638,Salundiya,,477,Nokha,00552100,069638,I,,,2005-01-01,2005-01-01,1,"The Village Thawariya(69701),Sinyala(69643),Udsar(69652),Bhagwanpura(69718),Baasi Udavtan(69597),Bidasariya(69591)...etc  has been shifted to Sub-district Jasrasar(District Bikaner) from Sub-district Nokha(District Bikaner) in Rajasthan."
69639,Ghattu,,477,Nokha,00552200,069639,I,,,2014-03-24,2014-03-24,2,"The Village Thawariya(69701),Sinyala(69643),Udsar(69652),Bhagwanpura(69718),Baasi Udavtan(69597),Bidasariya(69591)...etc  has been shifted to Sub-district Jasrasar(District Bikaner) from Sub-district Nokha(District Bikaner) in Rajasthan."
69640,Ankhisar,,477,Nokha,00552300,069640,I,,,2005-01-01,2005-01-01,1,"The Village Thawariya(69701),Sinyala(69643),Udsar(69652),Bhagwanpura(69718),Baasi Udavtan(69597),Bidasariya(69591)...etc  has been shifted to Sub-district Jasrasar(District Bikaner) from Sub-district Nokha(District Bikaner) in Rajasthan."
69641,Berasar,,477,Nokha,00552400,069641,I,,,2005-01-01,2005-01-01,1,"The Village Thawariya(69701),Sinyala(69643),Udsar(69652),Bhagwanpura(69718),Baasi Udavtan(69597),Bidasariya(69591)...etc  has been shifted to Sub-district Jasrasar(District Bikaner) from Sub-district Nokha(District Bikaner) in Rajasthan."
69642,Bkhtawarpura,,477,Nokha,00552500,069642,I,,,2014-03-24,2014-03-24,2,"The Village Thawariya(69701),Sinyala(69643),Udsar(69652),Bhagwanpura(69718),Baasi Udavtan(69597),Bidasariya(69591)...etc  has been shifted to Sub-district Jasrasar(District Bikaner) from Sub-district Nokha(District Bikaner) in Rajasthan."
69654,Himmatasar,,477,Nokha,00553600,069654,I,,,2014-03-24,2014-03-24,2,"The Village Thawariya(69701),Sinyala(69643),Udsar(69652),Bhagwanpura(69718),Baasi Udavtan(69597),Bidasariya(69591)...etc  has been shifted to Sub-district Jasrasar(District Bikaner) from Sub-district Nokha(District Bikaner) in Rajasthan."
69655,Mukam,,477,Nokha,00553700,069655,I,,,2005-01-01,2005-01-01,1,"The Village Thawariya(69701),Sinyala(69643),Udsar(69652),Bhagwanpura(69718),Baasi Udavtan(69597),Bidasariya(69591)...etc  has been shifted to Sub-district Jasrasar(District Bikaner) from Sub-district Nokha(District Bikaner) in Rajasthan."
69656,Nimbdiyasar,,477,Nokha,00553800,069656,I,,,2014-03-24,2014-03-24,2,"The Village Thawariya(69701),Sinyala(69643),Udsar(69652),Bhagwanpura(69718),Baasi Udavtan(69597),Bidasariya(69591)...etc  has been shifted to Sub-district Jasrasar(District Bikaner) from Sub-district Nokha(District Bikaner) in Rajasthan."
69657,Talwa,,477,Nokha,00553900,069657,I,,,2005-01-01,2005-01-01,1,"The Village Thawariya(69701),Sinyala(69643),Udsar(69652),Bhagwanpura(69718),Baasi Udavtan(69597),Bidasariya(69591)...etc  has been shifted to Sub-district Jasrasar(District Bikaner) from Sub-district Nokha(District Bikaner) in Rajasthan."
69658,Somalsar,,477,Nokha,00554000,069658,I,,,2005-01-01,2005-01-01,1,"The Village Thawariya(69701),Sinyala(69643),Udsar(69652),Bhagwanpura(69718),Baasi Udavtan(69597),Bidasariya(69591)...etc  has been shifted to Sub-district Jasrasar(District Bikaner) from Sub-district Nokha(District Bikaner) in Rajasthan."
69659,Madiya,,477,Nokha,00554100,069659,I,,,2005-01-01,2005-01-01,1,"The Village Thawariya(69701),Sinyala(69643),Udsar(69652),Bhagwanpura(69718),Baasi Udavtan(69597),Bidasariya(69591)...etc  has been shifted to Sub-district Jasrasar(District Bikaner) from Sub-district Nokha(District Bikaner) in Rajasthan."
69660,Bikasar,,477,Nokha,00554200,069660,I,,,2014-03-24,2014-03-24,2,"The Village Thawariya(69701),Sinyala(69643),Udsar(69652),Bhagwanpura(69718),Baasi Udavtan(69597),Bidasariya(69591)...etc  has been shifted to Sub-district Jasrasar(District Bikaner) from Sub-district Nokha(District Bikaner) in Rajasthan."
69661,Nokhamandi (Rural),,477,Nokha,00554300,069661,I,,,2014-11-05,2019-11-26,2,"The Village Thawariya(69701),Sinyala(69643),Udsar(69652),Bhagwanpura(69718),Baasi Udavtan(69597),Bidasariya(69591)...etc  has been shifted to Sub-district Jasrasar(District Bikaner) from Sub-district Nokha(District Bikaner) in Rajasthan."
69662,Rora,RORA,477,Nokha,00554400,069662,I,,,2014-11-05,2014-11-05,3,"The Village Thawariya(69701),Sinyala(69643),Udsar(69652),Bhagwanpura(69718),Baasi Udavtan(69597),Bidasariya(69591)...etc  has been shifted to Sub-district Jasrasar(District Bikaner) from Sub-district Nokha(District Bikaner) in Rajasthan."
69663,Prahlad Pura,,477,Nokha,00554400,069663,I,,,2005-01-01,2005-01-01,1,"The Village Thawariya(69701),Sinyala(69643),Udsar(69652),Bhagwanpura(69718),Baasi Udavtan(69597),Bidasariya(69591)...etc  has been shifted to Sub-district Jasrasar(District Bikaner) from Sub-district Nokha(District Bikaner) in Rajasthan."
69664,Jagrampura,,477,Nokha,00554400,069664,I,,,2005-01-01,2005-01-01,1,"The Village Thawariya(69701),Sinyala(69643),Udsar(69652),Bhagwanpura(69718),Baasi Udavtan(69597),Bidasariya(69591)...etc  has been shifted to Sub-district Jasrasar(District Bikaner) from Sub-district Nokha(District Bikaner) in Rajasthan."
69665,Govind Nagar,,477,Nokha,00554500,069665,I,,,2005-01-01,2005-01-01,1,"The Village Thawariya(69701),Sinyala(69643),Udsar(69652),Bhagwanpura(69718),Baasi Udavtan(69597),Bidasariya(69591)...etc  has been shifted to Sub-district Jasrasar(District Bikaner) from Sub-district Nokha(District Bikaner) in Rajasthan."
69666,Khara,,477,Nokha,00554600,069666,I,,,2005-01-01,2005-01-01,1,"The Village Thawariya(69701),Sinyala(69643),Udsar(69652),Bhagwanpura(69718),Baasi Udavtan(69597),Bidasariya(69591)...etc  has been shifted to Sub-district Jasrasar(District Bikaner) from Sub-district Nokha(District Bikaner) in Rajasthan."
69667,Hansasar,,477,Nokha,00554700,069667,I,,,2005-01-01,2005-01-01,1,"The Village Thawariya(69701),Sinyala(69643),Udsar(69652),Bhagwanpura(69718),Baasi Udavtan(69597),Bidasariya(69591)...etc  has been shifted to Sub-district Jasrasar(District Bikaner) from Sub-district Nokha(District Bikaner) in Rajasthan."
69668,Kakkoo,,477,Nokha,00554800,069668,I,,,2005-01-01,2005-01-01,1,"The Village Thawariya(69701),Sinyala(69643),Udsar(69652),Bhagwanpura(69718),Baasi Udavtan(69597),Bidasariya(69591)...etc  has been shifted to Sub-district Jasrasar(District Bikaner) from Sub-district Nokha(District Bikaner) in Rajasthan."
69669,Bhadla,,477,Nokha,00554900,069669,I,,,2005-01-01,2005-01-01,1,"The Village Thawariya(69701),Sinyala(69643),Udsar(69652),Bhagwanpura(69718),Baasi Udavtan(69597),Bidasariya(69591)...etc  has been shifted to Sub-district Jasrasar(District Bikaner) from Sub-district Nokha(District Bikaner) in Rajasthan."
69670,Teliyasar,,477,Nokha,00554900,069670,I,,,2005-01-01,2005-01-01,1,"The Village Thawariya(69701),Sinyala(69643),Udsar(69652),Bhagwanpura(69718),Baasi Udavtan(69597),Bidasariya(69591)...etc  has been shifted to Sub-district Jasrasar(District Bikaner) from Sub-district Nokha(District Bikaner) in Rajasthan."
69671,Sharah Panchoo,,477,Nokha,00555000,069671,I,,,2005-01-01,2005-01-01,1,"The Village Thawariya(69701),Sinyala(69643),Udsar(69652),Bhagwanpura(69718),Baasi Udavtan(69597),Bidasariya(69591)...etc  has been shifted to Sub-district Jasrasar(District Bikaner) from Sub-district Nokha(District Bikaner) in Rajasthan."
69672,Shobhana,,477,Nokha,00555100,069672,I,,,2014-03-24,2014-03-24,2,"The Village Thawariya(69701),Sinyala(69643),Udsar(69652),Bhagwanpura(69718),Baasi Udavtan(69597),Bidasariya(69591)...etc  has been shifted to Sub-district Jasrasar(District Bikaner) from Sub-district Nokha(District Bikaner) in Rajasthan."
69673,Tardo Ki Basti,,477,Nokha,00555100,069673,I,,,2005-01-01,2005-01-01,1,"The Village Thawariya(69701),Sinyala(69643),Udsar(69652),Bhagwanpura(69718),Baasi Udavtan(69597),Bidasariya(69591)...etc  has been shifted to Sub-district Jasrasar(District Bikaner) from Sub-district Nokha(District Bikaner) in Rajasthan."
69674,Sarunda,,477,Nokha,00555200,069674,I,,,2005-01-01,2005-01-01,1,"The Village Thawariya(69701),Sinyala(69643),Udsar(69652),Bhagwanpura(69718),Baasi Udavtan(69597),Bidasariya(69591)...etc  has been shifted to Sub-district Jasrasar(District Bikaner) from Sub-district Nokha(District Bikaner) in Rajasthan."
69675,Mandeliya,,477,Nokha,00555300,069675,I,,,2005-01-01,2005-01-01,1,"The Village Thawariya(69701),Sinyala(69643),Udsar(69652),Bhagwanpura(69718),Baasi Udavtan(69597),Bidasariya(69591)...etc  has been shifted to Sub-district Jasrasar(District Bikaner) from Sub-district Nokha(District Bikaner) in Rajasthan."
69676,Baasi,,477,Nokha,00555400,069676,I,,,2014-03-24,2014-03-24,2,"The Village Thawariya(69701),Sinyala(69643),Udsar(69652),Bhagwanpura(69718),Baasi Udavtan(69597),Bidasariya(69591)...etc  has been shifted to Sub-district Jasrasar(District Bikaner) from Sub-district Nokha(District Bikaner) in Rajasthan."
69677,Chittana,,477,Nokha,00555500,069677,I,,,2014-03-24,2014-03-24,2,"The Village Thawariya(69701),Sinyala(69643),Udsar(69652),Bhagwanpura(69718),Baasi Udavtan(69597),Bidasariya(69591)...etc  has been shifted to Sub-district Jasrasar(District Bikaner) from Sub-district Nokha(District Bikaner) in Rajasthan."
69678,Kahira,,477,Nokha,00555600,069678,I,,,2005-01-01,2005-01-01,1,"The Village Thawariya(69701),Sinyala(69643),Udsar(69652),Bhagwanpura(69718),Baasi Udavtan(69597),Bidasariya(69591)...etc  has been shifted to Sub-district Jasrasar(District Bikaner) from Sub-district Nokha(District Bikaner) in Rajasthan."
69679,Sadhuna,,477,Nokha,00555700,069679,I,,,2014-03-24,2014-03-24,2,"The Village Thawariya(69701),Sinyala(69643),Udsar(69652),Bhagwanpura(69718),Baasi Udavtan(69597),Bidasariya(69591)...etc  has been shifted to Sub-district Jasrasar(District Bikaner) from Sub-district Nokha(District Bikaner) in Rajasthan."
69680,Swaroopsar,,477,Nokha,00555800,069680,I,,,2005-01-01,2005-01-01,1,"The Village Thawariya(69701),Sinyala(69643),Udsar(69652),Bhagwanpura(69718),Baasi Udavtan(69597),Bidasariya(69591)...etc  has been shifted to Sub-district Jasrasar(District Bikaner) from Sub-district Nokha(District Bikaner) in Rajasthan."
69681,Kedli,,477,Nokha,00555900,069681,I,,,2005-01-01,2005-01-01,1,"The Village Thawariya(69701),Sinyala(69643),Udsar(69652),Bhagwanpura(69718),Baasi Udavtan(69597),Bidasariya(69591)...etc  has been shifted to Sub-district Jasrasar(District Bikaner) from Sub-district Nokha(District Bikaner) in Rajasthan."
69682,Taant,,477,Nokha,00556000,069682,I,,,2014-03-24,2014-03-24,2,"The Village Thawariya(69701),Sinyala(69643),Udsar(69652),Bhagwanpura(69718),Baasi Udavtan(69597),Bidasariya(69591)...etc  has been shifted to Sub-district Jasrasar(District Bikaner) from Sub-district Nokha(District Bikaner) in Rajasthan."
69683,Bandhra,,477,Nokha,00556100,069683,I,,,2005-01-01,2005-01-01,1,"The Village Thawariya(69701),Sinyala(69643),Udsar(69652),Bhagwanpura(69718),Baasi Udavtan(69597),Bidasariya(69591)...etc  has been shifted to Sub-district Jasrasar(District Bikaner) from Sub-district Nokha(District Bikaner) in Rajasthan."
69684,Silwa,,477,Nokha,00556200,069684,I,,,2014-03-24,2014-03-24,2,"The Village Thawariya(69701),Sinyala(69643),Udsar(69652),Bhagwanpura(69718),Baasi Udavtan(69597),Bidasariya(69591)...etc  has been shifted to Sub-district Jasrasar(District Bikaner) from Sub-district Nokha(District Bikaner) in Rajasthan."
69685,Lilka,,477,Nokha,00556300,069685,I,,,2014-03-24,2014-03-24,2,"The Village Thawariya(69701),Sinyala(69643),Udsar(69652),Bhagwanpura(69718),Baasi Udavtan(69597),Bidasariya(69591)...etc  has been shifted to Sub-district Jasrasar(District Bikaner) from Sub-district Nokha(District Bikaner) in Rajasthan."
69686,Moolwas,,477,Nokha,00556400,069686,I,,,2005-01-01,2005-01-01,1,"The Village Thawariya(69701),Sinyala(69643),Udsar(69652),Bhagwanpura(69718),Baasi Udavtan(69597),Bidasariya(69591)...etc  has been shifted to Sub-district Jasrasar(District Bikaner) from Sub-district Nokha(District Bikaner) in Rajasthan."
69687,Dawa,,477,Nokha,00556500,069687,I,,,2005-01-01,2005-01-01,1,"The Village Thawariya(69701),Sinyala(69643),Udsar(69652),Bhagwanpura(69718),Baasi Udavtan(69597),Bidasariya(69591)...etc  has been shifted to Sub-district Jasrasar(District Bikaner) from Sub-district Nokha(District Bikaner) in Rajasthan."
69688,Bhyanoo,,477,Nokha,00556600,069688,I,,,2014-03-24,2014-03-24,2,"The Village Thawariya(69701),Sinyala(69643),Udsar(69652),Bhagwanpura(69718),Baasi Udavtan(69597),Bidasariya(69591)...etc  has been shifted to Sub-district Jasrasar(District Bikaner) from Sub-district Nokha(District Bikaner) in Rajasthan."
69689,Shekhasar,,477,Nokha,00556700,069689,I,,,2014-03-24,2014-03-24,2,"The Village Thawariya(69701),Sinyala(69643),Udsar(69652),Bhagwanpura(69718),Baasi Udavtan(69597),Bidasariya(69591)...etc  has been shifted to Sub-district Jasrasar(District Bikaner) from Sub-district Nokha(District Bikaner) in Rajasthan."
69690,Kawlisar,,477,Nokha,00556800,069690,I,,,2014-03-24,2014-03-24,2,"The Village Thawariya(69701),Sinyala(69643),Udsar(69652),Bhagwanpura(69718),Baasi Udavtan(69597),Bidasariya(69591)...etc  has been shifted to Sub-district Jasrasar(District Bikaner) from Sub-district Nokha(District Bikaner) in Rajasthan."
69691,Charakada,,477,Nokha,00556900,069691,I,,,2014-03-24,2014-03-24,2,"The Village Thawariya(69701),Sinyala(69643),Udsar(69652),Bhagwanpura(69718),Baasi Udavtan(69597),Bidasariya(69591)...etc  has been shifted to Sub-district Jasrasar(District Bikaner) from Sub-district Nokha(District Bikaner) in Rajasthan."
69692,Biramsar,,477,Nokha,00557000,069692,I,,,2005-01-01,2005-01-01,1,"The Village Thawariya(69701),Sinyala(69643),Udsar(69652),Bhagwanpura(69718),Baasi Udavtan(69597),Bidasariya(69591)...etc  has been shifted to Sub-district Jasrasar(District Bikaner) from Sub-district Nokha(District Bikaner) in Rajasthan."
69693,Raisar,,477,Nokha,00557100,069693,I,,,2005-01-01,2005-01-01,1,"The Village Thawariya(69701),Sinyala(69643),Udsar(69652),Bhagwanpura(69718),Baasi Udavtan(69597),Bidasariya(69591)...etc  has been shifted to Sub-district Jasrasar(District Bikaner) from Sub-district Nokha(District Bikaner) in Rajasthan."
69694,Ladhupura,,477,Nokha,00557100,069694,I,,,2005-01-01,2005-01-01,1,"The Village Thawariya(69701),Sinyala(69643),Udsar(69652),Bhagwanpura(69718),Baasi Udavtan(69597),Bidasariya(69591)...etc  has been shifted to Sub-district Jasrasar(District Bikaner) from Sub-district Nokha(District Bikaner) in Rajasthan."
69695,Dasnu,,477,Nokha,00557200,069695,I,,,2014-03-24,2014-03-24,2,"The Village Thawariya(69701),Sinyala(69643),Udsar(69652),Bhagwanpura(69718),Baasi Udavtan(69597),Bidasariya(69591)...etc  has been shifted to Sub-district Jasrasar(District Bikaner) from Sub-district Nokha(District Bikaner) in Rajasthan."
69696,Maiyasar,,477,Nokha,00557300,069696,I,,,2005-01-01,2005-01-01,1,"The Village Thawariya(69701),Sinyala(69643),Udsar(69652),Bhagwanpura(69718),Baasi Udavtan(69597),Bidasariya(69591)...etc  has been shifted to Sub-district Jasrasar(District Bikaner) from Sub-district Nokha(District Bikaner) in Rajasthan."
69697,Bhom Maiyasar,,477,Nokha,00557400,069697,I,,,2005-01-01,2005-01-01,1,"The Village Thawariya(69701),Sinyala(69643),Udsar(69652),Bhagwanpura(69718),Baasi Udavtan(69597),Bidasariya(69591)...etc  has been shifted to Sub-district Jasrasar(District Bikaner) from Sub-district Nokha(District Bikaner) in Rajasthan."
69698,Khichiyasar,,477,Nokha,00557500,069698,I,,,2014-03-24,2014-03-24,2,"The Village Thawariya(69701),Sinyala(69643),Udsar(69652),Bhagwanpura(69718),Baasi Udavtan(69597),Bidasariya(69591)...etc  has been shifted to Sub-district Jasrasar(District Bikaner) from Sub-district Nokha(District Bikaner) in Rajasthan."
69699,Dhunpaliya,,477,Nokha,00557600,069699,I,,,2014-03-24,2014-03-24,2,"The Village Thawariya(69701),Sinyala(69643),Udsar(69652),Bhagwanpura(69718),Baasi Udavtan(69597),Bidasariya(69591)...etc  has been shifted to Sub-district Jasrasar(District Bikaner) from Sub-district Nokha(District Bikaner) in Rajasthan."
69702,Chainasar,,477,Nokha,00557900,069702,I,,,2005-01-01,2005-01-01,1,"The Village Thawariya(69701),Sinyala(69643),Udsar(69652),Bhagwanpura(69718),Baasi Udavtan(69597),Bidasariya(69591)...etc  has been shifted to Sub-district Jasrasar(District Bikaner) from Sub-district Nokha(District Bikaner) in Rajasthan."
69703,Jaisalsar,,477,Nokha,00558000,069703,I,,,2014-03-24,2014-03-24,2,"The Village Thawariya(69701),Sinyala(69643),Udsar(69652),Bhagwanpura(69718),Baasi Udavtan(69597),Bidasariya(69591)...etc  has been shifted to Sub-district Jasrasar(District Bikaner) from Sub-district Nokha(District Bikaner) in Rajasthan."
69704,Chachaniya,,477,Nokha,00558100,069704,I,,,2005-01-01,2005-01-01,1,"The Village Thawariya(69701),Sinyala(69643),Udsar(69652),Bhagwanpura(69718),Baasi Udavtan(69597),Bidasariya(69591)...etc  has been shifted to Sub-district Jasrasar(District Bikaner) from Sub-district Nokha(District Bikaner) in Rajasthan."
69705,Hemolaai,,477,Nokha,00558200,069705,I,,,2014-03-24,2014-03-24,2,"The Village Thawariya(69701),Sinyala(69643),Udsar(69652),Bhagwanpura(69718),Baasi Udavtan(69597),Bidasariya(69591)...etc  has been shifted to Sub-district Jasrasar(District Bikaner) from Sub-district Nokha(District Bikaner) in Rajasthan."
69706,Durgapura,,477,Nokha,00558300,069706,I,,,2005-01-01,2005-01-01,1,"The Village Thawariya(69701),Sinyala(69643),Udsar(69652),Bhagwanpura(69718),Baasi Udavtan(69597),Bidasariya(69591)...etc  has been shifted to Sub-district Jasrasar(District Bikaner) from Sub-district Nokha(District Bikaner) in Rajasthan."
69707,Gundusar,,477,Nokha,00558400,069707,I,,,2019-01-08,2019-01-08,4,"The Village Thawariya(69701),Sinyala(69643),Udsar(69652),Bhagwanpura(69718),Baasi Udavtan(69597),Bidasariya(69591)...etc  has been shifted to Sub-district Jasrasar(District Bikaner) from Sub-district Nokha(District Bikaner) in Rajasthan."
69708,Shree Rampura,,477,Nokha,00558500,069708,I,,,2014-03-24,2014-03-24,2,"The Village Thawariya(69701),Sinyala(69643),Udsar(69652),Bhagwanpura(69718),Baasi Udavtan(69597),Bidasariya(69591)...etc  has been shifted to Sub-district Jasrasar(District Bikaner) from Sub-district Nokha(District Bikaner) in Rajasthan."
960173,Panchoo Chhota,पांचू छोटा,477,Nokha,,000000,I,,,2025-03-18,2026-02-11,1,"The Village Thawariya(69701),Sinyala(69643),Udsar(69652),Bhagwanpura(69718),Baasi Udavtan(69597),Bidasariya(69591)...etc  has been shifted to Sub-district Jasrasar(District Bikaner) from Sub-district Nokha(District Bikaner) in Rajasthan."
69147,6 Sjm(A),,478,Khajuwala,00503500,069147,I,36032,Kundal,2025-05-20,2025-07-21,9,"The Village Sukhdeopura(69190),Jhookiya(69163),Amrewala(69186),2do-A(69169)...etc  has been shifted to Sub-district Poogal(District Bikaner) from Sub-district Khajuwala(District Bikaner) in Rajasthan."
69719,Ballar Barani,,478,Khajuwala,00559400,069719,I,36007,Ballar,2025-05-20,2025-07-29,54,"The Village Sukhdeopura(69190),Jhookiya(69163),Amrewala(69186),2do-A(69169)...etc  has been shifted to Sub-district Poogal(District Bikaner) from Sub-district Khajuwala(District Bikaner) in Rajasthan."
69720,Anandgarh,,478,Khajuwala,00559400,069720,I,36006,Anandgarh,2023-10-07,2023-10-30,5,"The Village Sukhdeopura(69190),Jhookiya(69163),Amrewala(69186),2do-A(69169)...etc  has been shifted to Sub-district Poogal(District Bikaner) from Sub-district Khajuwala(District Bikaner) in Rajasthan."
69721,Akasar Barani,,478,Khajuwala,00559500,069721,I,262190,17khm,2023-10-07,2023-10-30,4,"The Village Sukhdeopura(69190),Jhookiya(69163),Amrewala(69186),2do-A(69169)...etc  has been shifted to Sub-district Poogal(District Bikaner) from Sub-district Khajuwala(District Bikaner) in Rajasthan."
69722,Gulamaliwala,,478,Khajuwala,00559600,069722,I,35997,2 Kld,2025-05-20,2025-07-25,24,"The Village Sukhdeopura(69190),Jhookiya(69163),Amrewala(69186),2do-A(69169)...etc  has been shifted to Sub-district Poogal(District Bikaner) from Sub-district Khajuwala(District Bikaner) in Rajasthan."
69723,2kld,,478,Khajuwala,00559600,069723,I,35997,2 Kld,2023-10-07,2023-10-30,3,"The Village Sukhdeopura(69190),Jhookiya(69163),Amrewala(69186),2do-A(69169)...etc  has been shifted to Sub-district Poogal(District Bikaner) from Sub-district Khajuwala(District Bikaner) in Rajasthan."
69724,39 Kjd,,478,Khajuwala,00559700,069724,I,36006,Anandgarh,2025-05-20,2025-07-29,22,"The Village Sukhdeopura(69190),Jhookiya(69163),Amrewala(69186),2do-A(69169)...etc  has been shifted to Sub-district Poogal(District Bikaner) from Sub-district Khajuwala(District Bikaner) in Rajasthan."
69725,33 Kjd,,478,Khajuwala,00559800,069725,I,35997,2 Kld,2025-05-20,2025-08-13,23,"The Village Sukhdeopura(69190),Jhookiya(69163),Amrewala(69186),2do-A(69169)...etc  has been shifted to Sub-district Poogal(District Bikaner) from Sub-district Khajuwala(District Bikaner) in Rajasthan."
69726,40 Kyd,,478,Khajuwala,00559900,069726,I,262138,40kyd,2025-05-20,2025-07-25,12,"The Village Sukhdeopura(69190),Jhookiya(69163),Amrewala(69186),2do-A(69169)...etc  has been shifted to Sub-district Poogal(District Bikaner) from Sub-district Khajuwala(District Bikaner) in Rajasthan."
69727,1 Alm (Aldin),,478,Khajuwala,00560000,069727,I,262138,40kyd,2025-05-20,2025-07-24,12,"The Village Sukhdeopura(69190),Jhookiya(69163),Amrewala(69186),2do-A(69169)...etc  has been shifted to Sub-district Poogal(District Bikaner) from Sub-district Khajuwala(District Bikaner) in Rajasthan."
69728,31 Kyd,,478,Khajuwala,00560100,069728,I,36001,34 Kyd,2025-05-20,2025-07-24,12,"The Village Sukhdeopura(69190),Jhookiya(69163),Amrewala(69186),2do-A(69169)...etc  has been shifted to Sub-district Poogal(District Bikaner) from Sub-district Khajuwala(District Bikaner) in Rajasthan."
69729,34 Kyd,,478,Khajuwala,00560200,069729,I,36001,34 Kyd,2025-05-20,2025-07-25,12,"The Village Sukhdeopura(69190),Jhookiya(69163),Amrewala(69186),2do-A(69169)...etc  has been shifted to Sub-district Poogal(District Bikaner) from Sub-district Khajuwala(District Bikaner) in Rajasthan."
69730,28 Bd A,,478,Khajuwala,00560300,069730,I,35998,2 Kwm,2025-05-20,2025-07-23,10,"The Village Sukhdeopura(69190),Jhookiya(69163),Amrewala(69186),2do-A(69169)...etc  has been shifted to Sub-district Poogal(District Bikaner) from Sub-district Khajuwala(District Bikaner) in Rajasthan."
69731,28 Kyd,,478,Khajuwala,00560400,069731,I,36000,3 Pwm,2025-05-20,2025-07-21,7,"The Village Sukhdeopura(69190),Jhookiya(69163),Amrewala(69186),2do-A(69169)...etc  has been shifted to Sub-district Poogal(District Bikaner) from Sub-district Khajuwala(District Bikaner) in Rajasthan."
69732,24-25 Kyd,,478,Khajuwala,00560500,069732,I,262133,25kyd,2025-05-20,2025-07-23,14,"The Village Sukhdeopura(69190),Jhookiya(69163),Amrewala(69186),2do-A(69169)...etc  has been shifted to Sub-district Poogal(District Bikaner) from Sub-district Khajuwala(District Bikaner) in Rajasthan."
69733,2 Kwm A,,478,Khajuwala,00560600,069733,I,35998,2 Kwm,2025-05-20,2025-07-25,17,"The Village Sukhdeopura(69190),Jhookiya(69163),Amrewala(69186),2do-A(69169)...etc  has been shifted to Sub-district Poogal(District Bikaner) from Sub-district Khajuwala(District Bikaner) in Rajasthan."
69734,20 Bd,,478,Khajuwala,00560700,069734,I,262132,20bd,2025-05-20,2025-08-13,16,"The Village Sukhdeopura(69190),Jhookiya(69163),Amrewala(69186),2do-A(69169)...etc  has been shifted to Sub-district Poogal(District Bikaner) from Sub-district Khajuwala(District Bikaner) in Rajasthan."
69735,19bd,,478,Khajuwala,00560700,069735,I,262132,20bd,2023-10-07,2023-10-30,3,"The Village Sukhdeopura(69190),Jhookiya(69163),Amrewala(69186),2do-A(69169)...etc  has been shifted to Sub-district Poogal(District Bikaner) from Sub-district Khajuwala(District Bikaner) in Rajasthan."
69736,16bd,,478,Khajuwala,00560700,069736,I,262132,20bd,2023-10-07,2023-10-30,3,"The Village Sukhdeopura(69190),Jhookiya(69163),Amrewala(69186),2do-A(69169)...etc  has been shifted to Sub-district Poogal(District Bikaner) from Sub-district Khajuwala(District Bikaner) in Rajasthan."
69737,22 Kyd,,478,Khajuwala,00560800,069737,I,35999,22 Kyd,2025-05-20,2025-07-22,8,"The Village Sukhdeopura(69190),Jhookiya(69163),Amrewala(69186),2do-A(69169)...etc  has been shifted to Sub-district Poogal(District Bikaner) from Sub-district Khajuwala(District Bikaner) in Rajasthan."
69738,5 Kjd,,478,Khajuwala,00560900,069738,I,35999,22 Kyd,2025-05-20,2025-07-22,8,"The Village Sukhdeopura(69190),Jhookiya(69163),Amrewala(69186),2do-A(69169)...etc  has been shifted to Sub-district Poogal(District Bikaner) from Sub-district Khajuwala(District Bikaner) in Rajasthan."
69739,14 Bd A,,478,Khajuwala,00561000,069739,I,35995,14 Bd,2025-05-20,2025-07-23,12,"The Village Sukhdeopura(69190),Jhookiya(69163),Amrewala(69186),2do-A(69169)...etc  has been shifted to Sub-district Poogal(District Bikaner) from Sub-district Khajuwala(District Bikaner) in Rajasthan."
69740,10 Bd A,,478,Khajuwala,00561100,069740,I,35995,14 Bd,2025-05-20,2025-08-13,16,"The Village Sukhdeopura(69190),Jhookiya(69163),Amrewala(69186),2do-A(69169)...etc  has been shifted to Sub-district Poogal(District Bikaner) from Sub-district Khajuwala(District Bikaner) in Rajasthan."
69741,6 Bd -(B),,478,Khajuwala,00561200,069741,I,36002,8 Kyd,2025-05-20,2025-07-22,7,"The Village Sukhdeopura(69190),Jhookiya(69163),Amrewala(69186),2do-A(69169)...etc  has been shifted to Sub-district Poogal(District Bikaner) from Sub-district Khajuwala(District Bikaner) in Rajasthan."
69742,6bd(A),,478,Khajuwala,00561200,069742,I,36002,8 Kyd,2023-10-07,2023-10-30,3,"The Village Sukhdeopura(69190),Jhookiya(69163),Amrewala(69186),2do-A(69169)...etc  has been shifted to Sub-district Poogal(District Bikaner) from Sub-district Khajuwala(District Bikaner) in Rajasthan."
69743,8 Kyd A,,478,Khajuwala,00561300,069743,I,36002,8 Kyd,2025-05-20,2025-07-25,14,"The Village Sukhdeopura(69190),Jhookiya(69163),Amrewala(69186),2do-A(69169)...etc  has been shifted to Sub-district Poogal(District Bikaner) from Sub-district Khajuwala(District Bikaner) in Rajasthan."
69744,2Am,2एएम,478,Khajuwala,00561300,069744,I,36003,Aduri,2025-12-03,2026-01-05,5,"The Village Sukhdeopura(69190),Jhookiya(69163),Amrewala(69186),2do-A(69169)...etc  has been shifted to Sub-district Poogal(District Bikaner) from Sub-district Khajuwala(District Bikaner) in Rajasthan."
69745,5 Kyd A,,478,Khajuwala,00561400,069745,I,262123,5kyd,2025-05-20,2025-07-22,7,"The Village Sukhdeopura(69190),Jhookiya(69163),Amrewala(69186),2do-A(69169)...etc  has been shifted to Sub-district Poogal(District Bikaner) from Sub-district Khajuwala(District Bikaner) in Rajasthan."
69746,4kyd,,478,Khajuwala,00561400,069746,I,262123,5kyd,2023-10-07,2023-10-30,3,"The Village Sukhdeopura(69190),Jhookiya(69163),Amrewala(69186),2do-A(69169)...etc  has been shifted to Sub-district Poogal(District Bikaner) from Sub-district Khajuwala(District Bikaner) in Rajasthan."
69747,1phm(B),,478,Khajuwala,00561400,069747,I,262123,5kyd,2023-10-07,2023-10-30,3,"The Village Sukhdeopura(69190),Jhookiya(69163),Amrewala(69186),2do-A(69169)...etc  has been shifted to Sub-district Poogal(District Bikaner) from Sub-district Khajuwala(District Bikaner) in Rajasthan."
69748,3kyd(A),,478,Khajuwala,00561400,069748,I,262123,5kyd,2023-10-07,2023-10-30,3,"The Village Sukhdeopura(69190),Jhookiya(69163),Amrewala(69186),2do-A(69169)...etc  has been shifted to Sub-district Poogal(District Bikaner) from Sub-district Khajuwala(District Bikaner) in Rajasthan."
69749,12 Kyd,,478,Khajuwala,00561500,069749,I,35996,17 Kyd,2025-05-20,2025-07-25,7,"The Village Sukhdeopura(69190),Jhookiya(69163),Amrewala(69186),2do-A(69169)...etc  has been shifted to Sub-district Poogal(District Bikaner) from Sub-district Khajuwala(District Bikaner) in Rajasthan."
69750,17 Kyd,,478,Khajuwala,00561600,069750,I,35996,17 Kyd,2025-05-20,2025-07-24,12,"The Village Sukhdeopura(69190),Jhookiya(69163),Amrewala(69186),2do-A(69169)...etc  has been shifted to Sub-district Poogal(District Bikaner) from Sub-district Khajuwala(District Bikaner) in Rajasthan."
69751,2 Brwm,,478,Khajuwala,00561700,069751,I,262118,7phm,2025-05-20,2025-07-23,12,"The Village Sukhdeopura(69190),Jhookiya(69163),Amrewala(69186),2do-A(69169)...etc  has been shifted to Sub-district Poogal(District Bikaner) from Sub-district Khajuwala(District Bikaner) in Rajasthan."
69752,12 Kjd,,478,Khajuwala,00561700,069752,I,262134,Madhodiggi,2025-05-20,2025-07-23,9,"The Village Sukhdeopura(69190),Jhookiya(69163),Amrewala(69186),2do-A(69169)...etc  has been shifted to Sub-district Poogal(District Bikaner) from Sub-district Khajuwala(District Bikaner) in Rajasthan."
69753,6 Kjd,,478,Khajuwala,00561900,069753,I,299753,Khajuwala,2025-05-20,2025-07-23,6,"The Village Sukhdeopura(69190),Jhookiya(69163),Amrewala(69186),2do-A(69169)...etc  has been shifted to Sub-district Poogal(District Bikaner) from Sub-district Khajuwala(District Bikaner) in Rajasthan."
69754,1 Kjd,,478,Khajuwala,00562000,069754,I,36000,3 Pwm,2025-05-20,2025-07-23,10,"The Village Sukhdeopura(69190),Jhookiya(69163),Amrewala(69186),2do-A(69169)...etc  has been shifted to Sub-district Poogal(District Bikaner) from Sub-district Khajuwala(District Bikaner) in Rajasthan."
69755,3 Pwm,,478,Khajuwala,00562100,069755,I,36000,3 Pwm,2025-05-20,2025-07-21,6,"The Village Sukhdeopura(69190),Jhookiya(69163),Amrewala(69186),2do-A(69169)...etc  has been shifted to Sub-district Poogal(District Bikaner) from Sub-district Khajuwala(District Bikaner) in Rajasthan."
69756,4 Bgm A,,478,Khajuwala,00562200,069756,I,36017,Guluwali,2025-05-20,2025-07-21,6,"The Village Sukhdeopura(69190),Jhookiya(69163),Amrewala(69186),2do-A(69169)...etc  has been shifted to Sub-district Poogal(District Bikaner) from Sub-district Khajuwala(District Bikaner) in Rajasthan."
69757,2 Gwm,,478,Khajuwala,00562300,069757,I,36017,Guluwali,2025-05-20,2025-07-22,7,"The Village Sukhdeopura(69190),Jhookiya(69163),Amrewala(69186),2do-A(69169)...etc  has been shifted to Sub-district Poogal(District Bikaner) from Sub-district Khajuwala(District Bikaner) in Rajasthan."
69758,Dantor Barani,,478,Khajuwala,00562400,069758,I,36014,Dantor,2025-05-20,2025-07-29,48,"The Village Sukhdeopura(69190),Jhookiya(69163),Amrewala(69186),2do-A(69169)...etc  has been shifted to Sub-district Poogal(District Bikaner) from Sub-district Khajuwala(District Bikaner) in Rajasthan."
69759,28 Kjd,,478,Khajuwala,00562500,069759,I,36017,Guluwali,2025-05-20,2025-07-24,11,"The Village Sukhdeopura(69190),Jhookiya(69163),Amrewala(69186),2do-A(69169)...etc  has been shifted to Sub-district Poogal(District Bikaner) from Sub-district Khajuwala(District Bikaner) in Rajasthan."
69760,3 Bgm A,,478,Khajuwala,00562600,069760,I,36017,Guluwali,2025-05-20,2025-07-22,8,"The Village Sukhdeopura(69190),Jhookiya(69163),Amrewala(69186),2do-A(69169)...etc  has been shifted to Sub-district Poogal(District Bikaner) from Sub-district Khajuwala(District Bikaner) in Rajasthan."
69761,Siyasar Chogan,,478,Khajuwala,00562700,069761,I,36053,Siyasar Chougan,2025-05-20,2025-07-17,12,"The Village Sukhdeopura(69190),Jhookiya(69163),Amrewala(69186),2do-A(69169)...etc  has been shifted to Sub-district Poogal(District Bikaner) from Sub-district Khajuwala(District Bikaner) in Rajasthan."
69762,Nosera,,478,Khajuwala,00562800,069762,I,36042,Nosera Samrda,2025-05-20,2025-07-24,13,"The Village Sukhdeopura(69190),Jhookiya(69163),Amrewala(69186),2do-A(69169)...etc  has been shifted to Sub-district Poogal(District Bikaner) from Sub-district Khajuwala(District Bikaner) in Rajasthan."
69763,Madhodigi,,478,Khajuwala,00562900,069763,I,262134,Madhodiggi,2025-05-20,2025-07-28,24,"The Village Sukhdeopura(69190),Jhookiya(69163),Amrewala(69186),2do-A(69169)...etc  has been shifted to Sub-district Poogal(District Bikaner) from Sub-district Khajuwala(District Bikaner) in Rajasthan."
69764,9 Kjd,,478,Khajuwala,00562900,069764,I,262134,Madhodiggi,2023-10-07,2023-10-30,3,"The Village Sukhdeopura(69190),Jhookiya(69163),Amrewala(69186),2do-A(69169)...etc  has been shifted to Sub-district Poogal(District Bikaner) from Sub-district Khajuwala(District Bikaner) in Rajasthan."
69765,10 Kjd,,478,Khajuwala,00562900,069765,I,262134,Madhodiggi,2023-10-07,2023-10-30,3,"The Village Sukhdeopura(69190),Jhookiya(69163),Amrewala(69186),2do-A(69169)...etc  has been shifted to Sub-district Poogal(District Bikaner) from Sub-district Khajuwala(District Bikaner) in Rajasthan."
69767,13 Kld,,478,Khajuwala,00563100,069767,I,36006,Anandgarh,2023-10-07,2023-10-30,3,"The Village Sukhdeopura(69190),Jhookiya(69163),Amrewala(69186),2do-A(69169)...etc  has been shifted to Sub-district Poogal(District Bikaner) from Sub-district Khajuwala(District Bikaner) in Rajasthan."
69768,10 Kld (Kundal),,478,Khajuwala,00563200,069768,I,36032,Kundal,2023-10-07,2023-10-30,4,"The Village Sukhdeopura(69190),Jhookiya(69163),Amrewala(69186),2do-A(69169)...etc  has been shifted to Sub-district Poogal(District Bikaner) from Sub-district Khajuwala(District Bikaner) in Rajasthan."
69769,7 Kld,,478,Khajuwala,00563300,069769,I,36006,Anandgarh,2025-05-20,2025-07-25,12,"The Village Sukhdeopura(69190),Jhookiya(69163),Amrewala(69186),2do-A(69169)...etc  has been shifted to Sub-district Poogal(District Bikaner) from Sub-district Khajuwala(District Bikaner) in Rajasthan."
69770,Ramjanwala,,478,Khajuwala,00563400,069770,I,36032,Kundal,2023-10-07,2023-10-30,3,"The Village Sukhdeopura(69190),Jhookiya(69163),Amrewala(69186),2do-A(69169)...etc  has been shifted to Sub-district Poogal(District Bikaner) from Sub-district Khajuwala(District Bikaner) in Rajasthan."
69771,13 Kyd A,,478,Khajuwala,00563500,069771,I,35999,22 Kyd,2025-05-20,2025-08-13,9,"The Village Sukhdeopura(69190),Jhookiya(69163),Amrewala(69186),2do-A(69169)...etc  has been shifted to Sub-district Poogal(District Bikaner) from Sub-district Khajuwala(District Bikaner) in Rajasthan."
69772,7 Phm A,,478,Khajuwala,00563600,069772,I,262118,7phm,2025-05-20,2025-07-24,13,"The Village Sukhdeopura(69190),Jhookiya(69163),Amrewala(69186),2do-A(69169)...etc  has been shifted to Sub-district Poogal(District Bikaner) from Sub-district Khajuwala(District Bikaner) in Rajasthan."
69773,6 Phm A,,478,Khajuwala,00563600,069773,I,262118,7phm,2025-05-20,2025-07-22,6,"The Village Sukhdeopura(69190),Jhookiya(69163),Amrewala(69186),2do-A(69169)...etc  has been shifted to Sub-district Poogal(District Bikaner) from Sub-district Khajuwala(District Bikaner) in Rajasthan."
69774,Karamwala,,478,Khajuwala,00563700,069774,I,36032,Kundal,2023-10-07,2023-10-30,3,"The Village Sukhdeopura(69190),Jhookiya(69163),Amrewala(69186),2do-A(69169)...etc  has been shifted to Sub-district Poogal(District Bikaner) from Sub-district Khajuwala(District Bikaner) in Rajasthan."
69775,Sanjarwala,,478,Khajuwala,00563800,069775,I,36032,Kundal,2025-05-20,2025-07-21,7,"The Village Sukhdeopura(69190),Jhookiya(69163),Amrewala(69186),2do-A(69169)...etc  has been shifted to Sub-district Poogal(District Bikaner) from Sub-district Khajuwala(District Bikaner) in Rajasthan."
69776,Khajuwala,,478,Khajuwala,00561800,069776,I,299753,Khajuwala,2023-10-07,2023-10-30,4,"The Village Sukhdeopura(69190),Jhookiya(69163),Amrewala(69186),2do-A(69169)...etc  has been shifted to Sub-district Poogal(District Bikaner) from Sub-district Khajuwala(District Bikaner) in Rajasthan."
925996,16 P.B.,16 पी.बी.,478,Khajuwala,,000000,I,35997,2 Kld,2025-05-20,2025-07-22,8,"The Village Sukhdeopura(69190),Jhookiya(69163),Amrewala(69186),2do-A(69169)...etc  has been shifted to Sub-district Poogal(District Bikaner) from Sub-district Khajuwala(District Bikaner) in Rajasthan."
925997,42 K.J.D,42 के.जे.डी,478,Khajuwala,,000000,I,35997,2 Kld,2025-05-20,2025-07-22,7,"The Village Sukhdeopura(69190),Jhookiya(69163),Amrewala(69186),2do-A(69169)...etc  has been shifted to Sub-district Poogal(District Bikaner) from Sub-district Khajuwala(District Bikaner) in Rajasthan."
946145,12 P.B.,12 पी.बी.,478,Khajuwala,,000000,I,36053,Siyasar Chougan,2025-05-20,2025-07-21,6,"The Village Sukhdeopura(69190),Jhookiya(69163),Amrewala(69186),2do-A(69169)...etc  has been shifted to Sub-district Poogal(District Bikaner) from Sub-district Khajuwala(District Bikaner) in Rajasthan."
946220,7 S.S.M.,7 एस.एस.एम.,478,Khajuwala,,000000,I,36053,Siyasar Chougan,2025-05-20,2025-07-22,7,"The Village Sukhdeopura(69190),Jhookiya(69163),Amrewala(69186),2do-A(69169)...etc  has been shifted to Sub-district Poogal(District Bikaner) from Sub-district Khajuwala(District Bikaner) in Rajasthan."
946221,21 K.J.D.,21 के.जे.डी.,478,Khajuwala,,000000,I,36053,Siyasar Chougan,2025-05-20,2025-07-21,5,"The Village Sukhdeopura(69190),Jhookiya(69163),Amrewala(69186),2do-A(69169)...etc  has been shifted to Sub-district Poogal(District Bikaner) from Sub-district Khajuwala(District Bikaner) in Rajasthan."
946222,4 S.S.M.,4 एस.एस.एम.,478,Khajuwala,,000000,I,36053,Siyasar Chougan,2025-05-20,2025-07-22,8,"The Village Sukhdeopura(69190),Jhookiya(69163),Amrewala(69186),2do-A(69169)...etc  has been shifted to Sub-district Poogal(District Bikaner) from Sub-district Khajuwala(District Bikaner) in Rajasthan."
951986,12 Pb - 1 Ssm,12 पीबी - 1 एसएसएम,478,Khajuwala,,000000,I,36053,Siyasar Chougan,2025-05-20,2025-06-16,1,"The Village Sukhdeopura(69190),Jhookiya(69163),Amrewala(69186),2do-A(69169)...etc  has been shifted to Sub-district Poogal(District Bikaner) from Sub-district Khajuwala(District Bikaner) in Rajasthan."
951987,14 Bd A - 1 Bm A,14 बीडी ए - 1 बीएम ए,478,Khajuwala,,000000,I,35995,14 Bd,2025-05-20,2025-06-16,1,"The Village Sukhdeopura(69190),Jhookiya(69163),Amrewala(69186),2do-A(69169)...etc  has been shifted to Sub-district Poogal(District Bikaner) from Sub-district Khajuwala(District Bikaner) in Rajasthan."
951988,Dantaur Barani - 10 Prm,दन्तौर बारानी -10 पीआरएम,478,Khajuwala,,000000,I,36014,Dantor,2025-05-20,2025-06-16,1,"The Village Sukhdeopura(69190),Jhookiya(69163),Amrewala(69186),2do-A(69169)...etc  has been shifted to Sub-district Poogal(District Bikaner) from Sub-district Khajuwala(District Bikaner) in Rajasthan."
951989,Ballar Barani - 11 Kld Anandgarh,बल्लर बारानी -11 केएलडी आनंदगढ,478,Khajuwala,,000000,I,36006,Anandgarh,2025-05-20,2025-06-16,1,"The Village Sukhdeopura(69190),Jhookiya(69163),Amrewala(69186),2do-A(69169)...etc  has been shifted to Sub-district Poogal(District Bikaner) from Sub-district Khajuwala(District Bikaner) in Rajasthan."
951990,4 Ssm -18 Kjd,4 एसएसएम -18 केजेडी,478,Khajuwala,,000000,I,36053,Siyasar Chougan,2025-05-20,2025-06-16,1,"The Village Sukhdeopura(69190),Jhookiya(69163),Amrewala(69186),2do-A(69169)...etc  has been shifted to Sub-district Poogal(District Bikaner) from Sub-district Khajuwala(District Bikaner) in Rajasthan."
951991,16 Pb - 16 Pb,16 पीबी - 16 पीबी,478,Khajuwala,,000000,I,36053,Siyasar Chougan,2025-05-20,2025-06-16,1,"The Village Sukhdeopura(69190),Jhookiya(69163),Amrewala(69186),2do-A(69169)...etc  has been shifted to Sub-district Poogal(District Bikaner) from Sub-district Khajuwala(District Bikaner) in Rajasthan."
951992,Ghulam Ali Wala - 6 Kld Anandgarh,गुलाम अली वाला - 6 केएलडी आनंदगढ़,478,Khajuwala,,000000,I,35997,2 Kld,2025-05-20,2025-06-16,1,"The Village Sukhdeopura(69190),Jhookiya(69163),Amrewala(69186),2do-A(69169)...etc  has been shifted to Sub-district Poogal(District Bikaner) from Sub-district Khajuwala(District Bikaner) in Rajasthan."
951993,Siyasar Chogan - 14 Pb A,सियासर चौगान - 14 पीबी ए,478,Khajuwala,,000000,I,36053,Siyasar Chougan,2025-05-20,2025-06-16,1,"The Village Sukhdeopura(69190),Jhookiya(69163),Amrewala(69186),2do-A(69169)...etc  has been shifted to Sub-district Poogal(District Bikaner) from Sub-district Khajuwala(District Bikaner) in Rajasthan."
951994,21 Kjd - 19 Kjd A,21 केजेडी - 19 केजेडी ए,478,Khajuwala,,000000,I,36053,Siyasar Chougan,2025-05-20,2025-06-16,1,"The Village Sukhdeopura(69190),Jhookiya(69163),Amrewala(69186),2do-A(69169)...etc  has been shifted to Sub-district Poogal(District Bikaner) from Sub-district Khajuwala(District Bikaner) in Rajasthan."
951996,7 Ssm - 8 Ssm,7 एसएसएम - 8 एसएसएम,478,Khajuwala,,000000,I,36053,Siyasar Chougan,2025-05-20,2025-06-16,1,"The Village Sukhdeopura(69190),Jhookiya(69163),Amrewala(69186),2do-A(69169)...etc  has been shifted to Sub-district Poogal(District Bikaner) from Sub-district Khajuwala(District Bikaner) in Rajasthan."
952091,34 Kyd - 35 Kyd,34 केवाईडी -35 केवाईडी,478,Khajuwala,,000000,I,36001,34 Kyd,2025-05-20,2025-06-17,1,"The Village Sukhdeopura(69190),Jhookiya(69163),Amrewala(69186),2do-A(69169)...etc  has been shifted to Sub-district Poogal(District Bikaner) from Sub-district Khajuwala(District Bikaner) in Rajasthan."
952092,31 Kyd - 30 Kyd,31 केवाईडी -30 केवाईडी,478,Khajuwala,,000000,I,36001,34 Kyd,2025-05-20,2025-06-17,1,"The Village Sukhdeopura(69190),Jhookiya(69163),Amrewala(69186),2do-A(69169)...etc  has been shifted to Sub-district Poogal(District Bikaner) from Sub-district Khajuwala(District Bikaner) in Rajasthan."
952093,24-25 Kyd - 27 Kyd A,24-25 के वाईडी -27 केवाईडी ए,478,Khajuwala,,000000,I,36000,3 Pwm,2025-05-20,2025-06-17,1,"The Village Sukhdeopura(69190),Jhookiya(69163),Amrewala(69186),2do-A(69169)...etc  has been shifted to Sub-district Poogal(District Bikaner) from Sub-district Khajuwala(District Bikaner) in Rajasthan."
952094,22 Kyd - 23 Kyd A,22 के वाईडी -23 केवाईडी ए,478,Khajuwala,,000000,I,36000,3 Pwm,2025-05-20,2025-06-17,1,"The Village Sukhdeopura(69190),Jhookiya(69163),Amrewala(69186),2do-A(69169)...etc  has been shifted to Sub-district Poogal(District Bikaner) from Sub-district Khajuwala(District Bikaner) in Rajasthan."
952095,1 Alm Aldeen - 3 Bym,1 एएलएम अलदीन -3 बीवाईएम,478,Khajuwala,,000000,I,262138,40kyd,2025-05-20,2025-06-17,1,"The Village Sukhdeopura(69190),Jhookiya(69163),Amrewala(69186),2do-A(69169)...etc  has been shifted to Sub-district Poogal(District Bikaner) from Sub-district Khajuwala(District Bikaner) in Rajasthan."
952096,40 Kyd - 37 Kyd,40 के वाईडी - 37 केवाईडी,478,Khajuwala,,000000,I,262138,40kyd,2025-05-20,2025-06-17,1,"The Village Sukhdeopura(69190),Jhookiya(69163),Amrewala(69186),2do-A(69169)...etc  has been shifted to Sub-district Poogal(District Bikaner) from Sub-district Khajuwala(District Bikaner) in Rajasthan."
952097,3 Bgm A - 22 Kjd,3 बीजीएम ए -22 केजेडी,478,Khajuwala,,000000,I,36017,Guluwali,2025-05-20,2025-06-17,1,"The Village Sukhdeopura(69190),Jhookiya(69163),Amrewala(69186),2do-A(69169)...etc  has been shifted to Sub-district Poogal(District Bikaner) from Sub-district Khajuwala(District Bikaner) in Rajasthan."
952098,33 Kjd - 1 Bym,33 केजेडी -1 बीवाईएम,478,Khajuwala,,000000,I,262138,40kyd,2025-05-20,2025-06-17,1,"The Village Sukhdeopura(69190),Jhookiya(69163),Amrewala(69186),2do-A(69169)...etc  has been shifted to Sub-district Poogal(District Bikaner) from Sub-district Khajuwala(District Bikaner) in Rajasthan."
952099,4 Bgm A - 4 Bgm A,4 बीजीएम ए -4 बीजीएम ए,478,Khajuwala,,000000,I,36017,Guluwali,2025-05-20,2025-06-17,1,"The Village Sukhdeopura(69190),Jhookiya(69163),Amrewala(69186),2do-A(69169)...etc  has been shifted to Sub-district Poogal(District Bikaner) from Sub-district Khajuwala(District Bikaner) in Rajasthan."
952100,3 Pwm - 4 Pwm A,3 पीडब्ल्यूएम -4 पीडब्ल्यूएम ए,478,Khajuwala,,000000,I,36000,3 Pwm,2025-05-20,2025-06-17,1,"The Village Sukhdeopura(69190),Jhookiya(69163),Amrewala(69186),2do-A(69169)...etc  has been shifted to Sub-district Poogal(District Bikaner) from Sub-district Khajuwala(District Bikaner) in Rajasthan."
952101,2 Gwm - 26 Kjd,2 जीडब्ल्यूएम -26 केजेडी,478,Khajuwala,,000000,I,36017,Guluwali,2025-05-20,2025-06-17,1,"The Village Sukhdeopura(69190),Jhookiya(69163),Amrewala(69186),2do-A(69169)...etc  has been shifted to Sub-district Poogal(District Bikaner) from Sub-district Khajuwala(District Bikaner) in Rajasthan."
952102,28 Kyd - 29 Kyd A,28 केवाईडी -29 केवाईडी ए,478,Khajuwala,,000000,I,36000,3 Pwm,2025-05-20,2025-06-17,1,"The Village Sukhdeopura(69190),Jhookiya(69163),Amrewala(69186),2do-A(69169)...etc  has been shifted to Sub-district Poogal(District Bikaner) from Sub-district Khajuwala(District Bikaner) in Rajasthan."
952103,28 Kjd - 2 Hwm,28 केजेडी -2 एचडब्ल्यूएम,478,Khajuwala,,000000,I,36017,Guluwali,2025-05-20,2025-06-17,1,"The Village Sukhdeopura(69190),Jhookiya(69163),Amrewala(69186),2do-A(69169)...etc  has been shifted to Sub-district Poogal(District Bikaner) from Sub-district Khajuwala(District Bikaner) in Rajasthan."
952104,10 Bd - 7 Bd,10 बीडी - 7 बीडी,478,Khajuwala,,000000,I,35995,14 Bd,2025-05-20,2025-06-17,1,"The Village Sukhdeopura(69190),Jhookiya(69163),Amrewala(69186),2do-A(69169)...etc  has been shifted to Sub-district Poogal(District Bikaner) from Sub-district Khajuwala(District Bikaner) in Rajasthan."
952105,1 Kjd - 1 Kjd A,1 केजेडी -1 केजेडी ए,478,Khajuwala,,000000,I,36000,3 Pwm,2025-05-20,2025-06-17,1,"The Village Sukhdeopura(69190),Jhookiya(69163),Amrewala(69186),2do-A(69169)...etc  has been shifted to Sub-district Poogal(District Bikaner) from Sub-district Khajuwala(District Bikaner) in Rajasthan."
952160,12 Kjd - 11 Kjd,12 केजेडी -11 केजेडी,478,Khajuwala,,000000,I,262134,Madhodiggi,2025-05-20,2025-06-18,1,"The Village Sukhdeopura(69190),Jhookiya(69163),Amrewala(69186),2do-A(69169)...etc  has been shifted to Sub-district Poogal(District Bikaner) from Sub-district Khajuwala(District Bikaner) in Rajasthan."
952161,12 Kyd -11 Kyd A,12 केवाईडी -11 केवाईडी ए,478,Khajuwala,,000000,I,35996,17 Kyd,2025-05-20,2025-06-18,1,"The Village Sukhdeopura(69190),Jhookiya(69163),Amrewala(69186),2do-A(69169)...etc  has been shifted to Sub-district Poogal(District Bikaner) from Sub-district Khajuwala(District Bikaner) in Rajasthan."
952162,13 Kyd A - 13 Kyd B,13 केवाईडी ए -13 केवाईडी बी,478,Khajuwala,,000000,I,35999,22 Kyd,2025-05-20,2025-06-19,1,"The Village Sukhdeopura(69190),Jhookiya(69163),Amrewala(69186),2do-A(69169)...etc  has been shifted to Sub-district Poogal(District Bikaner) from Sub-district Khajuwala(District Bikaner) in Rajasthan."
952163,17 Kyd - 17 Kyd A,17 केवाईडी -17 केवाईडी ए,478,Khajuwala,,000000,I,35996,17 Kyd,2025-05-20,2025-06-19,1,"The Village Sukhdeopura(69190),Jhookiya(69163),Amrewala(69186),2do-A(69169)...etc  has been shifted to Sub-district Poogal(District Bikaner) from Sub-district Khajuwala(District Bikaner) in Rajasthan."
952164,22 Kyd - 21 Kyd A,22 केवाईडी - 21 केवाईडी ए,478,Khajuwala,,000000,I,35999,22 Kyd,2025-05-20,2025-06-19,1,"The Village Sukhdeopura(69190),Jhookiya(69163),Amrewala(69186),2do-A(69169)...etc  has been shifted to Sub-district Poogal(District Bikaner) from Sub-district Khajuwala(District Bikaner) in Rajasthan."
952165,24-25 Kyd - 24 Kyd A,24-25 केवाईडी - 24 केवाईडी ए,478,Khajuwala,,000000,I,262133,25kyd,2025-05-20,2025-06-19,1,"The Village Sukhdeopura(69190),Jhookiya(69163),Amrewala(69186),2do-A(69169)...etc  has been shifted to Sub-district Poogal(District Bikaner) from Sub-district Khajuwala(District Bikaner) in Rajasthan."
952166,28 Bd A - 28 Bd A,28 बीडी ए -28 बीडी ए,478,Khajuwala,,000000,I,35998,2 Kwm,2025-05-20,2025-06-19,1,"The Village Sukhdeopura(69190),Jhookiya(69163),Amrewala(69186),2do-A(69169)...etc  has been shifted to Sub-district Poogal(District Bikaner) from Sub-district Khajuwala(District Bikaner) in Rajasthan."
952167,2 Brwm - 1 Brwm,2 बीआडब्ल्यूएम-1 बीआरडब्ल्यूएम,478,Khajuwala,,000000,I,262118,7phm,2025-05-20,2025-06-19,1,"The Village Sukhdeopura(69190),Jhookiya(69163),Amrewala(69186),2do-A(69169)...etc  has been shifted to Sub-district Poogal(District Bikaner) from Sub-district Khajuwala(District Bikaner) in Rajasthan."
952168,2 Kwm A - 1Kwm A,2 केडब्ल्यूएम ए -1 केडब्ल्यूएम ए,478,Khajuwala,,000000,I,35998,2 Kwm,2025-05-20,2025-06-19,1,"The Village Sukhdeopura(69190),Jhookiya(69163),Amrewala(69186),2do-A(69169)...etc  has been shifted to Sub-district Poogal(District Bikaner) from Sub-district Khajuwala(District Bikaner) in Rajasthan."
952169,33 Kjd - 1 Bwsm,33 केजेडी -1 बीडब्ल्यूएसएम,478,Khajuwala,,000000,I,35997,2 Kld,2025-05-20,2025-06-19,1,"The Village Sukhdeopura(69190),Jhookiya(69163),Amrewala(69186),2do-A(69169)...etc  has been shifted to Sub-district Poogal(District Bikaner) from Sub-district Khajuwala(District Bikaner) in Rajasthan."
952170,39 Kjd - 8 Dwd,39 केजेडी -8 डीडब्ल्यूडी,478,Khajuwala,,000000,I,36006,Anandgarh,2025-05-20,2025-06-19,1,"The Village Sukhdeopura(69190),Jhookiya(69163),Amrewala(69186),2do-A(69169)...etc  has been shifted to Sub-district Poogal(District Bikaner) from Sub-district Khajuwala(District Bikaner) in Rajasthan."
952171,42 Kjd - 38 Kjd,42 केजेडी -38 केजेडी,478,Khajuwala,,000000,I,35997,2 Kld,2025-05-20,2025-06-19,1,"The Village Sukhdeopura(69190),Jhookiya(69163),Amrewala(69186),2do-A(69169)...etc  has been shifted to Sub-district Poogal(District Bikaner) from Sub-district Khajuwala(District Bikaner) in Rajasthan."
952173,5 Kjd - 2 Kjd A,5 केजेडी - 2 केजेडी ए,478,Khajuwala,,000000,I,35999,22 Kyd,2025-05-20,2025-06-19,1,"The Village Sukhdeopura(69190),Jhookiya(69163),Amrewala(69186),2do-A(69169)...etc  has been shifted to Sub-district Poogal(District Bikaner) from Sub-district Khajuwala(District Bikaner) in Rajasthan."
952174,5 Kyd A - 2 Kyd,5 केवाईडी ए - 2 केवाईडी,478,Khajuwala,,000000,I,262123,5kyd,2025-05-20,2025-06-19,1,"The Village Sukhdeopura(69190),Jhookiya(69163),Amrewala(69186),2do-A(69169)...etc  has been shifted to Sub-district Poogal(District Bikaner) from Sub-district Khajuwala(District Bikaner) in Rajasthan."
952175,Sanjarwala - 1 Swm A,संजरवाला -1 एसडब्ल्यूएम ए,478,Khajuwala,,000000,I,36032,Kundal,2025-05-20,2025-06-19,1,"The Village Sukhdeopura(69190),Jhookiya(69163),Amrewala(69186),2do-A(69169)...etc  has been shifted to Sub-district Poogal(District Bikaner) from Sub-district Khajuwala(District Bikaner) in Rajasthan."
952176,6 Phm A - 6 Phm B,6 पीएचएम ए - 6 पीएचएम बी,478,Khajuwala,,000000,I,262118,7phm,2025-05-20,2025-06-19,1,"The Village Sukhdeopura(69190),Jhookiya(69163),Amrewala(69186),2do-A(69169)...etc  has been shifted to Sub-district Poogal(District Bikaner) from Sub-district Khajuwala(District Bikaner) in Rajasthan."
952177,6 Sjm A - 5 Sjm,6 एसजेएम ए -5 एसजेएम,478,Khajuwala,,000000,I,36032,Kundal,2025-05-20,2025-06-19,1,"The Village Sukhdeopura(69190),Jhookiya(69163),Amrewala(69186),2do-A(69169)...etc  has been shifted to Sub-district Poogal(District Bikaner) from Sub-district Khajuwala(District Bikaner) in Rajasthan."
952178,7 Kld - 3 Kld,7 केएलडी -3 केएलडी,478,Khajuwala,,000000,I,36006,Anandgarh,2025-05-20,2025-06-19,1,"The Village Sukhdeopura(69190),Jhookiya(69163),Amrewala(69186),2do-A(69169)...etc  has been shifted to Sub-district Poogal(District Bikaner) from Sub-district Khajuwala(District Bikaner) in Rajasthan."
952179,7 Phm A - 2 Phm A,7 पीएचएम ए -2 पीएचएम ए,478,Khajuwala,,000000,I,262118,7phm,2025-05-20,2025-06-19,1,"The Village Sukhdeopura(69190),Jhookiya(69163),Amrewala(69186),2do-A(69169)...etc  has been shifted to Sub-district Poogal(District Bikaner) from Sub-district Khajuwala(District Bikaner) in Rajasthan."
952181,6 Bd B - 9 Bd,6 बीडी बी -9 बीडी,478,Khajuwala,,000000,I,36002,8 Kyd,2025-05-20,2025-06-19,1,"The Village Sukhdeopura(69190),Jhookiya(69163),Amrewala(69186),2do-A(69169)...etc  has been shifted to Sub-district Poogal(District Bikaner) from Sub-district Khajuwala(District Bikaner) in Rajasthan."
952182,8 Kyd A- 6 Kyd A,8 केवाईडी ए -6 केवाईडी ए,478,Khajuwala,,000000,I,36002,8 Kyd,2025-05-20,2025-06-19,1,"The Village Sukhdeopura(69190),Jhookiya(69163),Amrewala(69186),2do-A(69169)...etc  has been shifted to Sub-district Poogal(District Bikaner) from Sub-district Khajuwala(District Bikaner) in Rajasthan."
952183,Dantaur Barani - 1-2 Prm,दन्तौर बारानी -1-2 पीआरएम,478,Khajuwala,,000000,I,36014,Dantor,2025-05-20,2025-06-19,1,"The Village Sukhdeopura(69190),Jhookiya(69163),Amrewala(69186),2do-A(69169)...etc  has been shifted to Sub-district Poogal(District Bikaner) from Sub-district Khajuwala(District Bikaner) in Rajasthan."
952184,Nosera - 14 Kjd A,नोसेरा -14 केजेडी ए,478,Khajuwala,,000000,I,36042,Nosera Samrda,2025-05-20,2025-06-19,1,"The Village Sukhdeopura(69190),Jhookiya(69163),Amrewala(69186),2do-A(69169)...etc  has been shifted to Sub-district Poogal(District Bikaner) from Sub-district Khajuwala(District Bikaner) in Rajasthan."
952185,Madhodiggi - 11 Pkd,माधोडिग्गी -11 पीकेडी,478,Khajuwala,,000000,I,262134,Madhodiggi,2025-05-20,2025-06-19,1,"The Village Sukhdeopura(69190),Jhookiya(69163),Amrewala(69186),2do-A(69169)...etc  has been shifted to Sub-district Poogal(District Bikaner) from Sub-district Khajuwala(District Bikaner) in Rajasthan."
953007,Ballar Barani-12 Kld Anandgarh,बल्लर बारानी-12 के एल ड़ी आनंदगढ़,478,Khajuwala,,000000,I,36034,Lunkhan,2025-05-20,2025-07-11,1,"The Village Sukhdeopura(69190),Jhookiya(69163),Amrewala(69186),2do-A(69169)...etc  has been shifted to Sub-district Poogal(District Bikaner) from Sub-district Khajuwala(District Bikaner) in Rajasthan."
953008,Ghulam Ali Wala -1 Kld,गुलाम अली वाला -1 केएलड़ी,478,Khajuwala,,000000,U,,,2025-05-20,2025-07-11,1,"The Village Sukhdeopura(69190),Jhookiya(69163),Amrewala(69186),2do-A(69169)...etc  has been shifted to Sub-district Poogal(District Bikaner) from Sub-district Khajuwala(District Bikaner) in Rajasthan."
953309,Ghulam Ali Wala-7 Kld Anandgarh,गुलाम अली वाला-7 केएलडी आनंदगढ़,478,Khajuwala,,000000,U,,,2025-05-20,2025-07-15,1,"The Village Sukhdeopura(69190),Jhookiya(69163),Amrewala(69186),2do-A(69169)...etc  has been shifted to Sub-district Poogal(District Bikaner) from Sub-district Khajuwala(District Bikaner) in Rajasthan."
953329,Ballar Barani-13 Kld A Anandgarh,बल्लर बारानी-13 केएलडी ए आनंदगढ,478,Khajuwala,,000000,U,,,2025-05-20,2025-07-15,1,"The Village Sukhdeopura(69190),Jhookiya(69163),Amrewala(69186),2do-A(69169)...etc  has been shifted to Sub-district Poogal(District Bikaner) from Sub-district Khajuwala(District Bikaner) in Rajasthan."
953342,Dantaur Barani-9 Prm,दन्तौर बारानी-9 पीआरएम,478,Khajuwala,,000000,U,,,2025-05-20,2025-07-15,1,"The Village Sukhdeopura(69190),Jhookiya(69163),Amrewala(69186),2do-A(69169)...etc  has been shifted to Sub-district Poogal(District Bikaner) from Sub-district Khajuwala(District Bikaner) in Rajasthan."
953348,4 Ssm-2 Ssm,4 एसएसएम-2 एसएसएम,478,Khajuwala,,000000,U,,,2025-05-20,2025-07-15,1,"The Village Sukhdeopura(69190),Jhookiya(69163),Amrewala(69186),2do-A(69169)...etc  has been shifted to Sub-district Poogal(District Bikaner) from Sub-district Khajuwala(District Bikaner) in Rajasthan."
953352,12 Pb-12 Pb A,12 पीबी-12 पीबी ए,478,Khajuwala,,000000,U,,,2025-05-20,2025-07-15,1,"The Village Sukhdeopura(69190),Jhookiya(69163),Amrewala(69186),2do-A(69169)...etc  has been shifted to Sub-district Poogal(District Bikaner) from Sub-district Khajuwala(District Bikaner) in Rajasthan."
953356,7 Ssm-9 Ssm,7 एसएसएम-9 एसएसएम,478,Khajuwala,,000000,U,,,2025-05-20,2025-07-15,1,"The Village Sukhdeopura(69190),Jhookiya(69163),Amrewala(69186),2do-A(69169)...etc  has been shifted to Sub-district Poogal(District Bikaner) from Sub-district Khajuwala(District Bikaner) in Rajasthan."
953534,21 Kjd-19 Kjd B,21 केजेडी-19 केजेडी बी ,478,Khajuwala,,000000,U,,,2025-05-20,2025-07-16,1,"The Village Sukhdeopura(69190),Jhookiya(69163),Amrewala(69186),2do-A(69169)...etc  has been shifted to Sub-district Poogal(District Bikaner) from Sub-district Khajuwala(District Bikaner) in Rajasthan."
953554,Ghulam Ali Wala-8 Kld Anandgarh,गुलाम अली वाला-8 केएलडी आनंदगढ,478,Khajuwala,,000000,U,,,2025-05-20,2025-07-16,1,"The Village Sukhdeopura(69190),Jhookiya(69163),Amrewala(69186),2do-A(69169)...etc  has been shifted to Sub-district Poogal(District Bikaner) from Sub-district Khajuwala(District Bikaner) in Rajasthan."
953557,Siyasar Chogan-14 Pb B,सियासर चौगान 14 पीबी बी,478,Khajuwala,,000000,U,,,2025-05-20,2025-07-16,1,"The Village Sukhdeopura(69190),Jhookiya(69163),Amrewala(69186),2do-A(69169)...etc  has been shifted to Sub-district Poogal(District Bikaner) from Sub-district Khajuwala(District Bikaner) in Rajasthan."
953558,Ghulam Ali Wala-9 Kld Anandgarh,गुलाम अली वाला-9 केएलडी आनंदगढ,478,Khajuwala,,000000,U,,,2025-05-20,2025-07-16,1,"The Village Sukhdeopura(69190),Jhookiya(69163),Amrewala(69186),2do-A(69169)...etc  has been shifted to Sub-district Poogal(District Bikaner) from Sub-district Khajuwala(District Bikaner) in Rajasthan."
953559,Ballar Barani-13 Kld B Anandgarh,बल्लर बारानी-13 केएलडी बी आनंदगढ,478,Khajuwala,,000000,U,,,2025-05-20,2025-07-16,1,"The Village Sukhdeopura(69190),Jhookiya(69163),Amrewala(69186),2do-A(69169)...etc  has been shifted to Sub-district Poogal(District Bikaner) from Sub-district Khajuwala(District Bikaner) in Rajasthan."
953572,12 Pb-12 Pb Old,12 पीबी-12 पीबी पुराना,478,Khajuwala,,000000,U,,,2025-05-20,2025-07-17,1,"The Village Sukhdeopura(69190),Jhookiya(69163),Amrewala(69186),2do-A(69169)...etc  has been shifted to Sub-district Poogal(District Bikaner) from Sub-district Khajuwala(District Bikaner) in Rajasthan."
953577,Ghulam Ali Wala-10 Kld Anandgarh,गुलाम अली वाला-10 केएलडी आनंदगढ,478,Khajuwala,,000000,U,,,2025-05-20,2025-07-17,1,"The Village Sukhdeopura(69190),Jhookiya(69163),Amrewala(69186),2do-A(69169)...etc  has been shifted to Sub-district Poogal(District Bikaner) from Sub-district Khajuwala(District Bikaner) in Rajasthan."
953578,4 Ssm -3 Ssm A,4 एसएसएम-3 एसएसएम ए,478,Khajuwala,,000000,U,,,2025-05-20,2025-07-17,1,"The Village Sukhdeopura(69190),Jhookiya(69163),Amrewala(69186),2do-A(69169)...etc  has been shifted to Sub-district Poogal(District Bikaner) from Sub-district Khajuwala(District Bikaner) in Rajasthan."
953579,Siyasar Chogan-5 Ssm,सियासर चौगान-5 एसएसएम,478,Khajuwala,,000000,U,36053,Siyasar Chougan,2025-05-20,2025-07-17,1,"The Village Sukhdeopura(69190),Jhookiya(69163),Amrewala(69186),2do-A(69169)...etc  has been shifted to Sub-district Poogal(District Bikaner) from Sub-district Khajuwala(District Bikaner) in Rajasthan."
953583,Ballar Barani-13 Kld Old Anandgarh,बल्लर बारानी-13 केएलडी पुराना आनंदगढ,478,Khajuwala,,000000,U,,,2025-05-20,2025-07-17,1,"The Village Sukhdeopura(69190),Jhookiya(69163),Amrewala(69186),2do-A(69169)...etc  has been shifted to Sub-district Poogal(District Bikaner) from Sub-district Khajuwala(District Bikaner) in Rajasthan."
953584,Dantaur Barani-8 Prm,दन्तौर बारानी-8 पीआरएम,478,Khajuwala,,000000,U,36014,Dantor,2025-05-20,2025-07-17,1,"The Village Sukhdeopura(69190),Jhookiya(69163),Amrewala(69186),2do-A(69169)...etc  has been shifted to Sub-district Poogal(District Bikaner) from Sub-district Khajuwala(District Bikaner) in Rajasthan."
953585,7 Ssm-10 Ssm,7 एसएसएम-10 एसएसएम,478,Khajuwala,,000000,U,,,2025-05-20,2025-07-17,1,"The Village Sukhdeopura(69190),Jhookiya(69163),Amrewala(69186),2do-A(69169)...etc  has been shifted to Sub-district Poogal(District Bikaner) from Sub-district Khajuwala(District Bikaner) in Rajasthan."
953590,Ghulam Ali Wala- 3 Kld,गुलाम अली वाला-3 केएलडी,478,Khajuwala,,000000,U,,,2025-05-20,2025-07-17,1,"The Village Sukhdeopura(69190),Jhookiya(69163),Amrewala(69186),2do-A(69169)...etc  has been shifted to Sub-district Poogal(District Bikaner) from Sub-district Khajuwala(District Bikaner) in Rajasthan."
953640,16 Pb- 17 Pb A,16 पीबी-17 पीबी ए,478,Khajuwala,,000000,U,,,2025-05-20,2025-07-17,1,"The Village Sukhdeopura(69190),Jhookiya(69163),Amrewala(69186),2do-A(69169)...etc  has been shifted to Sub-district Poogal(District Bikaner) from Sub-district Khajuwala(District Bikaner) in Rajasthan."
953644,24-25 Kyd - 27 Kyd B,24-25 केवाईडी - 27 केवाईडी बी,478,Khajuwala,,000000,U,,,2025-05-20,2025-07-17,1,"The Village Sukhdeopura(69190),Jhookiya(69163),Amrewala(69186),2do-A(69169)...etc  has been shifted to Sub-district Poogal(District Bikaner) from Sub-district Khajuwala(District Bikaner) in Rajasthan."
953648,28 Kyd - 29 Kyd B,28 केवाईडी - 29 केवाईडी बी,478,Khajuwala,,000000,U,,,2025-05-20,2025-07-17,1,"The Village Sukhdeopura(69190),Jhookiya(69163),Amrewala(69186),2do-A(69169)...etc  has been shifted to Sub-district Poogal(District Bikaner) from Sub-district Khajuwala(District Bikaner) in Rajasthan."
953651,4 Ssm-3 Ssm B,4 एसएसएम-3 एसएसएम बी,478,Khajuwala,,000000,U,,,2025-05-20,2025-07-17,1,"The Village Sukhdeopura(69190),Jhookiya(69163),Amrewala(69186),2do-A(69169)...etc  has been shifted to Sub-district Poogal(District Bikaner) from Sub-district Khajuwala(District Bikaner) in Rajasthan."
953654,21 Kjd - 20 Kjd,21 केजेडी-20 केजेडी,478,Khajuwala,,000000,U,,,2025-05-20,2025-07-17,1,"The Village Sukhdeopura(69190),Jhookiya(69163),Amrewala(69186),2do-A(69169)...etc  has been shifted to Sub-district Poogal(District Bikaner) from Sub-district Khajuwala(District Bikaner) in Rajasthan."
953681,10 Bd - 8 Bd A,10 बीडी- 8 बीडी ए,478,Khajuwala,,000000,U,,,2025-05-20,2025-07-17,1,"The Village Sukhdeopura(69190),Jhookiya(69163),Amrewala(69186),2do-A(69169)...etc  has been shifted to Sub-district Poogal(District Bikaner) from Sub-district Khajuwala(District Bikaner) in Rajasthan."
953703,14 Bd A - 1 Bm B,14 बीडीए-1 बीएम बी,478,Khajuwala,,000000,U,,,2025-05-20,2025-07-17,1,"The Village Sukhdeopura(69190),Jhookiya(69163),Amrewala(69186),2do-A(69169)...etc  has been shifted to Sub-district Poogal(District Bikaner) from Sub-district Khajuwala(District Bikaner) in Rajasthan."
953715,7 Ssm-11 Ssm,7 एसएसएम-11 एसएसएम,478,Khajuwala,,000000,U,,,2025-05-20,2025-07-17,1,"The Village Sukhdeopura(69190),Jhookiya(69163),Amrewala(69186),2do-A(69169)...etc  has been shifted to Sub-district Poogal(District Bikaner) from Sub-district Khajuwala(District Bikaner) in Rajasthan."
953725,12 Pb-13 Pb,12 पीबी-13 पीबी,478,Khajuwala,,000000,U,,,2025-05-20,2025-07-17,1,"The Village Sukhdeopura(69190),Jhookiya(69163),Amrewala(69186),2do-A(69169)...etc  has been shifted to Sub-district Poogal(District Bikaner) from Sub-district Khajuwala(District Bikaner) in Rajasthan."
953772,1 Kjd-1Kjd B,1 केजेडी-1 केजेडी बी,478,Khajuwala,,000000,U,36000,3 Pwm,2025-05-20,2025-07-17,1,"The Village Sukhdeopura(69190),Jhookiya(69163),Amrewala(69186),2do-A(69169)...etc  has been shifted to Sub-district Poogal(District Bikaner) from Sub-district Khajuwala(District Bikaner) in Rajasthan."
953779,10 Bd- 8 Bd B,10 बीडी-8 बीडी बी,478,Khajuwala,,000000,U,,,2025-05-20,2025-07-17,1,"The Village Sukhdeopura(69190),Jhookiya(69163),Amrewala(69186),2do-A(69169)...etc  has been shifted to Sub-district Poogal(District Bikaner) from Sub-district Khajuwala(District Bikaner) in Rajasthan."
953780,3 Pwm-4 Pwm B,3 पीडब्ल्यूएम- 4 पीडब्ल्यूएम बी,478,Khajuwala,,000000,U,,,2025-05-20,2025-07-17,1,"The Village Sukhdeopura(69190),Jhookiya(69163),Amrewala(69186),2do-A(69169)...etc  has been shifted to Sub-district Poogal(District Bikaner) from Sub-district Khajuwala(District Bikaner) in Rajasthan."
953781,22 Kyd-23 Kyd B,22 केवाईडी-23 केवाईडी बी,478,Khajuwala,,000000,U,35999,22 Kyd,2025-05-20,2025-07-17,1,"The Village Sukhdeopura(69190),Jhookiya(69163),Amrewala(69186),2do-A(69169)...etc  has been shifted to Sub-district Poogal(District Bikaner) from Sub-district Khajuwala(District Bikaner) in Rajasthan."
953783,28 Kyd-29Kyd Without Cad,28 केवाईडी-29 केवाईडी बिना सीएडी,478,Khajuwala,,000000,U,,,2025-05-20,2025-07-17,1,"The Village Sukhdeopura(69190),Jhookiya(69163),Amrewala(69186),2do-A(69169)...etc  has been shifted to Sub-district Poogal(District Bikaner) from Sub-district Khajuwala(District Bikaner) in Rajasthan."
953785,2 Gwm-23 Kjd,2 जीडब्ल्यूएम- 23 केजेडी,478,Khajuwala,,000000,U,,,2025-05-20,2025-07-17,1,"The Village Sukhdeopura(69190),Jhookiya(69163),Amrewala(69186),2do-A(69169)...etc  has been shifted to Sub-district Poogal(District Bikaner) from Sub-district Khajuwala(District Bikaner) in Rajasthan."
954010,4 Bgm A- 4 Bgm B,4 बीजीएम ए- 4 बीजीएम बी,478,Khajuwala,,000000,U,36017,Guluwali,2025-05-20,2025-07-21,1,"The Village Sukhdeopura(69190),Jhookiya(69163),Amrewala(69186),2do-A(69169)...etc  has been shifted to Sub-district Poogal(District Bikaner) from Sub-district Khajuwala(District Bikaner) in Rajasthan."
954015,3 Bgm A-24 Kjd,3 बीजीएम ए- 24 केजेडी,478,Khajuwala,,000000,U,,,2025-05-20,2025-07-21,1,"The Village Sukhdeopura(69190),Jhookiya(69163),Amrewala(69186),2do-A(69169)...etc  has been shifted to Sub-district Poogal(District Bikaner) from Sub-district Khajuwala(District Bikaner) in Rajasthan."
954022,33 Kjd- 2Bym A,33 केजेडी-2 बीवाईएम ए,478,Khajuwala,,000000,U,,,2025-05-20,2025-07-21,1,"The Village Sukhdeopura(69190),Jhookiya(69163),Amrewala(69186),2do-A(69169)...etc  has been shifted to Sub-district Poogal(District Bikaner) from Sub-district Khajuwala(District Bikaner) in Rajasthan."
954031,31 Kyd-32 Kyd A,31 केवाईडी-32 केवाईडी ए,478,Khajuwala,,000000,U,,,2025-05-20,2025-07-21,1,"The Village Sukhdeopura(69190),Jhookiya(69163),Amrewala(69186),2do-A(69169)...etc  has been shifted to Sub-district Poogal(District Bikaner) from Sub-district Khajuwala(District Bikaner) in Rajasthan."
954033,28 Kjd-1 Hwm,28 केजेडी- 1 एचडब्ल्यूएम,478,Khajuwala,,000000,U,,,2025-05-20,2025-07-21,1,"The Village Sukhdeopura(69190),Jhookiya(69163),Amrewala(69186),2do-A(69169)...etc  has been shifted to Sub-district Poogal(District Bikaner) from Sub-district Khajuwala(District Bikaner) in Rajasthan."
954048,1 Alm Aldeen- 6 Bgm,1 एएलम अलदीन-6 बीजीएम,478,Khajuwala,,000000,U,,,2025-05-20,2025-07-21,1,"The Village Sukhdeopura(69190),Jhookiya(69163),Amrewala(69186),2do-A(69169)...etc  has been shifted to Sub-district Poogal(District Bikaner) from Sub-district Khajuwala(District Bikaner) in Rajasthan."
954053,40 Kyd-39 Kyd,40 केवाईडी-39 केवाईडी ,478,Khajuwala,,000000,U,,,2025-05-20,2025-07-21,1,"The Village Sukhdeopura(69190),Jhookiya(69163),Amrewala(69186),2do-A(69169)...etc  has been shifted to Sub-district Poogal(District Bikaner) from Sub-district Khajuwala(District Bikaner) in Rajasthan."
954055,34 Kyd-33 Kyd A,34 केवाईडी-33 केवाईडी ए,478,Khajuwala,,000000,U,,,2025-05-20,2025-07-21,1,"The Village Sukhdeopura(69190),Jhookiya(69163),Amrewala(69186),2do-A(69169)...etc  has been shifted to Sub-district Poogal(District Bikaner) from Sub-district Khajuwala(District Bikaner) in Rajasthan."
954061,Dantaur Barani-3 Prm,दन्तौर बारानी-3 पीआरएम,478,Khajuwala,,000000,U,,,2025-05-20,2025-07-21,1,"The Village Sukhdeopura(69190),Jhookiya(69163),Amrewala(69186),2do-A(69169)...etc  has been shifted to Sub-district Poogal(District Bikaner) from Sub-district Khajuwala(District Bikaner) in Rajasthan."
954071,28 Bd A-28 Bd B,28 बीडी ए-28 बीडी बी,478,Khajuwala,,000000,U,,,2025-05-20,2025-07-21,1,"The Village Sukhdeopura(69190),Jhookiya(69163),Amrewala(69186),2do-A(69169)...etc  has been shifted to Sub-district Poogal(District Bikaner) from Sub-district Khajuwala(District Bikaner) in Rajasthan."
954110,24-25 Kyd-24 Kyd B,24-25 केवाईडी-24 केवाईडी बी,478,Khajuwala,,000000,U,,,2025-05-20,2025-07-21,1,"The Village Sukhdeopura(69190),Jhookiya(69163),Amrewala(69186),2do-A(69169)...etc  has been shifted to Sub-district Poogal(District Bikaner) from Sub-district Khajuwala(District Bikaner) in Rajasthan."
954111,2 Kwm A-1 Kwm B,2 केडब्ल्यूएम ए- 1 केडब्ल्यूएम बी,478,Khajuwala,,000000,U,,,2025-05-20,2025-07-21,1,"The Village Sukhdeopura(69190),Jhookiya(69163),Amrewala(69186),2do-A(69169)...etc  has been shifted to Sub-district Poogal(District Bikaner) from Sub-district Khajuwala(District Bikaner) in Rajasthan."
954124,33 Kjd- 1Bwsm A,33 केजेडी-1 बीडब्ल्यूएसएम ए,478,Khajuwala,,000000,U,,,2025-05-20,2025-07-21,1,"The Village Sukhdeopura(69190),Jhookiya(69163),Amrewala(69186),2do-A(69169)...etc  has been shifted to Sub-district Poogal(District Bikaner) from Sub-district Khajuwala(District Bikaner) in Rajasthan."
954125,42 Kjd-41 Kjd,42 केजेडी-41 केेजेडी,478,Khajuwala,,000000,U,,,2025-05-20,2025-07-21,1,"The Village Sukhdeopura(69190),Jhookiya(69163),Amrewala(69186),2do-A(69169)...etc  has been shifted to Sub-district Poogal(District Bikaner) from Sub-district Khajuwala(District Bikaner) in Rajasthan."
954186,2 Brwm-2 Brwm(Without Cad),2 बीआरडब्ल्यूएम-2 बीआरडब्ल्यूएम(बिना सीएडी),478,Khajuwala,,000000,U,,,2025-05-20,2025-07-21,1,"The Village Sukhdeopura(69190),Jhookiya(69163),Amrewala(69186),2do-A(69169)...etc  has been shifted to Sub-district Poogal(District Bikaner) from Sub-district Khajuwala(District Bikaner) in Rajasthan."
954187,Sanjarwala-1 Swm B,संजरवाला-1 एसडब्ल्यूएम बी,478,Khajuwala,,000000,U,36032,Kundal,2025-05-20,2025-07-21,1,"The Village Sukhdeopura(69190),Jhookiya(69163),Amrewala(69186),2do-A(69169)...etc  has been shifted to Sub-district Poogal(District Bikaner) from Sub-district Khajuwala(District Bikaner) in Rajasthan."
954237,8 Kyd A- 6 Kyd B,8 केवाईडी ए- 6 केवाईडी बी,478,Khajuwala,,000000,U,,,2025-05-20,2025-07-21,1,"The Village Sukhdeopura(69190),Jhookiya(69163),Amrewala(69186),2do-A(69169)...etc  has been shifted to Sub-district Poogal(District Bikaner) from Sub-district Khajuwala(District Bikaner) in Rajasthan."
954238,7 Phm A-2 Phm B,7 पीएचएम ए-2 पीएचएम बी,478,Khajuwala,,000000,U,,,2025-05-20,2025-07-21,1,"The Village Sukhdeopura(69190),Jhookiya(69163),Amrewala(69186),2do-A(69169)...etc  has been shifted to Sub-district Poogal(District Bikaner) from Sub-district Khajuwala(District Bikaner) in Rajasthan."
954241,Nosera-14 Kjd B,नोसेरा-14 केजेडी बी,478,Khajuwala,,000000,U,,,2025-05-20,2025-07-21,1,"The Village Sukhdeopura(69190),Jhookiya(69163),Amrewala(69186),2do-A(69169)...etc  has been shifted to Sub-district Poogal(District Bikaner) from Sub-district Khajuwala(District Bikaner) in Rajasthan."
954243,Madhodiggi- 13 Pkd,माधोडिग्गी-13 पीकेडी,478,Khajuwala,,000000,U,,,2025-05-20,2025-07-21,1,"The Village Sukhdeopura(69190),Jhookiya(69163),Amrewala(69186),2do-A(69169)...etc  has been shifted to Sub-district Poogal(District Bikaner) from Sub-district Khajuwala(District Bikaner) in Rajasthan."
954244,7 Kld-5 Kld (Cad),7 केएलडी-5 केएलडी(सीएडी),478,Khajuwala,,000000,U,,,2025-05-20,2025-07-21,1,"The Village Sukhdeopura(69190),Jhookiya(69163),Amrewala(69186),2do-A(69169)...etc  has been shifted to Sub-district Poogal(District Bikaner) from Sub-district Khajuwala(District Bikaner) in Rajasthan."
954245,6 Bd B-11 Bd A,6 बीडी बी-11 बीडी ए,478,Khajuwala,,000000,U,,,2025-05-20,2025-07-21,1,"The Village Sukhdeopura(69190),Jhookiya(69163),Amrewala(69186),2do-A(69169)...etc  has been shifted to Sub-district Poogal(District Bikaner) from Sub-district Khajuwala(District Bikaner) in Rajasthan."
954246,6 Sjm A- 6 Sjm B,6 एसजेएम ए-6 एसजेएम बी,478,Khajuwala,,000000,U,,,2025-05-20,2025-07-21,1,"The Village Sukhdeopura(69190),Jhookiya(69163),Amrewala(69186),2do-A(69169)...etc  has been shifted to Sub-district Poogal(District Bikaner) from Sub-district Khajuwala(District Bikaner) in Rajasthan."
954247,12 Kjd-12 Pkd,12 केजेडी-12 पीकेडी,478,Khajuwala,,000000,U,,,2025-05-20,2025-07-21,1,"The Village Sukhdeopura(69190),Jhookiya(69163),Amrewala(69186),2do-A(69169)...etc  has been shifted to Sub-district Poogal(District Bikaner) from Sub-district Khajuwala(District Bikaner) in Rajasthan."
954248,5 Kyd A-3 Kyd B,5 केवाईडी ए-3 केवाईडी बी,478,Khajuwala,,000000,U,,,2025-05-20,2025-07-21,1,"The Village Sukhdeopura(69190),Jhookiya(69163),Amrewala(69186),2do-A(69169)...etc  has been shifted to Sub-district Poogal(District Bikaner) from Sub-district Khajuwala(District Bikaner) in Rajasthan."
954249,5 Kjd-2 Kjd B,5 केजेडी-2 केजेडी बी,478,Khajuwala,,000000,U,,,2025-05-20,2025-07-21,1,"The Village Sukhdeopura(69190),Jhookiya(69163),Amrewala(69186),2do-A(69169)...etc  has been shifted to Sub-district Poogal(District Bikaner) from Sub-district Khajuwala(District Bikaner) in Rajasthan."
954250,39 Kjd-7 Dwd,39 केजेडी-7 डीडब्ल्यूडी ,478,Khajuwala,,000000,U,,,2025-05-20,2025-07-21,1,"The Village Sukhdeopura(69190),Jhookiya(69163),Amrewala(69186),2do-A(69169)...etc  has been shifted to Sub-district Poogal(District Bikaner) from Sub-district Khajuwala(District Bikaner) in Rajasthan."
954251,17 Kyd-17 Kyd B,17 केवाईडी-17 केवाईडी बी,478,Khajuwala,,000000,U,,,2025-05-20,2025-07-21,1,"The Village Sukhdeopura(69190),Jhookiya(69163),Amrewala(69186),2do-A(69169)...etc  has been shifted to Sub-district Poogal(District Bikaner) from Sub-district Khajuwala(District Bikaner) in Rajasthan."
954252,22 Kyd- 21 Kyd B,22 केवाईडी-21 केवाईडी बी,478,Khajuwala,,000000,U,,,2025-05-20,2025-07-21,1,"The Village Sukhdeopura(69190),Jhookiya(69163),Amrewala(69186),2do-A(69169)...etc  has been shifted to Sub-district Poogal(District Bikaner) from Sub-district Khajuwala(District Bikaner) in Rajasthan."
954253,12 Kyd - 11 Kyd B,12 केवाईडी - 11 केवाईडी बी,478,Khajuwala,,000000,U,,,2025-05-20,2025-07-21,1,"The Village Sukhdeopura(69190),Jhookiya(69163),Amrewala(69186),2do-A(69169)...etc  has been shifted to Sub-district Poogal(District Bikaner) from Sub-district Khajuwala(District Bikaner) in Rajasthan."
954254,Ballar Barani-14 Kld A Anandgarh,बल्लर बारानी-14 केएलडी ए आनंदगढ,478,Khajuwala,,000000,U,,,2025-05-20,2025-07-21,1,"The Village Sukhdeopura(69190),Jhookiya(69163),Amrewala(69186),2do-A(69169)...etc  has been shifted to Sub-district Poogal(District Bikaner) from Sub-district Khajuwala(District Bikaner) in Rajasthan."
954257,Dantaur Barani-7 Prm,दन्तौर बारानी-7 पीआरएम,478,Khajuwala,,000000,U,,,2025-05-20,2025-07-21,1,"The Village Sukhdeopura(69190),Jhookiya(69163),Amrewala(69186),2do-A(69169)...etc  has been shifted to Sub-district Poogal(District Bikaner) from Sub-district Khajuwala(District Bikaner) in Rajasthan."
954259,4 Ssm-6 Ssm,4 एसएसएम-6 एसएसएम,478,Khajuwala,,000000,U,,,2025-05-20,2025-07-21,1,"The Village Sukhdeopura(69190),Jhookiya(69163),Amrewala(69186),2do-A(69169)...etc  has been shifted to Sub-district Poogal(District Bikaner) from Sub-district Khajuwala(District Bikaner) in Rajasthan."
954260,12 Pb-12 Pb B,12 पीबी-12 पीबी बी,478,Khajuwala,,000000,U,36053,Siyasar Chougan,2025-05-20,2025-07-21,1,"The Village Sukhdeopura(69190),Jhookiya(69163),Amrewala(69186),2do-A(69169)...etc  has been shifted to Sub-district Poogal(District Bikaner) from Sub-district Khajuwala(District Bikaner) in Rajasthan."
954263,7 Ssm-15 Pb,7 एसएसएम-15 पीबी,478,Khajuwala,,000000,U,,,2025-05-20,2025-07-21,1,"The Village Sukhdeopura(69190),Jhookiya(69163),Amrewala(69186),2do-A(69169)...etc  has been shifted to Sub-district Poogal(District Bikaner) from Sub-district Khajuwala(District Bikaner) in Rajasthan."
954266,21 Kjd-21 Kjd,21 केजेडी-21 केजेडी,478,Khajuwala,,000000,U,36053,Siyasar Chougan,2025-05-20,2025-07-21,1,"The Village Sukhdeopura(69190),Jhookiya(69163),Amrewala(69186),2do-A(69169)...etc  has been shifted to Sub-district Poogal(District Bikaner) from Sub-district Khajuwala(District Bikaner) in Rajasthan."
954268,Ghulam Ali Wala-4 Kld,गुलाम अली वाला-4 केएलडी ,478,Khajuwala,,000000,U,,,2025-05-20,2025-07-21,1,"The Village Sukhdeopura(69190),Jhookiya(69163),Amrewala(69186),2do-A(69169)...etc  has been shifted to Sub-district Poogal(District Bikaner) from Sub-district Khajuwala(District Bikaner) in Rajasthan."
954269,16 Pb-17 Pb Old,16 पीबी-17 पीबी पुराना,478,Khajuwala,,000000,U,,,2025-05-20,2025-07-21,1,"The Village Sukhdeopura(69190),Jhookiya(69163),Amrewala(69186),2do-A(69169)...etc  has been shifted to Sub-district Poogal(District Bikaner) from Sub-district Khajuwala(District Bikaner) in Rajasthan."
954274,14 Bd A- 12 Bd,14 बीडी ए-12 बीडी,478,Khajuwala,,000000,U,,,2025-05-20,2025-07-21,1,"The Village Sukhdeopura(69190),Jhookiya(69163),Amrewala(69186),2do-A(69169)...etc  has been shifted to Sub-district Poogal(District Bikaner) from Sub-district Khajuwala(District Bikaner) in Rajasthan."
954275,10 Bd- 8 Bd B,10 बीडी-10 बीडी बी,478,Khajuwala,,000000,U,,,2025-05-20,2025-07-21,1,"The Village Sukhdeopura(69190),Jhookiya(69163),Amrewala(69186),2do-A(69169)...etc  has been shifted to Sub-district Poogal(District Bikaner) from Sub-district Khajuwala(District Bikaner) in Rajasthan."
954277,28 Kyd-28 Kyd,28 केवाईडी-28 केवाईडी,478,Khajuwala,,000000,U,36000,3 Pwm,2025-05-20,2025-07-21,1,"The Village Sukhdeopura(69190),Jhookiya(69163),Amrewala(69186),2do-A(69169)...etc  has been shifted to Sub-district Poogal(District Bikaner) from Sub-district Khajuwala(District Bikaner) in Rajasthan."
954279,1 Kjd-4 Kjd,1 केजेडी-4 केजेडी,478,Khajuwala,,000000,U,,,2025-05-20,2025-07-21,1,"The Village Sukhdeopura(69190),Jhookiya(69163),Amrewala(69186),2do-A(69169)...etc  has been shifted to Sub-district Poogal(District Bikaner) from Sub-district Khajuwala(District Bikaner) in Rajasthan."
954280,3 Pwm-3 Pwm,3 पीडब्ल्यूएम- 3 पीडब्ल्यूएम,478,Khajuwala,,000000,U,36000,3 Pwm,2025-05-20,2025-07-21,1,"The Village Sukhdeopura(69190),Jhookiya(69163),Amrewala(69186),2do-A(69169)...etc  has been shifted to Sub-district Poogal(District Bikaner) from Sub-district Khajuwala(District Bikaner) in Rajasthan."
954281,2 Gwm-1 Gwm,2 जीडब्ल्यूएम-1 जीडब्ल्यूएम,478,Khajuwala,,000000,U,,,2025-05-20,2025-07-21,1,"The Village Sukhdeopura(69190),Jhookiya(69163),Amrewala(69186),2do-A(69169)...etc  has been shifted to Sub-district Poogal(District Bikaner) from Sub-district Khajuwala(District Bikaner) in Rajasthan."
954283,3 Bgm A- 3 Bgm A,3 बीजीएम ए-3 बीजीएम ए,478,Khajuwala,,000000,U,,,2025-05-20,2025-07-21,1,"The Village Sukhdeopura(69190),Jhookiya(69163),Amrewala(69186),2do-A(69169)...etc  has been shifted to Sub-district Poogal(District Bikaner) from Sub-district Khajuwala(District Bikaner) in Rajasthan."
954286,33 Kjd-2 Bym B,33 केजेेडी-2 बीवाईएम बी,478,Khajuwala,,000000,U,,,2025-05-20,2025-07-21,1,"The Village Sukhdeopura(69190),Jhookiya(69163),Amrewala(69186),2do-A(69169)...etc  has been shifted to Sub-district Poogal(District Bikaner) from Sub-district Khajuwala(District Bikaner) in Rajasthan."
954288,1 Alm Aldeen-5 Bgm,1 एएलएम अलदीन-5 बीजीएम,478,Khajuwala,,000000,U,,,2025-05-20,2025-07-21,1,"The Village Sukhdeopura(69190),Jhookiya(69163),Amrewala(69186),2do-A(69169)...etc  has been shifted to Sub-district Poogal(District Bikaner) from Sub-district Khajuwala(District Bikaner) in Rajasthan."
954293,31 Kyd-32 Kyd B,31 केवाईडी-32 केवाईडी बी,478,Khajuwala,,000000,U,,,2025-05-20,2025-07-21,1,"The Village Sukhdeopura(69190),Jhookiya(69163),Amrewala(69186),2do-A(69169)...etc  has been shifted to Sub-district Poogal(District Bikaner) from Sub-district Khajuwala(District Bikaner) in Rajasthan."
954294,34 Kyd-33 Kyd B,34 केवाईडी-33 केवाईडी बी ,478,Khajuwala,,000000,U,,,2025-05-20,2025-07-21,1,"The Village Sukhdeopura(69190),Jhookiya(69163),Amrewala(69186),2do-A(69169)...etc  has been shifted to Sub-district Poogal(District Bikaner) from Sub-district Khajuwala(District Bikaner) in Rajasthan."
954295,28 Kjd-4 Bwm,28 केजेडी-4 बीडब्ल्यूएम,478,Khajuwala,,000000,U,,,2025-05-20,2025-07-21,1,"The Village Sukhdeopura(69190),Jhookiya(69163),Amrewala(69186),2do-A(69169)...etc  has been shifted to Sub-district Poogal(District Bikaner) from Sub-district Khajuwala(District Bikaner) in Rajasthan."
954296,Dantaur Barani-4 Khm,दन्तौर बारानी-4 केएचएम,478,Khajuwala,,000000,U,,,2025-05-20,2025-07-21,1,"The Village Sukhdeopura(69190),Jhookiya(69163),Amrewala(69186),2do-A(69169)...etc  has been shifted to Sub-district Poogal(District Bikaner) from Sub-district Khajuwala(District Bikaner) in Rajasthan."
954297,40Kyd-41 Kyd A,40 केवाईडी-41 केवाईडी ए,478,Khajuwala,,000000,U,,,2025-05-20,2025-07-21,1,"The Village Sukhdeopura(69190),Jhookiya(69163),Amrewala(69186),2do-A(69169)...etc  has been shifted to Sub-district Poogal(District Bikaner) from Sub-district Khajuwala(District Bikaner) in Rajasthan."
954304,28 Bd A-28 Bd C,28 बीडी ए-28 बीडी सी,478,Khajuwala,,000000,U,,,2025-05-20,2025-07-21,1,"The Village Sukhdeopura(69190),Jhookiya(69163),Amrewala(69186),2do-A(69169)...etc  has been shifted to Sub-district Poogal(District Bikaner) from Sub-district Khajuwala(District Bikaner) in Rajasthan."
954305,2 Kwm A- 2 Kwm A,2 केडब्ल्यूएम ए-2 केडब्ल्यूएम ए,478,Khajuwala,,000000,U,,,2025-05-20,2025-07-21,1,"The Village Sukhdeopura(69190),Jhookiya(69163),Amrewala(69186),2do-A(69169)...etc  has been shifted to Sub-district Poogal(District Bikaner) from Sub-district Khajuwala(District Bikaner) in Rajasthan."
954306,33 Kjd-1 Mwm,33 केजेडी-1 एमडब्ल्यूएम,478,Khajuwala,,000000,U,,,2025-05-20,2025-07-21,1,"The Village Sukhdeopura(69190),Jhookiya(69163),Amrewala(69186),2do-A(69169)...etc  has been shifted to Sub-district Poogal(District Bikaner) from Sub-district Khajuwala(District Bikaner) in Rajasthan."
954308,42 Kjd-43 Kjd,42 केजेडी-43 केजेडी,478,Khajuwala,,000000,U,,,2025-05-20,2025-07-21,1,"The Village Sukhdeopura(69190),Jhookiya(69163),Amrewala(69186),2do-A(69169)...etc  has been shifted to Sub-district Poogal(District Bikaner) from Sub-district Khajuwala(District Bikaner) in Rajasthan."
954311,7 Kld-6 Kld A,7 केएलडी-6 केएलडी ए,478,Khajuwala,,000000,U,,,2025-05-20,2025-07-21,1,"The Village Sukhdeopura(69190),Jhookiya(69163),Amrewala(69186),2do-A(69169)...etc  has been shifted to Sub-district Poogal(District Bikaner) from Sub-district Khajuwala(District Bikaner) in Rajasthan."
954313,2 Brwm-22 Pkd A,2 बीआरडब्ल्यूएम-22 पीकेडीए,478,Khajuwala,,000000,U,,,2025-05-20,2025-07-21,1,"The Village Sukhdeopura(69190),Jhookiya(69163),Amrewala(69186),2do-A(69169)...etc  has been shifted to Sub-district Poogal(District Bikaner) from Sub-district Khajuwala(District Bikaner) in Rajasthan."
954320,12 Kjd - 18 Pkd,12 केजेडी-18 पीकेडी,478,Khajuwala,,000000,U,,,2025-05-20,2025-07-21,1,"The Village Sukhdeopura(69190),Jhookiya(69163),Amrewala(69186),2do-A(69169)...etc  has been shifted to Sub-district Poogal(District Bikaner) from Sub-district Khajuwala(District Bikaner) in Rajasthan."
954322,6 Sjm A-6 Sjm A,6 एसजेएम ए-6 एसजेएम ए,478,Khajuwala,,000000,U,36032,Kundal,2025-05-20,2025-07-21,1,"The Village Sukhdeopura(69190),Jhookiya(69163),Amrewala(69186),2do-A(69169)...etc  has been shifted to Sub-district Poogal(District Bikaner) from Sub-district Khajuwala(District Bikaner) in Rajasthan."
954324,Madhodiggi - 14 Pkd,माधोडिग्गी-14 पीकेडी,478,Khajuwala,,000000,U,,,2025-05-20,2025-07-21,1,"The Village Sukhdeopura(69190),Jhookiya(69163),Amrewala(69186),2do-A(69169)...etc  has been shifted to Sub-district Poogal(District Bikaner) from Sub-district Khajuwala(District Bikaner) in Rajasthan."
954367,6 Bd B-11 Bd B,6 बीडी बी-11 बीडी बी,478,Khajuwala,,000000,U,,,2025-05-20,2025-07-21,1,"The Village Sukhdeopura(69190),Jhookiya(69163),Amrewala(69186),2do-A(69169)...etc  has been shifted to Sub-district Poogal(District Bikaner) from Sub-district Khajuwala(District Bikaner) in Rajasthan."
954374,22 Kyd-22 Kyd,22 केवाईडी-22 केवाईडी,478,Khajuwala,,000000,U,35999,22 Kyd,2025-05-20,2025-07-22,1,"The Village Sukhdeopura(69190),Jhookiya(69163),Amrewala(69186),2do-A(69169)...etc  has been shifted to Sub-district Poogal(District Bikaner) from Sub-district Khajuwala(District Bikaner) in Rajasthan."
954376,17 Kyd- 17 Kyd C,17 केवाईडी-17 केवाईडी सी,478,Khajuwala,,000000,U,,,2025-05-20,2025-07-22,1,"The Village Sukhdeopura(69190),Jhookiya(69163),Amrewala(69186),2do-A(69169)...etc  has been shifted to Sub-district Poogal(District Bikaner) from Sub-district Khajuwala(District Bikaner) in Rajasthan."
954378,5 Kjd-3 Kjd,5 केजेडी-3 केजेडी,478,Khajuwala,,000000,U,,,2025-05-20,2025-07-22,1,"The Village Sukhdeopura(69190),Jhookiya(69163),Amrewala(69186),2do-A(69169)...etc  has been shifted to Sub-district Poogal(District Bikaner) from Sub-district Khajuwala(District Bikaner) in Rajasthan."
954379,4 Ssm-7 Ssm A,4 एसएसएम ए-7 एसएसएम ए,478,Khajuwala,,000000,U,,,2025-05-20,2025-07-22,1,"The Village Sukhdeopura(69190),Jhookiya(69163),Amrewala(69186),2do-A(69169)...etc  has been shifted to Sub-district Poogal(District Bikaner) from Sub-district Khajuwala(District Bikaner) in Rajasthan."
954380,7 Phm A - 3 Phm A,7 पीएचएम ए-3 पीएचएम ए,478,Khajuwala,,000000,U,,,2025-05-20,2025-07-22,1,"The Village Sukhdeopura(69190),Jhookiya(69163),Amrewala(69186),2do-A(69169)...etc  has been shifted to Sub-district Poogal(District Bikaner) from Sub-district Khajuwala(District Bikaner) in Rajasthan."
954381,7 Ssm-7 Ssm A,7 एसएसएम-7 एसएसएम ए,478,Khajuwala,,000000,U,36053,Siyasar Chougan,2025-05-20,2025-07-22,1,"The Village Sukhdeopura(69190),Jhookiya(69163),Amrewala(69186),2do-A(69169)...etc  has been shifted to Sub-district Poogal(District Bikaner) from Sub-district Khajuwala(District Bikaner) in Rajasthan."
954382,8 Kyd A- 7Kyd A,8 केवाईडी ए-7 केवाईडी ए,478,Khajuwala,,000000,U,,,2025-05-20,2025-07-22,1,"The Village Sukhdeopura(69190),Jhookiya(69163),Amrewala(69186),2do-A(69169)...etc  has been shifted to Sub-district Poogal(District Bikaner) from Sub-district Khajuwala(District Bikaner) in Rajasthan."
954383,6 Phm A- 6 Phm A,6 पीएचएम ए-6 पीएचएम ए,478,Khajuwala,,000000,U,262118,7phm,2025-05-20,2025-07-22,1,"The Village Sukhdeopura(69190),Jhookiya(69163),Amrewala(69186),2do-A(69169)...etc  has been shifted to Sub-district Poogal(District Bikaner) from Sub-district Khajuwala(District Bikaner) in Rajasthan."
954384,Ballar Barani-14 Kld B Anandgarh,बल्लर बारानी-14 केएलडी बी आनंदगढ,478,Khajuwala,,000000,U,,,2025-05-20,2025-07-22,1,"The Village Sukhdeopura(69190),Jhookiya(69163),Amrewala(69186),2do-A(69169)...etc  has been shifted to Sub-district Poogal(District Bikaner) from Sub-district Khajuwala(District Bikaner) in Rajasthan."
954385,Nosera-14 Kjd C,नोसेरा-14 केजेडी सी,478,Khajuwala,,000000,U,,,2025-05-20,2025-07-22,1,"The Village Sukhdeopura(69190),Jhookiya(69163),Amrewala(69186),2do-A(69169)...etc  has been shifted to Sub-district Poogal(District Bikaner) from Sub-district Khajuwala(District Bikaner) in Rajasthan."
954391,Ghulam Ali Wala-5 Kld,गुलाम अली वाला-5 केएलडी,478,Khajuwala,,000000,U,,,2025-05-20,2025-07-22,1,"The Village Sukhdeopura(69190),Jhookiya(69163),Amrewala(69186),2do-A(69169)...etc  has been shifted to Sub-district Poogal(District Bikaner) from Sub-district Khajuwala(District Bikaner) in Rajasthan."
954395,16 Pb-1 Ngm,16 पीबी-1 एनजीएम,478,Khajuwala,,000000,U,,,2025-05-20,2025-07-22,1,"The Village Sukhdeopura(69190),Jhookiya(69163),Amrewala(69186),2do-A(69169)...etc  has been shifted to Sub-district Poogal(District Bikaner) from Sub-district Khajuwala(District Bikaner) in Rajasthan."
954398,14 Bd A-13 Bd,14 बीडी ए-13 बीडी,478,Khajuwala,,000000,U,,,2025-05-20,2025-07-22,1,"The Village Sukhdeopura(69190),Jhookiya(69163),Amrewala(69186),2do-A(69169)...etc  has been shifted to Sub-district Poogal(District Bikaner) from Sub-district Khajuwala(District Bikaner) in Rajasthan."
954420,Dantaur Barani-6 Prm,दंतौर बारानी-6 पीआरएम,478,Khajuwala,,000000,U,,,2025-05-20,2025-07-22,1,"The Village Sukhdeopura(69190),Jhookiya(69163),Amrewala(69186),2do-A(69169)...etc  has been shifted to Sub-district Poogal(District Bikaner) from Sub-district Khajuwala(District Bikaner) in Rajasthan."
954430,Nosera-15 Kjd (Old),नोसेरा-15 केजेडी (पुराना),478,Khajuwala,,000000,U,,,2025-05-20,2025-07-22,1,"The Village Sukhdeopura(69190),Jhookiya(69163),Amrewala(69186),2do-A(69169)...etc  has been shifted to Sub-district Poogal(District Bikaner) from Sub-district Khajuwala(District Bikaner) in Rajasthan."
954431,10 Bd-10 Bd C,10 बीडी-10 बीडी सी,478,Khajuwala,,000000,U,,,2025-05-20,2025-07-22,1,"The Village Sukhdeopura(69190),Jhookiya(69163),Amrewala(69186),2do-A(69169)...etc  has been shifted to Sub-district Poogal(District Bikaner) from Sub-district Khajuwala(District Bikaner) in Rajasthan."
954432,17 Kyd-18 Kyd,17 केवाईडी-18 केवाईडी,478,Khajuwala,,000000,U,,,2025-05-20,2025-07-22,1,"The Village Sukhdeopura(69190),Jhookiya(69163),Amrewala(69186),2do-A(69169)...etc  has been shifted to Sub-district Poogal(District Bikaner) from Sub-district Khajuwala(District Bikaner) in Rajasthan."
954433,24-25 Kyd-25 Kyd A,24-25 केवाईडी-25 केवाईडी ए,478,Khajuwala,,000000,U,,,2025-05-20,2025-07-22,1,"The Village Sukhdeopura(69190),Jhookiya(69163),Amrewala(69186),2do-A(69169)...etc  has been shifted to Sub-district Poogal(District Bikaner) from Sub-district Khajuwala(District Bikaner) in Rajasthan."
954434,1 Kjd-1 Pwm A,1 केजेडी-1 पीडब्ल्यूएम ए,478,Khajuwala,,000000,U,,,2025-05-20,2025-07-22,1,"The Village Sukhdeopura(69190),Jhookiya(69163),Amrewala(69186),2do-A(69169)...etc  has been shifted to Sub-district Poogal(District Bikaner) from Sub-district Khajuwala(District Bikaner) in Rajasthan."
954435,12 Kjd-20 Pkd,12 केजेडी-20 पीकेडी,478,Khajuwala,,000000,U,,,2025-05-20,2025-07-22,1,"The Village Sukhdeopura(69190),Jhookiya(69163),Amrewala(69186),2do-A(69169)...etc  has been shifted to Sub-district Poogal(District Bikaner) from Sub-district Khajuwala(District Bikaner) in Rajasthan."
954436,28 Kjd-3 Bwm,28 केजेडी-3 बीडब्ल्यूएम,478,Khajuwala,,000000,U,,,2025-05-20,2025-07-22,1,"The Village Sukhdeopura(69190),Jhookiya(69163),Amrewala(69186),2do-A(69169)...etc  has been shifted to Sub-district Poogal(District Bikaner) from Sub-district Khajuwala(District Bikaner) in Rajasthan."
954437,1 Alm Aldeen-2 Bgm,1 एएलएम अलदीन-2 बीजीएम,478,Khajuwala,,000000,U,,,2025-05-20,2025-07-22,1,"The Village Sukhdeopura(69190),Jhookiya(69163),Amrewala(69186),2do-A(69169)...etc  has been shifted to Sub-district Poogal(District Bikaner) from Sub-district Khajuwala(District Bikaner) in Rajasthan."
954438,2 Gwm-2 Gwm,2 जीडब्ल्यूएम-2 जीडब्ल्यूएम,478,Khajuwala,,000000,U,36017,Guluwali,2025-05-20,2025-07-22,1,"The Village Sukhdeopura(69190),Jhookiya(69163),Amrewala(69186),2do-A(69169)...etc  has been shifted to Sub-district Poogal(District Bikaner) from Sub-district Khajuwala(District Bikaner) in Rajasthan."
954439,2 Kwm A-2 Kwm B,2 केडब्ल्यूएम ए-2 केडब्ल्यूएम बी,478,Khajuwala,,000000,U,,,2025-05-20,2025-07-22,1,"The Village Sukhdeopura(69190),Jhookiya(69163),Amrewala(69186),2do-A(69169)...etc  has been shifted to Sub-district Poogal(District Bikaner) from Sub-district Khajuwala(District Bikaner) in Rajasthan."
954440,31 Kyd-1 Ssm I,31 केवाईडी - 1 एसएसएम ।,478,Khajuwala,,000000,U,,,2025-05-20,2025-07-22,1,"The Village Sukhdeopura(69190),Jhookiya(69163),Amrewala(69186),2do-A(69169)...etc  has been shifted to Sub-district Poogal(District Bikaner) from Sub-district Khajuwala(District Bikaner) in Rajasthan."
954442,33 Kjd-30 Kjd,33 केजेडी-30 केजेडी,478,Khajuwala,,000000,U,,,2025-05-20,2025-07-22,1,"The Village Sukhdeopura(69190),Jhookiya(69163),Amrewala(69186),2do-A(69169)...etc  has been shifted to Sub-district Poogal(District Bikaner) from Sub-district Khajuwala(District Bikaner) in Rajasthan."
954443,2 Brwm-24 Pkd,2 बीआरडब्ल्यूएम-24 पीकेडी,478,Khajuwala,,000000,U,,,2025-05-20,2025-07-22,1,"The Village Sukhdeopura(69190),Jhookiya(69163),Amrewala(69186),2do-A(69169)...etc  has been shifted to Sub-district Poogal(District Bikaner) from Sub-district Khajuwala(District Bikaner) in Rajasthan."
954444,3 Bgm A- Bgm B,3 बीजीएम ए-3 बीजीएम बी,478,Khajuwala,,000000,U,36017,Guluwali,2025-05-20,2025-07-22,1,"The Village Sukhdeopura(69190),Jhookiya(69163),Amrewala(69186),2do-A(69169)...etc  has been shifted to Sub-district Poogal(District Bikaner) from Sub-district Khajuwala(District Bikaner) in Rajasthan."
954445,40 Kyd-41 Kyd B,40 केवाईडी-41 केवाईडी बी,478,Khajuwala,,000000,U,,,2025-05-20,2025-07-22,1,"The Village Sukhdeopura(69190),Jhookiya(69163),Amrewala(69186),2do-A(69169)...etc  has been shifted to Sub-district Poogal(District Bikaner) from Sub-district Khajuwala(District Bikaner) in Rajasthan."
954446,42 Kjd-42 Kjd,42 केजेडी-42 केजेडी,478,Khajuwala,,000000,U,35997,2 Kld,2025-05-20,2025-07-22,1,"The Village Sukhdeopura(69190),Jhookiya(69163),Amrewala(69186),2do-A(69169)...etc  has been shifted to Sub-district Poogal(District Bikaner) from Sub-district Khajuwala(District Bikaner) in Rajasthan."
954447,6 Bd B- 6 Bd B,6 बीडी बी-6 बीडी बी,478,Khajuwala,,000000,U,36002,8 Kyd,2025-05-20,2025-07-22,1,"The Village Sukhdeopura(69190),Jhookiya(69163),Amrewala(69186),2do-A(69169)...etc  has been shifted to Sub-district Poogal(District Bikaner) from Sub-district Khajuwala(District Bikaner) in Rajasthan."
954448,7 Phm A-3 Phm B,7 पीएचएम ए-3 पीएचएम बी,478,Khajuwala,,000000,U,,,2025-05-20,2025-07-22,1,"The Village Sukhdeopura(69190),Jhookiya(69163),Amrewala(69186),2do-A(69169)...etc  has been shifted to Sub-district Poogal(District Bikaner) from Sub-district Khajuwala(District Bikaner) in Rajasthan."
954449,8 Kyd A- 7 Kyd B,8 केवाइडी ए -7 केवाईडी बी,478,Khajuwala,,000000,U,,,2025-05-20,2025-07-22,1,"The Village Sukhdeopura(69190),Jhookiya(69163),Amrewala(69186),2do-A(69169)...etc  has been shifted to Sub-district Poogal(District Bikaner) from Sub-district Khajuwala(District Bikaner) in Rajasthan."
954450,7Kld-6 Kld B,7 केएलडी-6 केएलडी बी,478,Khajuwala,,000000,U,,,2025-05-20,2025-07-22,1,"The Village Sukhdeopura(69190),Jhookiya(69163),Amrewala(69186),2do-A(69169)...etc  has been shifted to Sub-district Poogal(District Bikaner) from Sub-district Khajuwala(District Bikaner) in Rajasthan."
954452,Madhodiggi -14 Pkd A,माधोडिग्गी-14 पीकेडी ए,478,Khajuwala,,000000,U,,,2025-05-20,2025-07-22,1,"The Village Sukhdeopura(69190),Jhookiya(69163),Amrewala(69186),2do-A(69169)...etc  has been shifted to Sub-district Poogal(District Bikaner) from Sub-district Khajuwala(District Bikaner) in Rajasthan."
954453,17 Kyd-15 Kyd,17 केवाईडी-15 केवाईडी,478,Khajuwala,,000000,U,,,2025-05-20,2025-07-22,1,"The Village Sukhdeopura(69190),Jhookiya(69163),Amrewala(69186),2do-A(69169)...etc  has been shifted to Sub-district Poogal(District Bikaner) from Sub-district Khajuwala(District Bikaner) in Rajasthan."
954456,Nosera-16 Kjd,नोसेरा-16 केजेडी,478,Khajuwala,,000000,U,,,2025-05-20,2025-07-22,1,"The Village Sukhdeopura(69190),Jhookiya(69163),Amrewala(69186),2do-A(69169)...etc  has been shifted to Sub-district Poogal(District Bikaner) from Sub-district Khajuwala(District Bikaner) in Rajasthan."
954464,16 Pb-2 Ngm,16 पीबी-2 एनजीएम,478,Khajuwala,,000000,U,35997,2 Kld,2025-05-20,2025-07-22,1,"The Village Sukhdeopura(69190),Jhookiya(69163),Amrewala(69186),2do-A(69169)...etc  has been shifted to Sub-district Poogal(District Bikaner) from Sub-district Khajuwala(District Bikaner) in Rajasthan."
954465,17 Kyd-20 Kyd A,17 केवाईडी -20 केवाईडी ए,478,Khajuwala,,000000,U,,,2025-05-20,2025-07-22,1,"The Village Sukhdeopura(69190),Jhookiya(69163),Amrewala(69186),2do-A(69169)...etc  has been shifted to Sub-district Poogal(District Bikaner) from Sub-district Khajuwala(District Bikaner) in Rajasthan."
954471,1 Alm Aldeen-1 Bgm,1 एएलएम अलदीन-1 बीजीएम,478,Khajuwala,,000000,U,,,2025-05-20,2025-07-22,1,"The Village Sukhdeopura(69190),Jhookiya(69163),Amrewala(69186),2do-A(69169)...etc  has been shifted to Sub-district Poogal(District Bikaner) from Sub-district Khajuwala(District Bikaner) in Rajasthan."
954472,1 Kjd- 1Pwm B,1 केजेडी-1 पीडब्ल्यूएम बी,478,Khajuwala,,000000,U,,,2025-05-20,2025-07-22,1,"The Village Sukhdeopura(69190),Jhookiya(69163),Amrewala(69186),2do-A(69169)...etc  has been shifted to Sub-district Poogal(District Bikaner) from Sub-district Khajuwala(District Bikaner) in Rajasthan."
954473,24-25 Kyd-25 Kyd B,24-25 केवाईडी-25 केवाईडी बी,478,Khajuwala,,000000,U,,,2025-05-20,2025-07-22,1,"The Village Sukhdeopura(69190),Jhookiya(69163),Amrewala(69186),2do-A(69169)...etc  has been shifted to Sub-district Poogal(District Bikaner) from Sub-district Khajuwala(District Bikaner) in Rajasthan."
954474,28 Bd A-1 Kym A,28 बीडी ए-1 केवाईएम ए,478,Khajuwala,,000000,U,,,2025-05-20,2025-07-22,1,"The Village Sukhdeopura(69190),Jhookiya(69163),Amrewala(69186),2do-A(69169)...etc  has been shifted to Sub-district Poogal(District Bikaner) from Sub-district Khajuwala(District Bikaner) in Rajasthan."
954478,28 Kjd- 2 Bwm,28 केजेडी-2 बीडब्ल्यूएम,478,Khajuwala,,000000,U,,,2025-05-20,2025-07-22,1,"The Village Sukhdeopura(69190),Jhookiya(69163),Amrewala(69186),2do-A(69169)...etc  has been shifted to Sub-district Poogal(District Bikaner) from Sub-district Khajuwala(District Bikaner) in Rajasthan."
954479,2 Brwm-23 Pkd,2 बीआरडब्ल्यूएम-23 पीकेडी,478,Khajuwala,,000000,U,,,2025-05-20,2025-07-22,1,"The Village Sukhdeopura(69190),Jhookiya(69163),Amrewala(69186),2do-A(69169)...etc  has been shifted to Sub-district Poogal(District Bikaner) from Sub-district Khajuwala(District Bikaner) in Rajasthan."
954480,2 Kwm A-3 Kwm A,2 केडब्ल्यूएम ए-3 केडब्ल्यूएम ए,478,Khajuwala,,000000,U,,,2025-05-20,2025-07-22,1,"The Village Sukhdeopura(69190),Jhookiya(69163),Amrewala(69186),2do-A(69169)...etc  has been shifted to Sub-district Poogal(District Bikaner) from Sub-district Khajuwala(District Bikaner) in Rajasthan."
954481,31 Kyd-2 Ssm I,31 केवाईडी-2 एसएसएम ।,478,Khajuwala,,000000,U,,,2025-05-20,2025-07-22,1,"The Village Sukhdeopura(69190),Jhookiya(69163),Amrewala(69186),2do-A(69169)...etc  has been shifted to Sub-district Poogal(District Bikaner) from Sub-district Khajuwala(District Bikaner) in Rajasthan."
954482,33 Kjd- 31 Kjd,33 केजेडी-31 केजेडी,478,Khajuwala,,000000,U,,,2025-05-20,2025-07-22,1,"The Village Sukhdeopura(69190),Jhookiya(69163),Amrewala(69186),2do-A(69169)...etc  has been shifted to Sub-district Poogal(District Bikaner) from Sub-district Khajuwala(District Bikaner) in Rajasthan."
954483,34 Kyd-36 Kyd,34 केवाईडी-36 केवाईडी,478,Khajuwala,,000000,U,,,2025-05-20,2025-07-22,1,"The Village Sukhdeopura(69190),Jhookiya(69163),Amrewala(69186),2do-A(69169)...etc  has been shifted to Sub-district Poogal(District Bikaner) from Sub-district Khajuwala(District Bikaner) in Rajasthan."
954484,40 Kyd-42 Kyd,40 केवाईडी-42 केवाईडी,478,Khajuwala,,000000,U,,,2025-05-20,2025-07-22,1,"The Village Sukhdeopura(69190),Jhookiya(69163),Amrewala(69186),2do-A(69169)...etc  has been shifted to Sub-district Poogal(District Bikaner) from Sub-district Khajuwala(District Bikaner) in Rajasthan."
954485,Madhodiggi-15 Pkd,माधोडिग्गी-15 पीकेडी,478,Khajuwala,,000000,U,,,2025-05-20,2025-07-22,1,"The Village Sukhdeopura(69190),Jhookiya(69163),Amrewala(69186),2do-A(69169)...etc  has been shifted to Sub-district Poogal(District Bikaner) from Sub-district Khajuwala(District Bikaner) in Rajasthan."
954486,10 Bd-23 Knd A,10 बीडी-23 केएनडी ए,478,Khajuwala,,000000,U,,,2025-05-20,2025-07-22,1,"The Village Sukhdeopura(69190),Jhookiya(69163),Amrewala(69186),2do-A(69169)...etc  has been shifted to Sub-district Poogal(District Bikaner) from Sub-district Khajuwala(District Bikaner) in Rajasthan."
954487,12 Kjd-21 Pkd,12 केजेडी-21 पीकेडी,478,Khajuwala,,000000,U,,,2025-05-20,2025-07-22,1,"The Village Sukhdeopura(69190),Jhookiya(69163),Amrewala(69186),2do-A(69169)...etc  has been shifted to Sub-district Poogal(District Bikaner) from Sub-district Khajuwala(District Bikaner) in Rajasthan."
954488,14 Bd A-14 Bd B,14 बीडी ए-14 बीडी बी,478,Khajuwala,,000000,U,,,2025-05-20,2025-07-22,1,"The Village Sukhdeopura(69190),Jhookiya(69163),Amrewala(69186),2do-A(69169)...etc  has been shifted to Sub-district Poogal(District Bikaner) from Sub-district Khajuwala(District Bikaner) in Rajasthan."
954489,5 Kjd-5 Kjd,5 केजेडी-5 केजेडी,478,Khajuwala,,000000,U,35999,22 Kyd,2025-05-20,2025-07-22,1,"The Village Sukhdeopura(69190),Jhookiya(69163),Amrewala(69186),2do-A(69169)...etc  has been shifted to Sub-district Poogal(District Bikaner) from Sub-district Khajuwala(District Bikaner) in Rajasthan."
954490,4 Ssm-4 Ssm,4 एसएसएम-4 एसएसएम,478,Khajuwala,,000000,U,36053,Siyasar Chougan,2025-05-20,2025-07-22,1,"The Village Sukhdeopura(69190),Jhookiya(69163),Amrewala(69186),2do-A(69169)...etc  has been shifted to Sub-district Poogal(District Bikaner) from Sub-district Khajuwala(District Bikaner) in Rajasthan."
954491,5 Kyd A-5 Kyd B,5 केवाईडी ए-5 केवाईडी बी,478,Khajuwala,,000000,U,262123,5kyd,2025-05-20,2025-07-22,1,"The Village Sukhdeopura(69190),Jhookiya(69163),Amrewala(69186),2do-A(69169)...etc  has been shifted to Sub-district Poogal(District Bikaner) from Sub-district Khajuwala(District Bikaner) in Rajasthan."
954492,6 Kjd-6 Kjd A,6 केजेडी-6 केजेडी ए,478,Khajuwala,,000000,U,,,2025-05-20,2025-07-22,1,"The Village Sukhdeopura(69190),Jhookiya(69163),Amrewala(69186),2do-A(69169)...etc  has been shifted to Sub-district Poogal(District Bikaner) from Sub-district Khajuwala(District Bikaner) in Rajasthan."
954493,7 Kld-8 Kld,7 केएलडी-8 केएलडी,478,Khajuwala,,000000,U,,,2025-05-20,2025-07-22,1,"The Village Sukhdeopura(69190),Jhookiya(69163),Amrewala(69186),2do-A(69169)...etc  has been shifted to Sub-district Poogal(District Bikaner) from Sub-district Khajuwala(District Bikaner) in Rajasthan."
954494,7 Phm A-4 Phm,7 पीएचएम ए-4 पीएचएम,478,Khajuwala,,000000,U,,,2025-05-20,2025-07-22,1,"The Village Sukhdeopura(69190),Jhookiya(69163),Amrewala(69186),2do-A(69169)...etc  has been shifted to Sub-district Poogal(District Bikaner) from Sub-district Khajuwala(District Bikaner) in Rajasthan."
954495,8 Kyd A- 8Kyd B,8 केवाईडी ए-8 केवाईडी बी,478,Khajuwala,,000000,U,,,2025-05-20,2025-07-22,1,"The Village Sukhdeopura(69190),Jhookiya(69163),Amrewala(69186),2do-A(69169)...etc  has been shifted to Sub-district Poogal(District Bikaner) from Sub-district Khajuwala(District Bikaner) in Rajasthan."
954497,Ballar Barani-15 Kld Anandgarh,बल्लर बारानी-15 केएलडी आनंदगढ,478,Khajuwala,,000000,U,,,2025-05-20,2025-07-22,1,"The Village Sukhdeopura(69190),Jhookiya(69163),Amrewala(69186),2do-A(69169)...etc  has been shifted to Sub-district Poogal(District Bikaner) from Sub-district Khajuwala(District Bikaner) in Rajasthan."
954498,Dantaur Barani- 5 Prm,दन्तौर बारानी-5 पीआरएम,478,Khajuwala,,000000,U,,,2025-05-20,2025-07-22,1,"The Village Sukhdeopura(69190),Jhookiya(69163),Amrewala(69186),2do-A(69169)...etc  has been shifted to Sub-district Poogal(District Bikaner) from Sub-district Khajuwala(District Bikaner) in Rajasthan."
954500,Ghulam Ali Wala-1 Dwd,गुलाम अली वाला-1 डीडब्ल्यूडी,478,Khajuwala,,000000,U,,,2025-05-20,2025-07-22,1,"The Village Sukhdeopura(69190),Jhookiya(69163),Amrewala(69186),2do-A(69169)...etc  has been shifted to Sub-district Poogal(District Bikaner) from Sub-district Khajuwala(District Bikaner) in Rajasthan."
954554,Madhodiggi-16 Pkd,माधोडिग्गी-16 पीकेडी,478,Khajuwala,,000000,U,,,2025-05-20,2025-07-23,1,"The Village Sukhdeopura(69190),Jhookiya(69163),Amrewala(69186),2do-A(69169)...etc  has been shifted to Sub-district Poogal(District Bikaner) from Sub-district Khajuwala(District Bikaner) in Rajasthan."
954566,14 Bd A-15 Bd A,14 बीडी ए-15 बीडी ए,478,Khajuwala,,000000,U,,,2025-05-20,2025-07-23,1,"The Village Sukhdeopura(69190),Jhookiya(69163),Amrewala(69186),2do-A(69169)...etc  has been shifted to Sub-district Poogal(District Bikaner) from Sub-district Khajuwala(District Bikaner) in Rajasthan."
954567,17 Kyd-20 Kyd B,17 केवाईडी-20 केवाईडी बी,478,Khajuwala,,000000,U,,,2025-05-20,2025-07-23,1,"The Village Sukhdeopura(69190),Jhookiya(69163),Amrewala(69186),2do-A(69169)...etc  has been shifted to Sub-district Poogal(District Bikaner) from Sub-district Khajuwala(District Bikaner) in Rajasthan."
954568,1 Alm Aldeen-2 Alm,1 एएलएम अलदीन-2 एएलएम,478,Khajuwala,,000000,U,,,2025-05-20,2025-07-23,1,"The Village Sukhdeopura(69190),Jhookiya(69163),Amrewala(69186),2do-A(69169)...etc  has been shifted to Sub-district Poogal(District Bikaner) from Sub-district Khajuwala(District Bikaner) in Rajasthan."
954570,1 Kjd-1 Pwm(Without Cad),1 केजेडी-1 पीडब्ल्यूएम(बिना सीएडी),478,Khajuwala,,000000,U,,,2025-05-20,2025-07-23,1,"The Village Sukhdeopura(69190),Jhookiya(69163),Amrewala(69186),2do-A(69169)...etc  has been shifted to Sub-district Poogal(District Bikaner) from Sub-district Khajuwala(District Bikaner) in Rajasthan."
954573,Ghulam Ali Wala-3 Dwd,गुलाम अली वाला-3 डीडब्ल्यूडी,478,Khajuwala,,000000,U,,,2025-05-20,2025-07-23,1,"The Village Sukhdeopura(69190),Jhookiya(69163),Amrewala(69186),2do-A(69169)...etc  has been shifted to Sub-district Poogal(District Bikaner) from Sub-district Khajuwala(District Bikaner) in Rajasthan."
954574,24-25 Kyd-26 Kyd,24-25 केवाईडी- 26 केवाईडी,478,Khajuwala,,000000,U,262133,25kyd,2025-05-20,2025-07-23,1,"The Village Sukhdeopura(69190),Jhookiya(69163),Amrewala(69186),2do-A(69169)...etc  has been shifted to Sub-district Poogal(District Bikaner) from Sub-district Khajuwala(District Bikaner) in Rajasthan."
954575,28 Bd A-1 Kym B,28 बीडी ए-1 केवाईएम बी,478,Khajuwala,,000000,U,,,2025-05-20,2025-07-23,1,"The Village Sukhdeopura(69190),Jhookiya(69163),Amrewala(69186),2do-A(69169)...etc  has been shifted to Sub-district Poogal(District Bikaner) from Sub-district Khajuwala(District Bikaner) in Rajasthan."
954576,28 Kjd- 1 Bwm,28 केजेडी- 1 बीडब्ल्यूएम,478,Khajuwala,,000000,U,,,2025-05-20,2025-07-23,1,"The Village Sukhdeopura(69190),Jhookiya(69163),Amrewala(69186),2do-A(69169)...etc  has been shifted to Sub-district Poogal(District Bikaner) from Sub-district Khajuwala(District Bikaner) in Rajasthan."
954577,2 Brwm-2 Brwm B,2 बीआरडब्ल्यूएम- 2 बीआरडब्ल्यूएम बी,478,Khajuwala,,000000,U,,,2025-05-20,2025-07-23,1,"The Village Sukhdeopura(69190),Jhookiya(69163),Amrewala(69186),2do-A(69169)...etc  has been shifted to Sub-district Poogal(District Bikaner) from Sub-district Khajuwala(District Bikaner) in Rajasthan."
954578,10 Bd-23 Knd A,P.9(71)Rev-1/2025-27136,478,Khajuwala,,000000,U,35995,14 Bd,2025-05-20,2025-07-23,1,"The Village Sukhdeopura(69190),Jhookiya(69163),Amrewala(69186),2do-A(69169)...etc  has been shifted to Sub-district Poogal(District Bikaner) from Sub-district Khajuwala(District Bikaner) in Rajasthan."
954579,2 Kwm A-3 Kwm B,2 केडब्ल्यूएम ए-3 केडब्ल्यूएम बी,478,Khajuwala,,000000,U,,,2025-05-20,2025-07-23,1,"The Village Sukhdeopura(69190),Jhookiya(69163),Amrewala(69186),2do-A(69169)...etc  has been shifted to Sub-district Poogal(District Bikaner) from Sub-district Khajuwala(District Bikaner) in Rajasthan."
954580,33 Kjd-1Shwm,33 केजेडी-1 एसएचडब्ल्यूएम,478,Khajuwala,,000000,U,,,2025-05-20,2025-07-23,1,"The Village Sukhdeopura(69190),Jhookiya(69163),Amrewala(69186),2do-A(69169)...etc  has been shifted to Sub-district Poogal(District Bikaner) from Sub-district Khajuwala(District Bikaner) in Rajasthan."
954581,34 Kyd- 38 Kyd,34 केवाईडी-38 केवाईडी,478,Khajuwala,,000000,U,,,2025-05-20,2025-07-23,1,"The Village Sukhdeopura(69190),Jhookiya(69163),Amrewala(69186),2do-A(69169)...etc  has been shifted to Sub-district Poogal(District Bikaner) from Sub-district Khajuwala(District Bikaner) in Rajasthan."
954582,39 Kjd -9 Dwd,39 केजेडी-9 डीडब्ल्यूडी,478,Khajuwala,,000000,U,,,2025-05-20,2025-07-23,1,"The Village Sukhdeopura(69190),Jhookiya(69163),Amrewala(69186),2do-A(69169)...etc  has been shifted to Sub-district Poogal(District Bikaner) from Sub-district Khajuwala(District Bikaner) in Rajasthan."
954584,31 Kyd-1 Ssm II A,31 केवाईडी-1 एसएसएम ।। ए,478,Khajuwala,,000000,U,,,2025-05-20,2025-07-23,1,"The Village Sukhdeopura(69190),Jhookiya(69163),Amrewala(69186),2do-A(69169)...etc  has been shifted to Sub-district Poogal(District Bikaner) from Sub-district Khajuwala(District Bikaner) in Rajasthan."
954585,6 Kjd-6 Kjd B,6 केजेडी-6 केजेडी बी,478,Khajuwala,,000000,U,,,2025-05-20,2025-07-23,1,"The Village Sukhdeopura(69190),Jhookiya(69163),Amrewala(69186),2do-A(69169)...etc  has been shifted to Sub-district Poogal(District Bikaner) from Sub-district Khajuwala(District Bikaner) in Rajasthan."
954586,7 Kld-9 Kld,7 केएलडी-9 केएलडी,478,Khajuwala,,000000,U,,,2025-05-20,2025-07-23,1,"The Village Sukhdeopura(69190),Jhookiya(69163),Amrewala(69186),2do-A(69169)...etc  has been shifted to Sub-district Poogal(District Bikaner) from Sub-district Khajuwala(District Bikaner) in Rajasthan."
954587,7 Phm A-5 Phm A,7 पीएचएम ए-5 पीएचएम ए,478,Khajuwala,,000000,U,,,2025-05-20,2025-07-23,1,"The Village Sukhdeopura(69190),Jhookiya(69163),Amrewala(69186),2do-A(69169)...etc  has been shifted to Sub-district Poogal(District Bikaner) from Sub-district Khajuwala(District Bikaner) in Rajasthan."
954588,8 Kyd A-9 Kyd A,8 केवाईडी ए-9 केवाईडी ए,478,Khajuwala,,000000,U,,,2025-05-20,2025-07-23,1,"The Village Sukhdeopura(69190),Jhookiya(69163),Amrewala(69186),2do-A(69169)...etc  has been shifted to Sub-district Poogal(District Bikaner) from Sub-district Khajuwala(District Bikaner) in Rajasthan."
954589,40 Kyd-43 Kyd A,40 केवाईडी-43 केवाईडी ए,478,Khajuwala,,000000,U,,,2025-05-20,2025-07-23,1,"The Village Sukhdeopura(69190),Jhookiya(69163),Amrewala(69186),2do-A(69169)...etc  has been shifted to Sub-district Poogal(District Bikaner) from Sub-district Khajuwala(District Bikaner) in Rajasthan."
954590,12 Kjd-12 Kjd,12 केजेडी-12 केजेडी,478,Khajuwala,,000000,U,262134,Madhodiggi,2025-05-20,2025-07-23,1,"The Village Sukhdeopura(69190),Jhookiya(69163),Amrewala(69186),2do-A(69169)...etc  has been shifted to Sub-district Poogal(District Bikaner) from Sub-district Khajuwala(District Bikaner) in Rajasthan."
954594,Ballar Barani-16 Kld Anandgarh,बल्लर बारानी-16 केएलडी आनंदगढ,478,Khajuwala,,000000,U,,,2025-05-20,2025-07-23,1,"The Village Sukhdeopura(69190),Jhookiya(69163),Amrewala(69186),2do-A(69169)...etc  has been shifted to Sub-district Poogal(District Bikaner) from Sub-district Khajuwala(District Bikaner) in Rajasthan."
954602,Nosera-17 Kjd A,नोसेरा 17-केजेडी ए,478,Khajuwala,,000000,U,,,2025-05-20,2025-07-23,1,"The Village Sukhdeopura(69190),Jhookiya(69163),Amrewala(69186),2do-A(69169)...etc  has been shifted to Sub-district Poogal(District Bikaner) from Sub-district Khajuwala(District Bikaner) in Rajasthan."
954637,31 Kyd-1 Ssm II B,31 केवाईडी-1 एसएसएम ।। बी,478,Khajuwala,,000000,U,,,2025-05-20,2025-07-23,1,"The Village Sukhdeopura(69190),Jhookiya(69163),Amrewala(69186),2do-A(69169)...etc  has been shifted to Sub-district Poogal(District Bikaner) from Sub-district Khajuwala(District Bikaner) in Rajasthan."
954643,Ghulam Ali Wala-4 Dwd,गुलाम अली वाला-4 डीडब्ल्यूडी,478,Khajuwala,,000000,U,,,2025-05-20,2025-07-23,1,"The Village Sukhdeopura(69190),Jhookiya(69163),Amrewala(69186),2do-A(69169)...etc  has been shifted to Sub-district Poogal(District Bikaner) from Sub-district Khajuwala(District Bikaner) in Rajasthan."
954647,Dantaur Barani-4 Prm,दन्तौर बारानी-4 पीआरएम,478,Khajuwala,,000000,U,,,2025-05-20,2025-07-23,1,"The Village Sukhdeopura(69190),Jhookiya(69163),Amrewala(69186),2do-A(69169)...etc  has been shifted to Sub-district Poogal(District Bikaner) from Sub-district Khajuwala(District Bikaner) in Rajasthan."
954658,Madhodiggi-17 Pkd,माधोडिग्गी-17 पीकेडी,478,Khajuwala,,000000,U,,,2025-05-20,2025-07-23,1,"The Village Sukhdeopura(69190),Jhookiya(69163),Amrewala(69186),2do-A(69169)...etc  has been shifted to Sub-district Poogal(District Bikaner) from Sub-district Khajuwala(District Bikaner) in Rajasthan."
954680,14 Bd A-15 Bd B,14 बीडी ए-15 बीडी बी,478,Khajuwala,,000000,U,,,2025-05-20,2025-07-23,1,"The Village Sukhdeopura(69190),Jhookiya(69163),Amrewala(69186),2do-A(69169)...etc  has been shifted to Sub-district Poogal(District Bikaner) from Sub-district Khajuwala(District Bikaner) in Rajasthan."
954685,17 Kyd-16 Kyd,17 केवाईडी-16 केवाईडी,478,Khajuwala,,000000,U,,,2025-05-20,2025-07-23,1,"The Village Sukhdeopura(69190),Jhookiya(69163),Amrewala(69186),2do-A(69169)...etc  has been shifted to Sub-district Poogal(District Bikaner) from Sub-district Khajuwala(District Bikaner) in Rajasthan."
954687,28 Bd A-2 Kym,28 बीडी ए- 2 केवाईएम,478,Khajuwala,,000000,U,35998,2 Kwm,2025-05-20,2025-07-23,1,"The Village Sukhdeopura(69190),Jhookiya(69163),Amrewala(69186),2do-A(69169)...etc  has been shifted to Sub-district Poogal(District Bikaner) from Sub-district Khajuwala(District Bikaner) in Rajasthan."
954688,28 Kjd-29 Kjd,28 केजेडी-29 केजेडी,478,Khajuwala,,000000,U,,,2025-05-20,2025-07-23,1,"The Village Sukhdeopura(69190),Jhookiya(69163),Amrewala(69186),2do-A(69169)...etc  has been shifted to Sub-district Poogal(District Bikaner) from Sub-district Khajuwala(District Bikaner) in Rajasthan."
954690,2 Kwm A-4 Kwm,2 केडब्ल्यूएम ए-4 केडब्ल्यूएम,478,Khajuwala,,000000,U,,,2025-05-20,2025-07-23,1,"The Village Sukhdeopura(69190),Jhookiya(69163),Amrewala(69186),2do-A(69169)...etc  has been shifted to Sub-district Poogal(District Bikaner) from Sub-district Khajuwala(District Bikaner) in Rajasthan."
954692,31 Kyd-3 Ssm I A,31 केवाईडी-3 एसएसएम । ए,478,Khajuwala,,000000,U,,,2025-05-20,2025-07-23,1,"The Village Sukhdeopura(69190),Jhookiya(69163),Amrewala(69186),2do-A(69169)...etc  has been shifted to Sub-district Poogal(District Bikaner) from Sub-district Khajuwala(District Bikaner) in Rajasthan."
954694,33 Kjd-2 Mwm,33 केजेडी- 2 एमडब्ल्यूएम,478,Khajuwala,,000000,U,,,2025-05-20,2025-07-23,1,"The Village Sukhdeopura(69190),Jhookiya(69163),Amrewala(69186),2do-A(69169)...etc  has been shifted to Sub-district Poogal(District Bikaner) from Sub-district Khajuwala(District Bikaner) in Rajasthan."
954697,34 Kyd- 1 Pbm,34 केवाईडी-1 पीबीएम,478,Khajuwala,,000000,U,,,2025-05-20,2025-07-23,1,"The Village Sukhdeopura(69190),Jhookiya(69163),Amrewala(69186),2do-A(69169)...etc  has been shifted to Sub-district Poogal(District Bikaner) from Sub-district Khajuwala(District Bikaner) in Rajasthan."
954699,39 Kjd-10 Dwd,39 केजेडी-10 डीडब्ल्यूडी,478,Khajuwala,,000000,U,,,2025-05-20,2025-07-23,1,"The Village Sukhdeopura(69190),Jhookiya(69163),Amrewala(69186),2do-A(69169)...etc  has been shifted to Sub-district Poogal(District Bikaner) from Sub-district Khajuwala(District Bikaner) in Rajasthan."
954701,7 Kld- 9 Kld B,7 केएलडी-9 केएलडी बी,478,Khajuwala,,000000,U,,,2025-05-20,2025-07-23,1,"The Village Sukhdeopura(69190),Jhookiya(69163),Amrewala(69186),2do-A(69169)...etc  has been shifted to Sub-district Poogal(District Bikaner) from Sub-district Khajuwala(District Bikaner) in Rajasthan."
954702,7 Phm A-5 Phm B,7 पीएचएम ए-5 पीएचएम बी,478,Khajuwala,,000000,U,,,2025-06-20,2025-07-23,1,"The Village Sukhdeopura(69190),Jhookiya(69163),Amrewala(69186),2do-A(69169)...etc  has been shifted to Sub-district Poogal(District Bikaner) from Sub-district Khajuwala(District Bikaner) in Rajasthan."
954704,8 Kyd A-9 Kyd B,8 केवाईडी ए-9 केवाईडी बी,478,Khajuwala,,000000,U,,,2025-05-20,2025-07-23,1,"The Village Sukhdeopura(69190),Jhookiya(69163),Amrewala(69186),2do-A(69169)...etc  has been shifted to Sub-district Poogal(District Bikaner) from Sub-district Khajuwala(District Bikaner) in Rajasthan."
954709,2 Brwm-2 Brwm,2 बीआरडब्ल्यूएम-2 बीआरडब्ल्यूएम,478,Khajuwala,,000000,U,262118,7phm,2025-05-20,2025-07-23,1,"The Village Sukhdeopura(69190),Jhookiya(69163),Amrewala(69186),2do-A(69169)...etc  has been shifted to Sub-district Poogal(District Bikaner) from Sub-district Khajuwala(District Bikaner) in Rajasthan."
954711,Ballar Barani-17 Kld Anandgarh,बल्लर बारानी-17 केएलडी आनंदगढ,478,Khajuwala,,000000,U,,,2025-05-20,2025-07-23,1,"The Village Sukhdeopura(69190),Jhookiya(69163),Amrewala(69186),2do-A(69169)...etc  has been shifted to Sub-district Poogal(District Bikaner) from Sub-district Khajuwala(District Bikaner) in Rajasthan."
954722,Nosera-17 Kjd B,नोसेरा-17 केजेडी बी,478,Khajuwala,,000000,U,,,2025-05-20,2025-07-23,1,"The Village Sukhdeopura(69190),Jhookiya(69163),Amrewala(69186),2do-A(69169)...etc  has been shifted to Sub-district Poogal(District Bikaner) from Sub-district Khajuwala(District Bikaner) in Rajasthan."
954788,Ghulam Ali Wala-5 Dwd,गुलाम अली वाला-5 डीडब्ल्यूडी,478,Khajuwala,,000000,U,,,2025-05-20,2025-07-23,1,"The Village Sukhdeopura(69190),Jhookiya(69163),Amrewala(69186),2do-A(69169)...etc  has been shifted to Sub-district Poogal(District Bikaner) from Sub-district Khajuwala(District Bikaner) in Rajasthan."
954789,Dantaur Barani-21 Bld B,दन्तौर बारानी-21 बीएलडी बी,478,Khajuwala,,000000,U,,,2025-05-20,2025-07-23,1,"The Village Sukhdeopura(69190),Jhookiya(69163),Amrewala(69186),2do-A(69169)...etc  has been shifted to Sub-district Poogal(District Bikaner) from Sub-district Khajuwala(District Bikaner) in Rajasthan."
954792,1 Kjd-2 Pwm,1 केजेडी-2 पीडब्ल्यूएम,478,Khajuwala,,000000,U,36000,3 Pwm,2025-05-20,2025-07-23,1,"The Village Sukhdeopura(69190),Jhookiya(69163),Amrewala(69186),2do-A(69169)...etc  has been shifted to Sub-district Poogal(District Bikaner) from Sub-district Khajuwala(District Bikaner) in Rajasthan."
954794,14 Bd A-14 Bd A,14 बीडी ए-14 बीडी ए,478,Khajuwala,,000000,U,35995,14 Bd,2025-05-20,2025-07-23,1,"The Village Sukhdeopura(69190),Jhookiya(69163),Amrewala(69186),2do-A(69169)...etc  has been shifted to Sub-district Poogal(District Bikaner) from Sub-district Khajuwala(District Bikaner) in Rajasthan."
954823,Nosera- 15 Kjd,नोसेरा-15 केजेडी,478,Khajuwala,,000000,U,36042,Nosera Samrda,2025-05-20,2025-07-24,1,"The Village Sukhdeopura(69190),Jhookiya(69163),Amrewala(69186),2do-A(69169)...etc  has been shifted to Sub-district Poogal(District Bikaner) from Sub-district Khajuwala(District Bikaner) in Rajasthan."
954824,39 Kjd-11 Dwd,39 केजेडी-11 डीडब्ल्यूडी,478,Khajuwala,,000000,U,,,2025-05-20,2025-07-24,1,"The Village Sukhdeopura(69190),Jhookiya(69163),Amrewala(69186),2do-A(69169)...etc  has been shifted to Sub-district Poogal(District Bikaner) from Sub-district Khajuwala(District Bikaner) in Rajasthan."
954825,8 Kyd A-10 Kyd A,8 केवाईडी ए-10 केवाईडी ए,478,Khajuwala,,000000,U,,,2025-05-20,2025-07-24,1,"The Village Sukhdeopura(69190),Jhookiya(69163),Amrewala(69186),2do-A(69169)...etc  has been shifted to Sub-district Poogal(District Bikaner) from Sub-district Khajuwala(District Bikaner) in Rajasthan."
954826,Ballar Barani-18 Kld Anandgarh,बल्लर बारानी-18 केएलडी आनंदगढ,478,Khajuwala,,000000,U,,,2025-05-20,2025-07-24,1,"The Village Sukhdeopura(69190),Jhookiya(69163),Amrewala(69186),2do-A(69169)...etc  has been shifted to Sub-district Poogal(District Bikaner) from Sub-district Khajuwala(District Bikaner) in Rajasthan."
954827,34 Kyd- 2 Pbm A,34 केवाईडी-2 पीबीएम ए,478,Khajuwala,,000000,U,,,2025-05-20,2025-07-24,1,"The Village Sukhdeopura(69190),Jhookiya(69163),Amrewala(69186),2do-A(69169)...etc  has been shifted to Sub-district Poogal(District Bikaner) from Sub-district Khajuwala(District Bikaner) in Rajasthan."
954828,40 Kyd- 43 Kyd B,40 केवाईडी-43 केवाईडी बी,478,Khajuwala,,000000,U,,,2025-05-20,2025-07-24,1,"The Village Sukhdeopura(69190),Jhookiya(69163),Amrewala(69186),2do-A(69169)...etc  has been shifted to Sub-district Poogal(District Bikaner) from Sub-district Khajuwala(District Bikaner) in Rajasthan."
954829,Madhodiggi-17 Pkd A,माधोडिग्गी-17 पीकेडी ए,478,Khajuwala,,000000,U,,,2025-05-20,2025-07-24,1,"The Village Sukhdeopura(69190),Jhookiya(69163),Amrewala(69186),2do-A(69169)...etc  has been shifted to Sub-district Poogal(District Bikaner) from Sub-district Khajuwala(District Bikaner) in Rajasthan."
954831,Dantaur Barani-5 Khm,दन्तौर बारानी-5 केएचएम,478,Khajuwala,,000000,U,,,2025-05-20,2025-07-24,1,"The Village Sukhdeopura(69190),Jhookiya(69163),Amrewala(69186),2do-A(69169)...etc  has been shifted to Sub-district Poogal(District Bikaner) from Sub-district Khajuwala(District Bikaner) in Rajasthan."
954832,7 Phm A- 7 Phm B,7 पीएचएम ए- 7 पीएचएम बी,478,Khajuwala,,000000,U,,,2025-05-20,2025-07-24,1,"The Village Sukhdeopura(69190),Jhookiya(69163),Amrewala(69186),2do-A(69169)...etc  has been shifted to Sub-district Poogal(District Bikaner) from Sub-district Khajuwala(District Bikaner) in Rajasthan."
954833,17 Kyd-19 Kyd A,17 केवाईडी-19 केवाईडी ए,478,Khajuwala,,000000,U,35996,17 Kyd,2025-05-20,2025-07-24,1,"The Village Sukhdeopura(69190),Jhookiya(69163),Amrewala(69186),2do-A(69169)...etc  has been shifted to Sub-district Poogal(District Bikaner) from Sub-district Khajuwala(District Bikaner) in Rajasthan."
954834,1 Alm Aldeen-1 Alm,1 एएलएम अलदीन-1 एएलएम,478,Khajuwala,,000000,U,262138,40kyd,2025-05-20,2025-07-24,1,"The Village Sukhdeopura(69190),Jhookiya(69163),Amrewala(69186),2do-A(69169)...etc  has been shifted to Sub-district Poogal(District Bikaner) from Sub-district Khajuwala(District Bikaner) in Rajasthan."
954835,28 Kjd-28 Kjd,28 केजेडी-28 केजेडी,478,Khajuwala,,000000,U,36017,Guluwali,2025-05-20,2025-07-24,1,"The Village Sukhdeopura(69190),Jhookiya(69163),Amrewala(69186),2do-A(69169)...etc  has been shifted to Sub-district Poogal(District Bikaner) from Sub-district Khajuwala(District Bikaner) in Rajasthan."
954836,2 Kwm A -25 Bd A,2 केडब्ल्यूएम ए-25 बीडी ए,478,Khajuwala,,000000,U,,,2025-05-20,2025-07-24,1,"The Village Sukhdeopura(69190),Jhookiya(69163),Amrewala(69186),2do-A(69169)...etc  has been shifted to Sub-district Poogal(District Bikaner) from Sub-district Khajuwala(District Bikaner) in Rajasthan."
954837,31 Kyd-3 Ssm I B,31 केवाईडी- 3 एसएसएम । बी,478,Khajuwala,,000000,U,36001,34 Kyd,2025-05-20,2025-07-24,1,"The Village Sukhdeopura(69190),Jhookiya(69163),Amrewala(69186),2do-A(69169)...etc  has been shifted to Sub-district Poogal(District Bikaner) from Sub-district Khajuwala(District Bikaner) in Rajasthan."
954838,33 Kjd- 2 Shwm,33 केजेडी- 2 एसएचडब्ल्यूएम,478,Khajuwala,,000000,U,,,2025-05-25,2025-07-24,1,"The Village Sukhdeopura(69190),Jhookiya(69163),Amrewala(69186),2do-A(69169)...etc  has been shifted to Sub-district Poogal(District Bikaner) from Sub-district Khajuwala(District Bikaner) in Rajasthan."
954851,Dantaur Barani-21 Bld A,दन्तौर बारानी-21 बीएलडी ए,478,Khajuwala,,000000,U,,,2025-05-20,2025-07-24,1,"The Village Sukhdeopura(69190),Jhookiya(69163),Amrewala(69186),2do-A(69169)...etc  has been shifted to Sub-district Poogal(District Bikaner) from Sub-district Khajuwala(District Bikaner) in Rajasthan."
954855,Ghulam Ali Wala-1 Mtm,गुलाम अली वाला-1 एमटीएम,478,Khajuwala,,000000,U,,,2025-05-20,2025-07-24,1,"The Village Sukhdeopura(69190),Jhookiya(69163),Amrewala(69186),2do-A(69169)...etc  has been shifted to Sub-district Poogal(District Bikaner) from Sub-district Khajuwala(District Bikaner) in Rajasthan."
954860,Dantaur Barani-6 Khm,दन्तौर बारानी-6 केएचएम,478,Khajuwala,,000000,U,,,2025-05-20,2025-07-24,1,"The Village Sukhdeopura(69190),Jhookiya(69163),Amrewala(69186),2do-A(69169)...etc  has been shifted to Sub-district Poogal(District Bikaner) from Sub-district Khajuwala(District Bikaner) in Rajasthan."
954865,Madhodiggi- 17 Pkd B,माधोडिग्गी-17 पीकेडी बी,478,Khajuwala,,000000,U,,,2025-05-20,2025-07-24,1,"The Village Sukhdeopura(69190),Jhookiya(69163),Amrewala(69186),2do-A(69169)...etc  has been shifted to Sub-district Poogal(District Bikaner) from Sub-district Khajuwala(District Bikaner) in Rajasthan."
954873,34 Kyd-2 Pbm B,34 केवाईडी-2 पीबीएम बी,478,Khajuwala,,000000,U,,,2025-05-20,2025-07-24,1,"The Village Sukhdeopura(69190),Jhookiya(69163),Amrewala(69186),2do-A(69169)...etc  has been shifted to Sub-district Poogal(District Bikaner) from Sub-district Khajuwala(District Bikaner) in Rajasthan."
954874,40 Kyd-44 Kyd,40 केवाईडी-44 केवाईडी,478,Khajuwala,,000000,U,,,2025-05-20,2025-07-24,1,"The Village Sukhdeopura(69190),Jhookiya(69163),Amrewala(69186),2do-A(69169)...etc  has been shifted to Sub-district Poogal(District Bikaner) from Sub-district Khajuwala(District Bikaner) in Rajasthan."
954875,39 Kjd-11 Dwd A,39 केजेडी-11 डीडब्ल्यूडी ए,478,Khajuwala,,000000,U,,,2025-05-20,2025-07-24,1,"The Village Sukhdeopura(69190),Jhookiya(69163),Amrewala(69186),2do-A(69169)...etc  has been shifted to Sub-district Poogal(District Bikaner) from Sub-district Khajuwala(District Bikaner) in Rajasthan."
954877,7 Kld-11 Kld,7 केएलडी-11 केएलडी,478,Khajuwala,,000000,U,,,2025-05-20,2025-07-24,1,"The Village Sukhdeopura(69190),Jhookiya(69163),Amrewala(69186),2do-A(69169)...etc  has been shifted to Sub-district Poogal(District Bikaner) from Sub-district Khajuwala(District Bikaner) in Rajasthan."
954880,12 Kyd-12 Kyd,12 केवाईडी-12 केवाईडी,478,Khajuwala,,000000,U,,,2025-05-20,2025-07-24,1,"The Village Sukhdeopura(69190),Jhookiya(69163),Amrewala(69186),2do-A(69169)...etc  has been shifted to Sub-district Poogal(District Bikaner) from Sub-district Khajuwala(District Bikaner) in Rajasthan."
954881,33 Kjd -32 Kjd,33 केजेडी-32 केजेडी,478,Khajuwala,,000000,U,,,2025-05-20,2025-07-24,1,"The Village Sukhdeopura(69190),Jhookiya(69163),Amrewala(69186),2do-A(69169)...etc  has been shifted to Sub-district Poogal(District Bikaner) from Sub-district Khajuwala(District Bikaner) in Rajasthan."
954882,8 Kyd A-10 Kyd B,8 केवाईडी ए-10 केवाईडी बी,478,Khajuwala,,000000,U,,,2025-05-20,2025-07-24,1,"The Village Sukhdeopura(69190),Jhookiya(69163),Amrewala(69186),2do-A(69169)...etc  has been shifted to Sub-district Poogal(District Bikaner) from Sub-district Khajuwala(District Bikaner) in Rajasthan."
954883,2 Kwm A-25 Bd B,2 केडब्ल्यूएम ए-25 बीडी बी,478,Khajuwala,,000000,U,,,2025-05-20,2025-07-24,1,"The Village Sukhdeopura(69190),Jhookiya(69163),Amrewala(69186),2do-A(69169)...etc  has been shifted to Sub-district Poogal(District Bikaner) from Sub-district Khajuwala(District Bikaner) in Rajasthan."
954884,7 Phm A-7 Phm A,7 पीएचएम ए-7 पीएचएम ए,478,Khajuwala,,000000,U,262118,7phm,2025-05-20,2025-07-24,1,"The Village Sukhdeopura(69190),Jhookiya(69163),Amrewala(69186),2do-A(69169)...etc  has been shifted to Sub-district Poogal(District Bikaner) from Sub-district Khajuwala(District Bikaner) in Rajasthan."
954934,Ghulam Ali Wala-1 Mtm Cad,P.9(71)Rev-1/2025-27136,478,Khajuwala,,000000,U,,,2025-05-20,2025-07-24,1,"The Village Sukhdeopura(69190),Jhookiya(69163),Amrewala(69186),2do-A(69169)...etc  has been shifted to Sub-district Poogal(District Bikaner) from Sub-district Khajuwala(District Bikaner) in Rajasthan."
954937,Dantaur Barani-20 Bld,दन्तौर बारानी-20 बीएलडी,478,Khajuwala,,000000,U,,,2025-05-20,2025-07-24,1,"The Village Sukhdeopura(69190),Jhookiya(69163),Amrewala(69186),2do-A(69169)...etc  has been shifted to Sub-district Poogal(District Bikaner) from Sub-district Khajuwala(District Bikaner) in Rajasthan."
954963,Ballar Barani-19 Kld Cad Anandgarh,बल्लर बारानी-19 केएलडी सीएडी आनंदगढ,478,Khajuwala,,000000,U,,,2025-05-20,2025-07-24,1,"The Village Sukhdeopura(69190),Jhookiya(69163),Amrewala(69186),2do-A(69169)...etc  has been shifted to Sub-district Poogal(District Bikaner) from Sub-district Khajuwala(District Bikaner) in Rajasthan."
955072,Ballar Barani-19 Kld Old Anandgarh,बल्लर बारानी-19 केएलडी पुराना आनंदगढ,478,Khajuwala,,000000,U,,,2025-05-20,2025-07-25,1,"The Village Sukhdeopura(69190),Jhookiya(69163),Amrewala(69186),2do-A(69169)...etc  has been shifted to Sub-district Poogal(District Bikaner) from Sub-district Khajuwala(District Bikaner) in Rajasthan."
955077,Dantaur Barani-19 Bld,दन्तौर बारानी-19 बीएलडी,478,Khajuwala,,000000,U,,,2025-05-20,2025-07-25,1,"The Village Sukhdeopura(69190),Jhookiya(69163),Amrewala(69186),2do-A(69169)...etc  has been shifted to Sub-district Poogal(District Bikaner) from Sub-district Khajuwala(District Bikaner) in Rajasthan."
955079,Ghulam Ali Wala-2 Mtm,गुलाम अली वाला-2 एमटीएम,478,Khajuwala,,000000,U,,,2025-05-20,2025-07-25,1,"The Village Sukhdeopura(69190),Jhookiya(69163),Amrewala(69186),2do-A(69169)...etc  has been shifted to Sub-district Poogal(District Bikaner) from Sub-district Khajuwala(District Bikaner) in Rajasthan."
955080,33 Kjd- 34 Kjd,33 केजेडी-34 केजेडी,478,Khajuwala,,000000,U,,,2025-05-20,2025-07-25,1,"The Village Sukhdeopura(69190),Jhookiya(69163),Amrewala(69186),2do-A(69169)...etc  has been shifted to Sub-district Poogal(District Bikaner) from Sub-district Khajuwala(District Bikaner) in Rajasthan."
955081,Madhodiggi 19-Pkd,माधोडिग्गी-19 पीकेडी,478,Khajuwala,,000000,U,,,2025-05-20,2025-07-25,1,"The Village Sukhdeopura(69190),Jhookiya(69163),Amrewala(69186),2do-A(69169)...etc  has been shifted to Sub-district Poogal(District Bikaner) from Sub-district Khajuwala(District Bikaner) in Rajasthan."
955083,2 Kwm A-26 Bd A,2 केडब्लयूएम ए-26 बीडी ए,478,Khajuwala,,000000,U,,,2025-05-20,2025-07-25,1,"The Village Sukhdeopura(69190),Jhookiya(69163),Amrewala(69186),2do-A(69169)...etc  has been shifted to Sub-district Poogal(District Bikaner) from Sub-district Khajuwala(District Bikaner) in Rajasthan."
955084,8 Kyd A-8 Kyd A,8 केवाईडी ए-8 केवाईडी ए,478,Khajuwala,,000000,U,36002,8 Kyd,2025-05-20,2025-07-25,1,"The Village Sukhdeopura(69190),Jhookiya(69163),Amrewala(69186),2do-A(69169)...etc  has been shifted to Sub-district Poogal(District Bikaner) from Sub-district Khajuwala(District Bikaner) in Rajasthan."
955085,39 Kjd-12 Dwd,39 केजेडी-12 डीडब्ल्यूडी ,478,Khajuwala,,000000,U,,,2025-05-20,2025-07-25,1,"The Village Sukhdeopura(69190),Jhookiya(69163),Amrewala(69186),2do-A(69169)...etc  has been shifted to Sub-district Poogal(District Bikaner) from Sub-district Khajuwala(District Bikaner) in Rajasthan."
955086,Ballar Barani-20 Kld A Anadgarh,बल्लर बारानी-20 केएलडी ए आनंदगढ,478,Khajuwala,,000000,U,,,2025-05-20,2025-07-25,1,"The Village Sukhdeopura(69190),Jhookiya(69163),Amrewala(69186),2do-A(69169)...etc  has been shifted to Sub-district Poogal(District Bikaner) from Sub-district Khajuwala(District Bikaner) in Rajasthan."
955088,Dantaur Barani-18 Bld,दन्तौर बारानी-18 बीएलडी,478,Khajuwala,,000000,U,,,2025-05-20,2025-07-25,1,"The Village Sukhdeopura(69190),Jhookiya(69163),Amrewala(69186),2do-A(69169)...etc  has been shifted to Sub-district Poogal(District Bikaner) from Sub-district Khajuwala(District Bikaner) in Rajasthan."
955089,Ghulam Ali Wala-3 Mtm,गुलाम अली वाला-3 एमटीएम,478,Khajuwala,,000000,U,,,2025-05-20,2025-07-25,1,"The Village Sukhdeopura(69190),Jhookiya(69163),Amrewala(69186),2do-A(69169)...etc  has been shifted to Sub-district Poogal(District Bikaner) from Sub-district Khajuwala(District Bikaner) in Rajasthan."
955090,40 Kyd-40 Kyd,40 केवाईडी -40 केवाईडी ,478,Khajuwala,,000000,U,262138,40kyd,2025-05-20,2025-07-25,1,"The Village Sukhdeopura(69190),Jhookiya(69163),Amrewala(69186),2do-A(69169)...etc  has been shifted to Sub-district Poogal(District Bikaner) from Sub-district Khajuwala(District Bikaner) in Rajasthan."
955091,Dantaur Barani-7 Khm,दन्तौर बारानी-7 केएचएम,478,Khajuwala,,000000,U,,,2025-05-20,2025-07-25,1,"The Village Sukhdeopura(69190),Jhookiya(69163),Amrewala(69186),2do-A(69169)...etc  has been shifted to Sub-district Poogal(District Bikaner) from Sub-district Khajuwala(District Bikaner) in Rajasthan."
955092,12 Kyd-14 Kyd,12 केवाईडी -14 केवाईडी ,478,Khajuwala,,000000,U,35996,17 Kyd,2025-05-20,2025-07-25,1,"The Village Sukhdeopura(69190),Jhookiya(69163),Amrewala(69186),2do-A(69169)...etc  has been shifted to Sub-district Poogal(District Bikaner) from Sub-district Khajuwala(District Bikaner) in Rajasthan."
955093,34 Kyd- 34 Kyd,34 केवाईडी -34 केवाईडी ,478,Khajuwala,,000000,U,36001,34 Kyd,2025-05-20,2025-07-25,1,"The Village Sukhdeopura(69190),Jhookiya(69163),Amrewala(69186),2do-A(69169)...etc  has been shifted to Sub-district Poogal(District Bikaner) from Sub-district Khajuwala(District Bikaner) in Rajasthan."
955095,2 Kwm A- 26 Bd B,2 केडब्लयूएम ए-26 बीडी बी,478,Khajuwala,,000000,U,,,2025-05-20,2025-07-25,1,"The Village Sukhdeopura(69190),Jhookiya(69163),Amrewala(69186),2do-A(69169)...etc  has been shifted to Sub-district Poogal(District Bikaner) from Sub-district Khajuwala(District Bikaner) in Rajasthan."
955096,33 Kjd-35 Kjd A,33 केजेडी-35 केजेडी ए,478,Khajuwala,,000000,U,,,2025-05-20,2025-07-25,1,"The Village Sukhdeopura(69190),Jhookiya(69163),Amrewala(69186),2do-A(69169)...etc  has been shifted to Sub-district Poogal(District Bikaner) from Sub-district Khajuwala(District Bikaner) in Rajasthan."
955098,Madhodiggi - 19 Pkd A,माधोडिग्गी-19 पीकेडी ए,478,Khajuwala,,000000,U,,,2025-05-20,2025-07-25,1,"The Village Sukhdeopura(69190),Jhookiya(69163),Amrewala(69186),2do-A(69169)...etc  has been shifted to Sub-district Poogal(District Bikaner) from Sub-district Khajuwala(District Bikaner) in Rajasthan."
955099,39 Kjd-13 Dwd,39 केजेडी-13 डीडब्ल्यूडी ,478,Khajuwala,,000000,U,,,2025-05-20,2025-07-25,1,"The Village Sukhdeopura(69190),Jhookiya(69163),Amrewala(69186),2do-A(69169)...etc  has been shifted to Sub-district Poogal(District Bikaner) from Sub-district Khajuwala(District Bikaner) in Rajasthan."
955100,Ballar Barani-17 Dwd A Anandgarh,बल्लर बारानी-17 डीडब्ल्यूडी ए आनंदगढ,478,Khajuwala,,000000,U,,,2025-05-20,2025-07-25,1,"The Village Sukhdeopura(69190),Jhookiya(69163),Amrewala(69186),2do-A(69169)...etc  has been shifted to Sub-district Poogal(District Bikaner) from Sub-district Khajuwala(District Bikaner) in Rajasthan."
955102,Dantaur Barani-18 Bld II,दन्तौर बारानी-18 बीएलडी ।।,478,Khajuwala,,000000,U,,,2025-05-20,2025-07-25,1,"The Village Sukhdeopura(69190),Jhookiya(69163),Amrewala(69186),2do-A(69169)...etc  has been shifted to Sub-district Poogal(District Bikaner) from Sub-district Khajuwala(District Bikaner) in Rajasthan."
955104,Ghulam Ali Wala-5 Mtm Old,गुलाम अली वाला-5 एमटीएम पुराना,478,Khajuwala,,000000,U,,,2025-05-20,2025-07-25,1,"The Village Sukhdeopura(69190),Jhookiya(69163),Amrewala(69186),2do-A(69169)...etc  has been shifted to Sub-district Poogal(District Bikaner) from Sub-district Khajuwala(District Bikaner) in Rajasthan."
955109,2 Kwm A-27 Bd A,2 केडब्लयूएम ए-27 बीडी ए,478,Khajuwala,,000000,U,,,2025-05-20,2025-07-25,1,"The Village Sukhdeopura(69190),Jhookiya(69163),Amrewala(69186),2do-A(69169)...etc  has been shifted to Sub-district Poogal(District Bikaner) from Sub-district Khajuwala(District Bikaner) in Rajasthan."
955110,33 Kjd-35 Kjd B,33 केजेडी-35 केजेडी बी,478,Khajuwala,,000000,U,,,2025-05-20,2025-07-25,1,"The Village Sukhdeopura(69190),Jhookiya(69163),Amrewala(69186),2do-A(69169)...etc  has been shifted to Sub-district Poogal(District Bikaner) from Sub-district Khajuwala(District Bikaner) in Rajasthan."
955112,Madhodiggi-1-2 Mdm,माधोडिग्गी-1-2 एमडीएम,478,Khajuwala,,000000,U,,,2025-05-20,2025-07-25,1,"The Village Sukhdeopura(69190),Jhookiya(69163),Amrewala(69186),2do-A(69169)...etc  has been shifted to Sub-district Poogal(District Bikaner) from Sub-district Khajuwala(District Bikaner) in Rajasthan."
955114,39 Kjd-14 Dwd,39 केजेडी-14 डीडब्ल्यूडी ,478,Khajuwala,,000000,U,,,2025-05-20,2025-07-25,1,"The Village Sukhdeopura(69190),Jhookiya(69163),Amrewala(69186),2do-A(69169)...etc  has been shifted to Sub-district Poogal(District Bikaner) from Sub-district Khajuwala(District Bikaner) in Rajasthan."
955115,Ballar Barani-17 Dwd B Anandgarh,बल्लर बारानी-17 डीडब्ल्यूडी बी आनंदगढ,478,Khajuwala,,000000,U,,,2025-05-20,2025-07-25,1,"The Village Sukhdeopura(69190),Jhookiya(69163),Amrewala(69186),2do-A(69169)...etc  has been shifted to Sub-district Poogal(District Bikaner) from Sub-district Khajuwala(District Bikaner) in Rajasthan."
955117,Dantuar Barani-7 Khm A,दन्तौर बारानी-7 केएचएम ए,478,Khajuwala,,000000,U,,,2025-05-20,2025-07-25,1,"The Village Sukhdeopura(69190),Jhookiya(69163),Amrewala(69186),2do-A(69169)...etc  has been shifted to Sub-district Poogal(District Bikaner) from Sub-district Khajuwala(District Bikaner) in Rajasthan."
955119,Madhodiggi-1 Pkm,माधोडिग्गी-1 पीकेएम,478,Khajuwala,,000000,U,,,2025-05-20,2025-07-25,1,"The Village Sukhdeopura(69190),Jhookiya(69163),Amrewala(69186),2do-A(69169)...etc  has been shifted to Sub-district Poogal(District Bikaner) from Sub-district Khajuwala(District Bikaner) in Rajasthan."
955121,39 Kjd-15 Dwd,39 केजेडी-15 डीडब्ल्यूडी ,478,Khajuwala,,000000,U,,,2025-05-20,2025-07-25,1,"The Village Sukhdeopura(69190),Jhookiya(69163),Amrewala(69186),2do-A(69169)...etc  has been shifted to Sub-district Poogal(District Bikaner) from Sub-district Khajuwala(District Bikaner) in Rajasthan."
955122,Ballar Barani-18 Dwd A Anandgarh,बल्लर बारानी-18 डीडब्ल्यूडी ए आनंदगढ,478,Khajuwala,,000000,U,,,2025-05-20,2025-07-25,1,"The Village Sukhdeopura(69190),Jhookiya(69163),Amrewala(69186),2do-A(69169)...etc  has been shifted to Sub-district Poogal(District Bikaner) from Sub-district Khajuwala(District Bikaner) in Rajasthan."
955123,Dantaur Barani-17 Bld B,दन्तौर बारानी-17 बीएलडी बी,478,Khajuwala,,000000,U,,,2025-05-20,2025-07-25,1,"The Village Sukhdeopura(69190),Jhookiya(69163),Amrewala(69186),2do-A(69169)...etc  has been shifted to Sub-district Poogal(District Bikaner) from Sub-district Khajuwala(District Bikaner) in Rajasthan."
955127,Ghulam Ali Wala-5 Mtm Cad,गुलाम अली वाला-5 एमटीएम सीएडी,478,Khajuwala,,000000,U,,,2025-05-20,2025-07-25,1,"The Village Sukhdeopura(69190),Jhookiya(69163),Amrewala(69186),2do-A(69169)...etc  has been shifted to Sub-district Poogal(District Bikaner) from Sub-district Khajuwala(District Bikaner) in Rajasthan."
955129,Dantaur Barani-8 Khm,दन्तौर बारानी-8 केएचएम ,478,Khajuwala,,000000,U,,,2025-05-20,2025-07-25,1,"The Village Sukhdeopura(69190),Jhookiya(69163),Amrewala(69186),2do-A(69169)...etc  has been shifted to Sub-district Poogal(District Bikaner) from Sub-district Khajuwala(District Bikaner) in Rajasthan."
955131,33 Kjd-36 Kjd,33 केजेडी-36 केजेडी ,478,Khajuwala,,000000,U,,,2025-05-20,2025-07-25,1,"The Village Sukhdeopura(69190),Jhookiya(69163),Amrewala(69186),2do-A(69169)...etc  has been shifted to Sub-district Poogal(District Bikaner) from Sub-district Khajuwala(District Bikaner) in Rajasthan."
955132,39 Kjd-16 Dwd,39 केजेडी-16 डीडब्ल्यूडी,478,Khajuwala,,000000,U,,,2025-05-20,2025-07-25,1,"The Village Sukhdeopura(69190),Jhookiya(69163),Amrewala(69186),2do-A(69169)...etc  has been shifted to Sub-district Poogal(District Bikaner) from Sub-district Khajuwala(District Bikaner) in Rajasthan."
955133,7 Kld-7 Kld,7 केएलडी-7 केएलडी,478,Khajuwala,,000000,U,36006,Anandgarh,2025-05-20,2025-07-25,1,"The Village Sukhdeopura(69190),Jhookiya(69163),Amrewala(69186),2do-A(69169)...etc  has been shifted to Sub-district Poogal(District Bikaner) from Sub-district Khajuwala(District Bikaner) in Rajasthan."
955137,Ballar Barani-18 Dwd B Anandgarh,बल्लर बारानी-18 डीडब्ल्यूडी बी आनंदगढ,478,Khajuwala,,000000,U,,,2025-05-20,2025-07-25,1,"The Village Sukhdeopura(69190),Jhookiya(69163),Amrewala(69186),2do-A(69169)...etc  has been shifted to Sub-district Poogal(District Bikaner) from Sub-district Khajuwala(District Bikaner) in Rajasthan."
955142,2 Kwm A-27 Bd B,2 केडब्लयूएम ए-27 बीडी बी,478,Khajuwala,,000000,U,35998,2 Kwm,2025-05-20,2025-07-25,1,"The Village Sukhdeopura(69190),Jhookiya(69163),Amrewala(69186),2do-A(69169)...etc  has been shifted to Sub-district Poogal(District Bikaner) from Sub-district Khajuwala(District Bikaner) in Rajasthan."
955150,Dantaur Barani-17 Bld A,दन्तौर बारानी-17 बीएलडी ए,478,Khajuwala,,000000,U,,,2025-05-20,2025-07-25,1,"The Village Sukhdeopura(69190),Jhookiya(69163),Amrewala(69186),2do-A(69169)...etc  has been shifted to Sub-district Poogal(District Bikaner) from Sub-district Khajuwala(District Bikaner) in Rajasthan."
955169,Ghulam Ali Wala-18 Pb,गुलाम अली वाला-18 पीबी,478,Khajuwala,,000000,U,,,2025-05-20,2025-07-25,1,"The Village Sukhdeopura(69190),Jhookiya(69163),Amrewala(69186),2do-A(69169)...etc  has been shifted to Sub-district Poogal(District Bikaner) from Sub-district Khajuwala(District Bikaner) in Rajasthan."
955173,33 Kjd- 2 Dwd,33 केजेडी-2 डीडब्ल्यूडी,478,Khajuwala,,000000,U,,,2025-05-20,2025-07-25,1,"The Village Sukhdeopura(69190),Jhookiya(69163),Amrewala(69186),2do-A(69169)...etc  has been shifted to Sub-district Poogal(District Bikaner) from Sub-district Khajuwala(District Bikaner) in Rajasthan."
955177,Madhodiggi-2 Pkm,माधोडिग्गी-2 पीकेएम,478,Khajuwala,,000000,U,,,2025-05-20,2025-07-25,1,"The Village Sukhdeopura(69190),Jhookiya(69163),Amrewala(69186),2do-A(69169)...etc  has been shifted to Sub-district Poogal(District Bikaner) from Sub-district Khajuwala(District Bikaner) in Rajasthan."
955188,Dantaur Barani-Dantaur Barani,दन्तौर बारानी-दन्तौर बारानी,478,Khajuwala,,000000,U,,,2025-05-20,2025-07-25,1,"The Village Sukhdeopura(69190),Jhookiya(69163),Amrewala(69186),2do-A(69169)...etc  has been shifted to Sub-district Poogal(District Bikaner) from Sub-district Khajuwala(District Bikaner) in Rajasthan."
955194,Ghulam Ali Wala-19 Pb,गुलाम अली वाला-19 पीबी,478,Khajuwala,,000000,U,35997,2 Kld,2025-05-20,2025-07-25,1,"The Village Sukhdeopura(69190),Jhookiya(69163),Amrewala(69186),2do-A(69169)...etc  has been shifted to Sub-district Poogal(District Bikaner) from Sub-district Khajuwala(District Bikaner) in Rajasthan."
955196,33 Kjd-6 Dwd,33 केजेडी-6 डीडब्ल्यूडी,478,Khajuwala,,000000,U,,,2025-05-20,2025-07-25,1,"The Village Sukhdeopura(69190),Jhookiya(69163),Amrewala(69186),2do-A(69169)...etc  has been shifted to Sub-district Poogal(District Bikaner) from Sub-district Khajuwala(District Bikaner) in Rajasthan."
955198,39 Kjd-3 Mwm,39 केजेडी-3 एमडब्ल्यूएम,478,Khajuwala,,000000,U,,,2025-05-20,2025-07-25,1,"The Village Sukhdeopura(69190),Jhookiya(69163),Amrewala(69186),2do-A(69169)...etc  has been shifted to Sub-district Poogal(District Bikaner) from Sub-district Khajuwala(District Bikaner) in Rajasthan."
955199,Madhodiggi-3 Pkm,माधोडिग्गी-3 पीकेएम,478,Khajuwala,,000000,U,,,2025-05-20,2025-07-25,1,"The Village Sukhdeopura(69190),Jhookiya(69163),Amrewala(69186),2do-A(69169)...etc  has been shifted to Sub-district Poogal(District Bikaner) from Sub-district Khajuwala(District Bikaner) in Rajasthan."
955201,Ballar Barani-18 Dwd C Anandgarh,बल्लर बारानी-18 डीडब्ल्यूडी सी आनंदगढ,478,Khajuwala,,000000,U,,,2025-05-20,2025-07-25,1,"The Village Sukhdeopura(69190),Jhookiya(69163),Amrewala(69186),2do-A(69169)...etc  has been shifted to Sub-district Poogal(District Bikaner) from Sub-district Khajuwala(District Bikaner) in Rajasthan."
955203,Dantaur Barani-16 Bld Old,दन्तौर बारानी-16 बीएलडी पुराना,478,Khajuwala,,000000,U,,,2025-05-20,2025-07-25,1,"The Village Sukhdeopura(69190),Jhookiya(69163),Amrewala(69186),2do-A(69169)...etc  has been shifted to Sub-district Poogal(District Bikaner) from Sub-district Khajuwala(District Bikaner) in Rajasthan."
955204,33 Kjd-33 Kjd,33 केजेडी-33 केजेडी,478,Khajuwala,,000000,U,35997,2 Kld,2025-05-20,2025-07-25,1,"The Village Sukhdeopura(69190),Jhookiya(69163),Amrewala(69186),2do-A(69169)...etc  has been shifted to Sub-district Poogal(District Bikaner) from Sub-district Khajuwala(District Bikaner) in Rajasthan."
955205,Madhodiggi-4 Pkm,माधोडिग्गी-4 पीकेएम,478,Khajuwala,,000000,U,262134,Madhodiggi,2025-05-20,2025-07-25,1,"The Village Sukhdeopura(69190),Jhookiya(69163),Amrewala(69186),2do-A(69169)...etc  has been shifted to Sub-district Poogal(District Bikaner) from Sub-district Khajuwala(District Bikaner) in Rajasthan."
955206,39 Kjd-4 Mwm,39 केजेडी-4 एमडब्ल्यूएम ,478,Khajuwala,,000000,U,36006,Anandgarh,2025-05-20,2025-07-25,1,"The Village Sukhdeopura(69190),Jhookiya(69163),Amrewala(69186),2do-A(69169)...etc  has been shifted to Sub-district Poogal(District Bikaner) from Sub-district Khajuwala(District Bikaner) in Rajasthan."
955207,Ballar Barani-19 Dwd Anandgarh,बल्लर बारानी-19 डीडब्ल्यूडी आनंदगढ,478,Khajuwala,,000000,U,36007,Ballar,2025-05-20,2025-07-25,1,"The Village Sukhdeopura(69190),Jhookiya(69163),Amrewala(69186),2do-A(69169)...etc  has been shifted to Sub-district Poogal(District Bikaner) from Sub-district Khajuwala(District Bikaner) in Rajasthan."
955209,Dantaur Barani- 16 Bld B,दन्तौर बारानी-16 बीएलडी बी,478,Khajuwala,,000000,U,36014,Dantor,2025-05-20,2025-07-25,1,"The Village Sukhdeopura(69190),Jhookiya(69163),Amrewala(69186),2do-A(69169)...etc  has been shifted to Sub-district Poogal(District Bikaner) from Sub-district Khajuwala(District Bikaner) in Rajasthan."
955212,39 Kjd-5 Mwm,39 केजेडी-5 एमडब्ल्यूएम,478,Khajuwala,,000000,U,,,2025-05-20,2025-07-28,1,"The Village Sukhdeopura(69190),Jhookiya(69163),Amrewala(69186),2do-A(69169)...etc  has been shifted to Sub-district Poogal(District Bikaner) from Sub-district Khajuwala(District Bikaner) in Rajasthan."
955213,Dantaur Barani-16 Bld A,दन्तौर बारानी-16 बीएलडी बी,478,Khajuwala,,000000,U,,,2025-05-20,2025-07-28,1,"The Village Sukhdeopura(69190),Jhookiya(69163),Amrewala(69186),2do-A(69169)...etc  has been shifted to Sub-district Poogal(District Bikaner) from Sub-district Khajuwala(District Bikaner) in Rajasthan."
955214,Madhodiggi- 13 Kjd B,माधोडिग्गी-13 केजेडी बी,478,Khajuwala,,000000,U,,,2025-05-20,2025-07-28,1,"The Village Sukhdeopura(69190),Jhookiya(69163),Amrewala(69186),2do-A(69169)...etc  has been shifted to Sub-district Poogal(District Bikaner) from Sub-district Khajuwala(District Bikaner) in Rajasthan."
955215,39 Kjd- 6 Mwm,39 केजेडी-6 एमडब्ल्यूएम ,478,Khajuwala,,000000,U,,,2025-05-20,2025-07-28,1,"The Village Sukhdeopura(69190),Jhookiya(69163),Amrewala(69186),2do-A(69169)...etc  has been shifted to Sub-district Poogal(District Bikaner) from Sub-district Khajuwala(District Bikaner) in Rajasthan."
955216,Dantaur Barani-15 Bld,दन्तौर बारानी-15 बीएलडी,478,Khajuwala,,000000,U,,,2025-05-20,2025-07-28,1,"The Village Sukhdeopura(69190),Jhookiya(69163),Amrewala(69186),2do-A(69169)...etc  has been shifted to Sub-district Poogal(District Bikaner) from Sub-district Khajuwala(District Bikaner) in Rajasthan."
955217,Ballar Barani-20 Kld B,बल्लर बारानी-20 केएलडी बी,478,Khajuwala,,000000,U,,,2025-05-20,2025-07-28,1,"The Village Sukhdeopura(69190),Jhookiya(69163),Amrewala(69186),2do-A(69169)...etc  has been shifted to Sub-district Poogal(District Bikaner) from Sub-district Khajuwala(District Bikaner) in Rajasthan."
955218,Ballar Barani-21 Kld,बल्लर बारानी-21 केएलडी,478,Khajuwala,,000000,U,,,2025-05-20,2025-07-28,1,"The Village Sukhdeopura(69190),Jhookiya(69163),Amrewala(69186),2do-A(69169)...etc  has been shifted to Sub-district Poogal(District Bikaner) from Sub-district Khajuwala(District Bikaner) in Rajasthan."
955219,Dantaur Barani-10 Khm,दन्तौर बारानी-10 केएचएम,478,Khajuwala,,000000,U,,,2025-05-20,2025-07-28,1,"The Village Sukhdeopura(69190),Jhookiya(69163),Amrewala(69186),2do-A(69169)...etc  has been shifted to Sub-district Poogal(District Bikaner) from Sub-district Khajuwala(District Bikaner) in Rajasthan."
955220,39 Kjd-39 Kjd,39 केजेडी-39 केजेडी,478,Khajuwala,,000000,U,,,2025-05-20,2025-07-28,1,"The Village Sukhdeopura(69190),Jhookiya(69163),Amrewala(69186),2do-A(69169)...etc  has been shifted to Sub-district Poogal(District Bikaner) from Sub-district Khajuwala(District Bikaner) in Rajasthan."
955221,Madhodiggi-13 Kjd A,माधोडिग्गी-13 केजेडी ए,478,Khajuwala,,000000,U,262134,Madhodiggi,2025-05-20,2025-07-28,1,"The Village Sukhdeopura(69190),Jhookiya(69163),Amrewala(69186),2do-A(69169)...etc  has been shifted to Sub-district Poogal(District Bikaner) from Sub-district Khajuwala(District Bikaner) in Rajasthan."
955245,Ballar Barani-22 Kld,बल्लर बारानी-22 केएलडी,478,Khajuwala,,000000,U,,,2025-05-20,2025-07-28,1,"The Village Sukhdeopura(69190),Jhookiya(69163),Amrewala(69186),2do-A(69169)...etc  has been shifted to Sub-district Poogal(District Bikaner) from Sub-district Khajuwala(District Bikaner) in Rajasthan."
955246,Dantaur Barani-14 Bld B,दन्तौर बारानी-14 बीएलडी बी,478,Khajuwala,,000000,U,,,2025-05-20,2025-07-28,1,"The Village Sukhdeopura(69190),Jhookiya(69163),Amrewala(69186),2do-A(69169)...etc  has been shifted to Sub-district Poogal(District Bikaner) from Sub-district Khajuwala(District Bikaner) in Rajasthan."
955249,39 Kjd-40 Kjd,39 केजेडी-40 केजेडी,478,Khajuwala,,000000,U,,,2025-05-20,2025-07-28,1,"The Village Sukhdeopura(69190),Jhookiya(69163),Amrewala(69186),2do-A(69169)...etc  has been shifted to Sub-district Poogal(District Bikaner) from Sub-district Khajuwala(District Bikaner) in Rajasthan."
955251,Ballar Barani-23 Kld,बल्लर बारानी-23 केएलडी,478,Khajuwala,,000000,U,,,2025-05-20,2025-07-28,1,"The Village Sukhdeopura(69190),Jhookiya(69163),Amrewala(69186),2do-A(69169)...etc  has been shifted to Sub-district Poogal(District Bikaner) from Sub-district Khajuwala(District Bikaner) in Rajasthan."
955252,Dantaur Barani-14 Bld A,दन्तौर बारानी-14 बीएलडी ए,478,Khajuwala,,000000,U,,,2025-05-20,2025-07-28,1,"The Village Sukhdeopura(69190),Jhookiya(69163),Amrewala(69186),2do-A(69169)...etc  has been shifted to Sub-district Poogal(District Bikaner) from Sub-district Khajuwala(District Bikaner) in Rajasthan."
955253,Dantaur Barani-12 Khm,दन्तौर बारानी-12 केएचएम,478,Khajuwala,,000000,U,,,2025-05-20,2025-07-28,1,"The Village Sukhdeopura(69190),Jhookiya(69163),Amrewala(69186),2do-A(69169)...etc  has been shifted to Sub-district Poogal(District Bikaner) from Sub-district Khajuwala(District Bikaner) in Rajasthan."
955254,Ballar Barani-27-28 Bld,बल्लर बारानी-27-28 बीएलडी,478,Khajuwala,,000000,U,,,2025-05-20,2025-07-28,1,"The Village Sukhdeopura(69190),Jhookiya(69163),Amrewala(69186),2do-A(69169)...etc  has been shifted to Sub-district Poogal(District Bikaner) from Sub-district Khajuwala(District Bikaner) in Rajasthan."
955263,Dantaur Barani-22 Bld,दन्तौर बारानी-22 बीएलडी,478,Khajuwala,,000000,U,,,2025-05-20,2025-07-28,1,"The Village Sukhdeopura(69190),Jhookiya(69163),Amrewala(69186),2do-A(69169)...etc  has been shifted to Sub-district Poogal(District Bikaner) from Sub-district Khajuwala(District Bikaner) in Rajasthan."
955267,Ballar Barani-29 Bld,बल्लर बारानी-29 बीएलडी,478,Khajuwala,,000000,U,,,2025-05-20,2025-07-28,1,"The Village Sukhdeopura(69190),Jhookiya(69163),Amrewala(69186),2do-A(69169)...etc  has been shifted to Sub-district Poogal(District Bikaner) from Sub-district Khajuwala(District Bikaner) in Rajasthan."
955288,Dantaur Barani-23 Bld,दन्तौर बारानी-23 बीएलडी ,478,Khajuwala,,000000,U,,,2025-05-20,2025-07-28,1,"The Village Sukhdeopura(69190),Jhookiya(69163),Amrewala(69186),2do-A(69169)...etc  has been shifted to Sub-district Poogal(District Bikaner) from Sub-district Khajuwala(District Bikaner) in Rajasthan."
955289,Ballar Barani-30 Bld,बल्लर बारानी-30 बीएलडी,478,Khajuwala,,000000,U,,,2025-05-20,2025-07-28,1,"The Village Sukhdeopura(69190),Jhookiya(69163),Amrewala(69186),2do-A(69169)...etc  has been shifted to Sub-district Poogal(District Bikaner) from Sub-district Khajuwala(District Bikaner) in Rajasthan."
955290,Dantaur Barani-24 Bld,दन्तौर बारानी-24 बीएलडी,478,Khajuwala,,000000,U,,,2025-05-20,2025-07-28,1,"The Village Sukhdeopura(69190),Jhookiya(69163),Amrewala(69186),2do-A(69169)...etc  has been shifted to Sub-district Poogal(District Bikaner) from Sub-district Khajuwala(District Bikaner) in Rajasthan."
955291,Ballar Barani-1Mgwm Old,बल्लर बारानी-1 एमजीडब्ल्यूएम पुराना,478,Khajuwala,,000000,U,,,2025-05-20,2025-07-28,1,"The Village Sukhdeopura(69190),Jhookiya(69163),Amrewala(69186),2do-A(69169)...etc  has been shifted to Sub-district Poogal(District Bikaner) from Sub-district Khajuwala(District Bikaner) in Rajasthan."
955292,Dantaur Barani-25 Bld A,दन्तौर बारानी-25 बीएलडी ए,478,Khajuwala,,000000,U,,,2025-05-20,2025-07-28,1,"The Village Sukhdeopura(69190),Jhookiya(69163),Amrewala(69186),2do-A(69169)...etc  has been shifted to Sub-district Poogal(District Bikaner) from Sub-district Khajuwala(District Bikaner) in Rajasthan."
955293,Ballar Barani-1 Mgwm Cad,बल्लर बारानी-1 एमजीडब्ल्यूएम सीएडी,478,Khajuwala,,000000,U,,,2025-05-20,2025-07-28,1,"The Village Sukhdeopura(69190),Jhookiya(69163),Amrewala(69186),2do-A(69169)...etc  has been shifted to Sub-district Poogal(District Bikaner) from Sub-district Khajuwala(District Bikaner) in Rajasthan."
955294,Dantaur Barani-25 Bld B,दन्तौर बारानी-25 बीएलडी बी,478,Khajuwala,,000000,U,,,2025-05-20,2025-07-28,1,"The Village Sukhdeopura(69190),Jhookiya(69163),Amrewala(69186),2do-A(69169)...etc  has been shifted to Sub-district Poogal(District Bikaner) from Sub-district Khajuwala(District Bikaner) in Rajasthan."
955295,Ballar Barani-2 Mgwm,बल्लर बारानी-2 एमजीडब्ल्यूएम ,478,Khajuwala,,000000,U,,,2025-05-20,2025-07-28,1,"The Village Sukhdeopura(69190),Jhookiya(69163),Amrewala(69186),2do-A(69169)...etc  has been shifted to Sub-district Poogal(District Bikaner) from Sub-district Khajuwala(District Bikaner) in Rajasthan."
955296,Dantaur Barani-26 Bld,दन्तौर बारानी-26 बीएलडी ,478,Khajuwala,,000000,U,,,2025-05-20,2025-07-28,1,"The Village Sukhdeopura(69190),Jhookiya(69163),Amrewala(69186),2do-A(69169)...etc  has been shifted to Sub-district Poogal(District Bikaner) from Sub-district Khajuwala(District Bikaner) in Rajasthan."
955330,Ballar Barani-3 Mgwm Old,बल्लर बारानी-3 एमजीडब्ल्यूएम ओल्ड,478,Khajuwala,,000000,U,,,2025-05-20,2025-07-29,1,"The Village Sukhdeopura(69190),Jhookiya(69163),Amrewala(69186),2do-A(69169)...etc  has been shifted to Sub-district Poogal(District Bikaner) from Sub-district Khajuwala(District Bikaner) in Rajasthan."
955331,Dantaur Barani-16 Khm,दन्तौर बारानी-16 केएचएम,478,Khajuwala,,000000,U,,,2025-05-20,2025-07-29,1,"The Village Sukhdeopura(69190),Jhookiya(69163),Amrewala(69186),2do-A(69169)...etc  has been shifted to Sub-district Poogal(District Bikaner) from Sub-district Khajuwala(District Bikaner) in Rajasthan."
955332,Ballar Barani-3 Mgwm Cad,बल्लर बारानी-3 एमजीडब्ल्यूएम सीएडी,478,Khajuwala,,000000,U,,,2025-05-20,2025-07-29,1,"The Village Sukhdeopura(69190),Jhookiya(69163),Amrewala(69186),2do-A(69169)...etc  has been shifted to Sub-district Poogal(District Bikaner) from Sub-district Khajuwala(District Bikaner) in Rajasthan."
955333,Dantaur Barani-12 Khm B,दन्तौर बारानी-12 केएचएम बी,478,Khajuwala,,000000,U,,,2025-05-20,2025-07-29,1,"The Village Sukhdeopura(69190),Jhookiya(69163),Amrewala(69186),2do-A(69169)...etc  has been shifted to Sub-district Poogal(District Bikaner) from Sub-district Khajuwala(District Bikaner) in Rajasthan."
955334,Ballar Barani-1-2 Slm Old,बल्लर बारानी-1-2-एसएलएम पुराना,478,Khajuwala,,000000,U,,,2025-05-20,2025-07-29,1,"The Village Sukhdeopura(69190),Jhookiya(69163),Amrewala(69186),2do-A(69169)...etc  has been shifted to Sub-district Poogal(District Bikaner) from Sub-district Khajuwala(District Bikaner) in Rajasthan."
955335,39 Kjd-40 Kjd A,39 केजेडी-40 केजेडी ए,478,Khajuwala,,000000,U,36006,Anandgarh,2025-05-20,2025-07-29,1,"The Village Sukhdeopura(69190),Jhookiya(69163),Amrewala(69186),2do-A(69169)...etc  has been shifted to Sub-district Poogal(District Bikaner) from Sub-district Khajuwala(District Bikaner) in Rajasthan."
955336,20 Bd-24 Bd A,20 बीडी-24 बीडी ए,478,Khajuwala,,000000,U,,,2025-05-20,2025-07-29,1,"The Village Sukhdeopura(69190),Jhookiya(69163),Amrewala(69186),2do-A(69169)...etc  has been shifted to Sub-district Poogal(District Bikaner) from Sub-district Khajuwala(District Bikaner) in Rajasthan."
955337,Dantaur Barani-13 Khm,दन्तौर बारानी-13 केएचएम ,478,Khajuwala,,000000,U,,,2025-05-20,2025-07-29,1,"The Village Sukhdeopura(69190),Jhookiya(69163),Amrewala(69186),2do-A(69169)...etc  has been shifted to Sub-district Poogal(District Bikaner) from Sub-district Khajuwala(District Bikaner) in Rajasthan."
955338,Ballar Barani-1-2- Slm Cad,बल्लर बारानी-1-2- एसएलएम सीएडी,478,Khajuwala,,000000,U,,,2025-05-20,2025-07-29,1,"The Village Sukhdeopura(69190),Jhookiya(69163),Amrewala(69186),2do-A(69169)...etc  has been shifted to Sub-district Poogal(District Bikaner) from Sub-district Khajuwala(District Bikaner) in Rajasthan."
955340,Ballar Barani-3 Slm A,बल्लर बारानी-3 एसएलएम ए,478,Khajuwala,,000000,U,,,2025-05-20,2025-07-29,1,"The Village Sukhdeopura(69190),Jhookiya(69163),Amrewala(69186),2do-A(69169)...etc  has been shifted to Sub-district Poogal(District Bikaner) from Sub-district Khajuwala(District Bikaner) in Rajasthan."
955341,Dantaur Barani-14 Khm,दन्तौर बारानी-14 केएचएम ,478,Khajuwala,,000000,U,,,2025-05-20,2025-07-29,1,"The Village Sukhdeopura(69190),Jhookiya(69163),Amrewala(69186),2do-A(69169)...etc  has been shifted to Sub-district Poogal(District Bikaner) from Sub-district Khajuwala(District Bikaner) in Rajasthan."
955342,Ballar Barani-3 Slm,बल्लर बारानी-3 एसएलएम,478,Khajuwala,,000000,U,,,2025-05-20,2025-07-29,1,"The Village Sukhdeopura(69190),Jhookiya(69163),Amrewala(69186),2do-A(69169)...etc  has been shifted to Sub-district Poogal(District Bikaner) from Sub-district Khajuwala(District Bikaner) in Rajasthan."
955343,Dantaur Barani-15 Khm,दन्तौर बारानी-15 केएचएम ,478,Khajuwala,,000000,U,36014,Dantor,2025-05-20,2025-07-29,1,"The Village Sukhdeopura(69190),Jhookiya(69163),Amrewala(69186),2do-A(69169)...etc  has been shifted to Sub-district Poogal(District Bikaner) from Sub-district Khajuwala(District Bikaner) in Rajasthan."
955345,Ballar Barani-21 Smd,बल्लर बारानी-21 एसएमडी,478,Khajuwala,,000000,U,,,2025-05-20,2025-07-29,1,"The Village Sukhdeopura(69190),Jhookiya(69163),Amrewala(69186),2do-A(69169)...etc  has been shifted to Sub-district Poogal(District Bikaner) from Sub-district Khajuwala(District Bikaner) in Rajasthan."
955353,Ballar Barani-Ballar Barani,बल्लर बारानी-बल्लर बारानी,478,Khajuwala,,000000,U,,,2025-05-20,2025-07-29,1,"The Village Sukhdeopura(69190),Jhookiya(69163),Amrewala(69186),2do-A(69169)...etc  has been shifted to Sub-district Poogal(District Bikaner) from Sub-district Khajuwala(District Bikaner) in Rajasthan."
955354,Ballar Barani-22 Khm I,बल्लर बारानी-22 केएचएम ।,478,Khajuwala,,000000,U,,,2025-05-20,2025-07-29,1,"The Village Sukhdeopura(69190),Jhookiya(69163),Amrewala(69186),2do-A(69169)...etc  has been shifted to Sub-district Poogal(District Bikaner) from Sub-district Khajuwala(District Bikaner) in Rajasthan."
955358,Ballar Barani-22 Khm II,बल्लर बारानी-22 केएचएम ।।,478,Khajuwala,,000000,U,,,2025-05-20,2025-07-29,1,"The Village Sukhdeopura(69190),Jhookiya(69163),Amrewala(69186),2do-A(69169)...etc  has been shifted to Sub-district Poogal(District Bikaner) from Sub-district Khajuwala(District Bikaner) in Rajasthan."
955360,Ballar Barani-17 Khm A,बल्लर बारानी-17 केएचएम ए,478,Khajuwala,,000000,U,,,2025-05-20,2025-07-29,1,"The Village Sukhdeopura(69190),Jhookiya(69163),Amrewala(69186),2do-A(69169)...etc  has been shifted to Sub-district Poogal(District Bikaner) from Sub-district Khajuwala(District Bikaner) in Rajasthan."
955361,Ballar Barani-17 Khm B,बल्लर बारानी-17 केएचएम बी,478,Khajuwala,,000000,U,,,2025-05-20,2025-07-29,1,"The Village Sukhdeopura(69190),Jhookiya(69163),Amrewala(69186),2do-A(69169)...etc  has been shifted to Sub-district Poogal(District Bikaner) from Sub-district Khajuwala(District Bikaner) in Rajasthan."
955363,Ballar Barani-18 Khm,बल्लर बारानी-18 केएचएम ,478,Khajuwala,,000000,U,,,2025-05-20,2025-07-29,1,"The Village Sukhdeopura(69190),Jhookiya(69163),Amrewala(69186),2do-A(69169)...etc  has been shifted to Sub-district Poogal(District Bikaner) from Sub-district Khajuwala(District Bikaner) in Rajasthan."
955364,Ballar Barani-18 Khm A,बल्लर बारानी-18 केएचएम ए,478,Khajuwala,,000000,U,,,2025-05-20,2025-07-29,1,"The Village Sukhdeopura(69190),Jhookiya(69163),Amrewala(69186),2do-A(69169)...etc  has been shifted to Sub-district Poogal(District Bikaner) from Sub-district Khajuwala(District Bikaner) in Rajasthan."
955365,Ballar Barani-19 Khm A,बल्लर बारानी-19 केएचएम ए ,478,Khajuwala,,000000,U,,,2025-05-20,2025-07-29,1,"The Village Sukhdeopura(69190),Jhookiya(69163),Amrewala(69186),2do-A(69169)...etc  has been shifted to Sub-district Poogal(District Bikaner) from Sub-district Khajuwala(District Bikaner) in Rajasthan."
955366,Ballar Barani-19 Khm B,बल्लर बारानी-19 केएचएम बी ,478,Khajuwala,,000000,U,,,2025-05-20,2025-07-29,1,"The Village Sukhdeopura(69190),Jhookiya(69163),Amrewala(69186),2do-A(69169)...etc  has been shifted to Sub-district Poogal(District Bikaner) from Sub-district Khajuwala(District Bikaner) in Rajasthan."
955373,Ballar Barani-20 Khm A,बल्लर बारानी-20 केएचएम ए,478,Khajuwala,,000000,U,,,2025-05-20,2025-07-29,1,"The Village Sukhdeopura(69190),Jhookiya(69163),Amrewala(69186),2do-A(69169)...etc  has been shifted to Sub-district Poogal(District Bikaner) from Sub-district Khajuwala(District Bikaner) in Rajasthan."
955374,Ballar Barani-20 Khm B,बल्लर बारानी-20 केएचएम बी,478,Khajuwala,,000000,U,,,2025-05-20,2025-07-29,1,"The Village Sukhdeopura(69190),Jhookiya(69163),Amrewala(69186),2do-A(69169)...etc  has been shifted to Sub-district Poogal(District Bikaner) from Sub-district Khajuwala(District Bikaner) in Rajasthan."
955375,Ballar Barani-21 Khm,बल्लर बारानी-21 केएचएम ,478,Khajuwala,,000000,U,36007,Ballar,2025-05-20,2025-07-29,1,"The Village Sukhdeopura(69190),Jhookiya(69163),Amrewala(69186),2do-A(69169)...etc  has been shifted to Sub-district Poogal(District Bikaner) from Sub-district Khajuwala(District Bikaner) in Rajasthan."
956348,10 Bd-24 Knd,10 बीडी - 24 केएनड,478,Khajuwala,,000000,U,,,2025-05-20,2025-08-13,1,"The Village Sukhdeopura(69190),Jhookiya(69163),Amrewala(69186),2do-A(69169)...etc  has been shifted to Sub-district Poogal(District Bikaner) from Sub-district Khajuwala(District Bikaner) in Rajasthan."
956351,20 Bd-17 Bd A,20 बीडी - 17 बीडी ए,478,Khajuwala,,000000,U,,,2025-05-20,2025-08-13,1,"The Village Sukhdeopura(69190),Jhookiya(69163),Amrewala(69186),2do-A(69169)...etc  has been shifted to Sub-district Poogal(District Bikaner) from Sub-district Khajuwala(District Bikaner) in Rajasthan."
956352,13 Kld A-12 Kld,13 केएलडी ए -12 केएलडी,478,Khajuwala,,000000,U,,,2025-05-20,2025-08-13,1,"The Village Sukhdeopura(69190),Jhookiya(69163),Amrewala(69186),2do-A(69169)...etc  has been shifted to Sub-district Poogal(District Bikaner) from Sub-district Khajuwala(District Bikaner) in Rajasthan."
956353,20 Bd-17 Bd B,20 बीडी - 17 बीडी बी,478,Khajuwala,,000000,U,,,2025-05-20,2025-08-13,1,"The Village Sukhdeopura(69190),Jhookiya(69163),Amrewala(69186),2do-A(69169)...etc  has been shifted to Sub-district Poogal(District Bikaner) from Sub-district Khajuwala(District Bikaner) in Rajasthan."
956355,10Bd -25 Knd,10 बीडी - 25 के एनडी ,478,Khajuwala,,000000,U,,,2025-05-20,2025-08-13,1,"The Village Sukhdeopura(69190),Jhookiya(69163),Amrewala(69186),2do-A(69169)...etc  has been shifted to Sub-district Poogal(District Bikaner) from Sub-district Khajuwala(District Bikaner) in Rajasthan."
956356,20 Bd-18 Bd A,20 बीडी - 18 बीडी ए,478,Khajuwala,,000000,U,,,2025-05-20,2025-08-13,1,"The Village Sukhdeopura(69190),Jhookiya(69163),Amrewala(69186),2do-A(69169)...etc  has been shifted to Sub-district Poogal(District Bikaner) from Sub-district Khajuwala(District Bikaner) in Rajasthan."
956357,10 Bd-26 Knd A,10 बीडी - 26 के एनडी ए,478,Khajuwala,,000000,U,,,2025-05-20,2025-08-13,1,"The Village Sukhdeopura(69190),Jhookiya(69163),Amrewala(69186),2do-A(69169)...etc  has been shifted to Sub-district Poogal(District Bikaner) from Sub-district Khajuwala(District Bikaner) in Rajasthan."
956358,20 Bd -18Bd B,20 बीडी - 18 बीडी बी,478,Khajuwala,,000000,U,,,2025-05-20,2025-08-13,1,"The Village Sukhdeopura(69190),Jhookiya(69163),Amrewala(69186),2do-A(69169)...etc  has been shifted to Sub-district Poogal(District Bikaner) from Sub-district Khajuwala(District Bikaner) in Rajasthan."
956359,13 Kld A -13 Kld B,13 के एलडी ए -13 के एलडी बी,478,Khajuwala,,000000,U,,,2025-05-20,2025-08-13,1,"The Village Sukhdeopura(69190),Jhookiya(69163),Amrewala(69186),2do-A(69169)...etc  has been shifted to Sub-district Poogal(District Bikaner) from Sub-district Khajuwala(District Bikaner) in Rajasthan."
956360,20 Bd-21 Bd A,20 बीडी - 21 बीडी ए ,478,Khajuwala,,000000,U,,,2025-05-20,2025-08-13,1,"The Village Sukhdeopura(69190),Jhookiya(69163),Amrewala(69186),2do-A(69169)...etc  has been shifted to Sub-district Poogal(District Bikaner) from Sub-district Khajuwala(District Bikaner) in Rajasthan."
956361,13 Kld A-13 Kld A,13 केएलडी ए -13 केएलडी ए,478,Khajuwala,,000000,U,,,2025-05-20,2025-08-13,1,"The Village Sukhdeopura(69190),Jhookiya(69163),Amrewala(69186),2do-A(69169)...etc  has been shifted to Sub-district Poogal(District Bikaner) from Sub-district Khajuwala(District Bikaner) in Rajasthan."
956362,20 Bd -21 Bd B,20 बीडी - 21 बीडी बी,478,Khajuwala,,000000,U,,,2025-05-20,2025-08-13,1,"The Village Sukhdeopura(69190),Jhookiya(69163),Amrewala(69186),2do-A(69169)...etc  has been shifted to Sub-district Poogal(District Bikaner) from Sub-district Khajuwala(District Bikaner) in Rajasthan."
956363,10 Bd-26 Knd B,10 बीडी -26 के एनडी बी,478,Khajuwala,,000000,U,,,2025-05-20,2025-08-13,1,"The Village Sukhdeopura(69190),Jhookiya(69163),Amrewala(69186),2do-A(69169)...etc  has been shifted to Sub-district Poogal(District Bikaner) from Sub-district Khajuwala(District Bikaner) in Rajasthan."
956364,20 Bd -22 Bd,20 बीडी - 22 बीडी,478,Khajuwala,,000000,U,,,2025-05-20,2025-08-13,1,"The Village Sukhdeopura(69190),Jhookiya(69163),Amrewala(69186),2do-A(69169)...etc  has been shifted to Sub-district Poogal(District Bikaner) from Sub-district Khajuwala(District Bikaner) in Rajasthan."
956365,13 Kyd A-13 Kyd A,13 के वाईडी ए - 13 के वाईडी ए,478,Khajuwala,,000000,U,35999,22 Kyd,2025-05-20,2025-08-13,1,"The Village Sukhdeopura(69190),Jhookiya(69163),Amrewala(69186),2do-A(69169)...etc  has been shifted to Sub-district Poogal(District Bikaner) from Sub-district Khajuwala(District Bikaner) in Rajasthan."
956366,10 Bd -27 Knd,10 बीडी -27 के एनडी,478,Khajuwala,,000000,U,35995,14 Bd,2025-05-20,2025-08-13,1,"The Village Sukhdeopura(69190),Jhookiya(69163),Amrewala(69186),2do-A(69169)...etc  has been shifted to Sub-district Poogal(District Bikaner) from Sub-district Khajuwala(District Bikaner) in Rajasthan."
956367,20Bd -23 Bd A,20 बीडी - 23 बीडी ए,478,Khajuwala,,000000,U,,,2025-05-20,2025-08-13,1,"The Village Sukhdeopura(69190),Jhookiya(69163),Amrewala(69186),2do-A(69169)...etc  has been shifted to Sub-district Poogal(District Bikaner) from Sub-district Khajuwala(District Bikaner) in Rajasthan."
956368,20 Bd -23 Bd B,20 BD - 23 BD B,478,Khajuwala,,000000,U,,,2025-05-20,2025-08-13,1,"The Village Sukhdeopura(69190),Jhookiya(69163),Amrewala(69186),2do-A(69169)...etc  has been shifted to Sub-district Poogal(District Bikaner) from Sub-district Khajuwala(District Bikaner) in Rajasthan."
956369,20 Bd -23 Bd C,20 बीडी - 23 बीडी सी,478,Khajuwala,,000000,U,,,2025-05-20,2025-08-13,1,"The Village Sukhdeopura(69190),Jhookiya(69163),Amrewala(69186),2do-A(69169)...etc  has been shifted to Sub-district Poogal(District Bikaner) from Sub-district Khajuwala(District Bikaner) in Rajasthan."
956370,20 Bd -20 Bd,20 बीडी - 20 बीडी,478,Khajuwala,,000000,U,,,2025-05-20,2025-08-13,1,"The Village Sukhdeopura(69190),Jhookiya(69163),Amrewala(69186),2do-A(69169)...etc  has been shifted to Sub-district Poogal(District Bikaner) from Sub-district Khajuwala(District Bikaner) in Rajasthan."
956371,20 Bd - 24 Bd B,20 बीडी - 24 बीडी बी,478,Khajuwala,,000000,U,262132,20bd,2025-05-20,2025-08-13,1,"The Village Sukhdeopura(69190),Jhookiya(69163),Amrewala(69186),2do-A(69169)...etc  has been shifted to Sub-district Poogal(District Bikaner) from Sub-district Khajuwala(District Bikaner) in Rajasthan."
956372,33 Kjd - 37 Kjd,33 केजेडी - 37 केजेडी,478,Khajuwala,,000000,U,35997,2 Kld,2025-05-20,2025-08-13,1,"The Village Sukhdeopura(69190),Jhookiya(69163),Amrewala(69186),2do-A(69169)...etc  has been shifted to Sub-district Poogal(District Bikaner) from Sub-district Khajuwala(District Bikaner) in Rajasthan."
69148,16 Lkd,,479,Chhatargarh,00503600,069148,I,36034,Lunkhan,2025-05-20,2025-06-12,5,The Village 2 Rm(465 Rd)(69792)...etc  has been shifted to Sub-district Chhatargarh(District Bikaner) from Sub-district Poogal(District Bikaner) in Rajasthan.
69777,4/5 Sm,,479,Chhatargarh,00563900,069777,I,262881,Sherpoora1sm,2023-10-07,2023-10-30,3,The Village 2 Rm(465 Rd)(69792)...etc  has been shifted to Sub-district Chhatargarh(District Bikaner) from Sub-district Poogal(District Bikaner) in Rajasthan.
69778,Lalawali Urf Gabna,लालावाली उर्फ गबना,479,Chhatargarh,00564000,069778,I,36130,Takhatpura 4tm,2026-02-16,2026-04-02,5,The Village 2 Rm(465 Rd)(69792)...etc  has been shifted to Sub-district Chhatargarh(District Bikaner) from Sub-district Poogal(District Bikaner) in Rajasthan.
69779,3 Zwm A,3 ZWM A,479,Chhatargarh,00564100,069779,I,36122,Raner 11 Sld,2023-10-07,2023-10-30,5,The Village 2 Rm(465 Rd)(69792)...etc  has been shifted to Sub-district Chhatargarh(District Bikaner) from Sub-district Poogal(District Bikaner) in Rajasthan.
69780,7 Sld A,7 SLD A,479,Chhatargarh,00564200,069780,I,36122,Raner 11 Sld,2023-10-07,2023-10-30,5,The Village 2 Rm(465 Rd)(69792)...etc  has been shifted to Sub-district Chhatargarh(District Bikaner) from Sub-district Poogal(District Bikaner) in Rajasthan.
69781,Sherpura,,479,Chhatargarh,00564300,069781,I,262881,Sherpoora1sm,2025-05-20,2025-07-23,7,The Village 2 Rm(465 Rd)(69792)...etc  has been shifted to Sub-district Chhatargarh(District Bikaner) from Sub-district Poogal(District Bikaner) in Rajasthan.
69782,6 Kpm,,479,Chhatargarh,00564400,069782,I,36130,Takhatpura 4tm,2023-10-07,2023-10-30,3,The Village 2 Rm(465 Rd)(69792)...etc  has been shifted to Sub-district Chhatargarh(District Bikaner) from Sub-district Poogal(District Bikaner) in Rajasthan.
69783,2 Ssm,,479,Chhatargarh,00564400,069783,I,262172,Siyasar Panchkosa,2023-10-07,2023-10-30,3,The Village 2 Rm(465 Rd)(69792)...etc  has been shifted to Sub-district Chhatargarh(District Bikaner) from Sub-district Poogal(District Bikaner) in Rajasthan.
69784,Takhatpura,,479,Chhatargarh,00564500,069784,I,36130,Takhatpura 4tm,2025-05-20,2025-07-23,9,The Village 2 Rm(465 Rd)(69792)...etc  has been shifted to Sub-district Chhatargarh(District Bikaner) from Sub-district Poogal(District Bikaner) in Rajasthan.
69785,Bhansar,bhansar,479,Chhatargarh,00564600,069785,I,294055,Bhansar,2025-05-20,2025-07-24,12,The Village 2 Rm(465 Rd)(69792)...etc  has been shifted to Sub-district Chhatargarh(District Bikaner) from Sub-district Poogal(District Bikaner) in Rajasthan.
69786,2 DL,,479,Chhatargarh,00564700,069786,I,36130,Takhatpura 4tm,2023-10-07,2023-10-30,3,The Village 2 Rm(465 Rd)(69792)...etc  has been shifted to Sub-district Chhatargarh(District Bikaner) from Sub-district Poogal(District Bikaner) in Rajasthan.
69787,4dsm(B),,479,Chhatargarh,00564800,069787,I,294055,Bhansar,2023-10-07,2023-10-30,4,The Village 2 Rm(465 Rd)(69792)...etc  has been shifted to Sub-district Chhatargarh(District Bikaner) from Sub-district Poogal(District Bikaner) in Rajasthan.
69788,Krishan Nagar,,479,Chhatargarh,00564900,069788,I,262280,Krishan Nagar,2023-10-07,2023-10-30,3,The Village 2 Rm(465 Rd)(69792)...etc  has been shifted to Sub-district Chhatargarh(District Bikaner) from Sub-district Poogal(District Bikaner) in Rajasthan.
69789,Kharbara,,479,Chhatargarh,00565000,069789,I,36109,Kharbara 3 DL,2025-05-20,2025-07-24,22,The Village 2 Rm(465 Rd)(69792)...etc  has been shifted to Sub-district Chhatargarh(District Bikaner) from Sub-district Poogal(District Bikaner) in Rajasthan.
69790,1 Sld,,479,Chhatargarh,00565100,069790,I,36109,Kharbara 3 DL,2023-10-07,2023-10-30,3,The Village 2 Rm(465 Rd)(69792)...etc  has been shifted to Sub-district Chhatargarh(District Bikaner) from Sub-district Poogal(District Bikaner) in Rajasthan.
69791,1dlsm(Damolai),,479,Chhatargarh,00565200,069791,I,262265,1dlsm,2023-10-07,2023-10-30,4,The Village 2 Rm(465 Rd)(69792)...etc  has been shifted to Sub-district Chhatargarh(District Bikaner) from Sub-district Poogal(District Bikaner) in Rajasthan.
69792,2 Rm(465 Rd),,479,Chhatargarh,00565300,069792,I,262280,Krishan Nagar,2025-05-14,2025-06-16,7,The Village 2 Rm(465 Rd)(69792)...etc  has been shifted to Sub-district Chhatargarh(District Bikaner) from Sub-district Poogal(District Bikaner) in Rajasthan.
69793,Lakhansar,,479,Chhatargarh,00565400,069793,I,262280,Krishan Nagar,2025-05-20,2025-07-23,10,The Village 2 Rm(465 Rd)(69792)...etc  has been shifted to Sub-district Chhatargarh(District Bikaner) from Sub-district Poogal(District Bikaner) in Rajasthan.
69794,Ramnagar,,479,Chhatargarh,00565500,069794,I,294060,Ram Nagar,2023-10-07,2023-10-30,3,The Village 2 Rm(465 Rd)(69792)...etc  has been shifted to Sub-district Chhatargarh(District Bikaner) from Sub-district Poogal(District Bikaner) in Rajasthan.
69795,4 Dlsm,,479,Chhatargarh,00565600,069795,I,294060,Ram Nagar,2023-10-07,2023-10-30,3,The Village 2 Rm(465 Rd)(69792)...etc  has been shifted to Sub-district Chhatargarh(District Bikaner) from Sub-district Poogal(District Bikaner) in Rajasthan.
69796,5 Dlm,,479,Chhatargarh,00565700,069796,I,262265,1dlsm,2023-10-07,2023-10-30,3,The Village 2 Rm(465 Rd)(69792)...etc  has been shifted to Sub-district Chhatargarh(District Bikaner) from Sub-district Poogal(District Bikaner) in Rajasthan.
69797,Raner,,479,Chhatargarh,00565800,069797,I,36122,Raner 11 Sld,2025-05-20,2025-08-07,34,The Village 2 Rm(465 Rd)(69792)...etc  has been shifted to Sub-district Chhatargarh(District Bikaner) from Sub-district Poogal(District Bikaner) in Rajasthan.
69798,12 Sld,,479,Chhatargarh,00565900,069798,I,294057,10 G M,2023-10-07,2023-10-30,3,The Village 2 Rm(465 Rd)(69792)...etc  has been shifted to Sub-district Chhatargarh(District Bikaner) from Sub-district Poogal(District Bikaner) in Rajasthan.
69799,10 Gm,10 GM,479,Chhatargarh,00566000,069799,I,294057,10 G M,2023-10-07,2023-10-30,5,The Village 2 Rm(465 Rd)(69792)...etc  has been shifted to Sub-district Chhatargarh(District Bikaner) from Sub-district Poogal(District Bikaner) in Rajasthan.
69800,5 Gm,,479,Chhatargarh,00566100,069800,I,294057,10 G M,2023-10-07,2023-10-30,3,The Village 2 Rm(465 Rd)(69792)...etc  has been shifted to Sub-district Chhatargarh(District Bikaner) from Sub-district Poogal(District Bikaner) in Rajasthan.
69801,4 Gm,,479,Chhatargarh,00566200,069801,I,294057,10 G M,2023-10-07,2023-10-30,3,The Village 2 Rm(465 Rd)(69792)...etc  has been shifted to Sub-district Chhatargarh(District Bikaner) from Sub-district Poogal(District Bikaner) in Rajasthan.
69802,1 Km,,479,Chhatargarh,00566300,069802,I,262170,Bhutto Ka Kuan,2023-10-07,2023-10-30,3,The Village 2 Rm(465 Rd)(69792)...etc  has been shifted to Sub-district Chhatargarh(District Bikaner) from Sub-district Poogal(District Bikaner) in Rajasthan.
69803,Mahadev Vali,,479,Chhatargarh,00566400,069803,I,36114,Mahadevwali,2023-10-07,2023-10-30,4,The Village 2 Rm(465 Rd)(69792)...etc  has been shifted to Sub-district Chhatargarh(District Bikaner) from Sub-district Poogal(District Bikaner) in Rajasthan.
69804,Bas Karnisar,,479,Chhatargarh,00566500,069804,I,36114,Mahadevwali,2023-10-07,2023-10-30,4,The Village 2 Rm(465 Rd)(69792)...etc  has been shifted to Sub-district Chhatargarh(District Bikaner) from Sub-district Poogal(District Bikaner) in Rajasthan.
69805,Gheghra,,479,Chhatargarh,00566600,069805,I,295163,1 Km,2025-05-20,2025-07-24,12,The Village 2 Rm(465 Rd)(69792)...etc  has been shifted to Sub-district Chhatargarh(District Bikaner) from Sub-district Poogal(District Bikaner) in Rajasthan.
69806,3 Rjd,,479,Chhatargarh,00566700,069806,I,36125,Sansardesar,2023-10-07,2023-10-30,3,The Village 2 Rm(465 Rd)(69792)...etc  has been shifted to Sub-district Chhatargarh(District Bikaner) from Sub-district Poogal(District Bikaner) in Rajasthan.
69807,Sansardesar,,479,Chhatargarh,00566800,069807,I,36125,Sansardesar,2025-05-20,2025-07-24,18,The Village 2 Rm(465 Rd)(69792)...etc  has been shifted to Sub-district Chhatargarh(District Bikaner) from Sub-district Poogal(District Bikaner) in Rajasthan.
69808,3 Kwsm,,479,Chhatargarh,00566900,069808,I,294057,10 G M,2023-10-07,2023-10-30,3,The Village 2 Rm(465 Rd)(69792)...etc  has been shifted to Sub-district Chhatargarh(District Bikaner) from Sub-district Poogal(District Bikaner) in Rajasthan.
69809,4 Rjd,,479,Chhatargarh,00567000,069809,I,295163,1 Km,2025-05-20,2025-07-23,6,The Village 2 Rm(465 Rd)(69792)...etc  has been shifted to Sub-district Chhatargarh(District Bikaner) from Sub-district Poogal(District Bikaner) in Rajasthan.
69810,Surjanwali,,479,Chhatargarh,00567100,069810,I,36029,Kharwali,2023-10-07,2023-10-30,4,The Village 2 Rm(465 Rd)(69792)...etc  has been shifted to Sub-district Chhatargarh(District Bikaner) from Sub-district Poogal(District Bikaner) in Rajasthan.
69811,1 Chtm,,479,Chhatargarh,00567200,069811,I,294174,4 Awm,2023-10-07,2023-10-30,3,The Village 2 Rm(465 Rd)(69792)...etc  has been shifted to Sub-district Chhatargarh(District Bikaner) from Sub-district Poogal(District Bikaner) in Rajasthan.
69812,4arm(Kharali),,479,Chhatargarh,00567300,069812,I,36029,Kharwali,2023-10-07,2023-10-30,4,The Village 2 Rm(465 Rd)(69792)...etc  has been shifted to Sub-district Chhatargarh(District Bikaner) from Sub-district Poogal(District Bikaner) in Rajasthan.
69813,9 Chtm,,479,Chhatargarh,00567400,069813,I,36029,Kharwali,2023-10-07,2023-10-30,3,The Village 2 Rm(465 Rd)(69792)...etc  has been shifted to Sub-district Chhatargarh(District Bikaner) from Sub-district Poogal(District Bikaner) in Rajasthan.
69814,Chhataragarh,,479,Chhatargarh,00567500,069814,I,36011,Chhattargarh,2025-05-20,2025-08-07,56,The Village 2 Rm(465 Rd)(69792)...etc  has been shifted to Sub-district Chhatargarh(District Bikaner) from Sub-district Poogal(District Bikaner) in Rajasthan.
69815,Bagrala,,479,Chhatargarh,00567500,069815,I,36011,Chhattargarh,2023-10-07,2023-10-30,4,The Village 2 Rm(465 Rd)(69792)...etc  has been shifted to Sub-district Chhatargarh(District Bikaner) from Sub-district Poogal(District Bikaner) in Rajasthan.
69816,4 Awm,,479,Chhatargarh,00567600,069816,I,294174,4 Awm,2023-10-07,2023-10-30,3,The Village 2 Rm(465 Rd)(69792)...etc  has been shifted to Sub-district Chhatargarh(District Bikaner) from Sub-district Poogal(District Bikaner) in Rajasthan.
69817,5 Awm (A),,479,Chhatargarh,00567700,069817,I,294174,4 Awm,2023-10-07,2023-10-30,3,The Village 2 Rm(465 Rd)(69792)...etc  has been shifted to Sub-district Chhatargarh(District Bikaner) from Sub-district Poogal(District Bikaner) in Rajasthan.
69818,5 Awm (B),,479,Chhatargarh,00567800,069818,I,294174,4 Awm,2023-10-07,2023-10-30,3,The Village 2 Rm(465 Rd)(69792)...etc  has been shifted to Sub-district Chhatargarh(District Bikaner) from Sub-district Poogal(District Bikaner) in Rajasthan.
69819,8 Awm (Aawa),,479,Chhatargarh,00567900,069819,I,262179,Aava,2023-10-07,2023-10-30,3,The Village 2 Rm(465 Rd)(69792)...etc  has been shifted to Sub-district Chhatargarh(District Bikaner) from Sub-district Poogal(District Bikaner) in Rajasthan.
69820,11awm,,479,Chhatargarh,00567900,069820,I,262179,Aava,2023-10-07,2023-10-30,3,The Village 2 Rm(465 Rd)(69792)...etc  has been shifted to Sub-district Chhatargarh(District Bikaner) from Sub-district Poogal(District Bikaner) in Rajasthan.
69821,9awm(A),,479,Chhatargarh,00567900,069821,I,262179,Aava,2025-05-14,2025-06-16,7,The Village 2 Rm(465 Rd)(69792)...etc  has been shifted to Sub-district Chhatargarh(District Bikaner) from Sub-district Poogal(District Bikaner) in Rajasthan.
69822,1 Mmwm,,479,Chhatargarh,00568000,069822,I,36034,Lunkhan,2025-05-20,2025-07-23,5,The Village 2 Rm(465 Rd)(69792)...etc  has been shifted to Sub-district Chhatargarh(District Bikaner) from Sub-district Poogal(District Bikaner) in Rajasthan.
69823,12 Lkd,,479,Chhatargarh,00568100,069823,I,36034,Lunkhan,2025-05-20,2025-06-13,4,The Village 2 Rm(465 Rd)(69792)...etc  has been shifted to Sub-district Chhatargarh(District Bikaner) from Sub-district Poogal(District Bikaner) in Rajasthan.
69824,13 Kpd (Jiyan Wali),,479,Chhatargarh,00568200,069824,I,36034,Lunkhan,2023-10-07,2023-10-30,3,The Village 2 Rm(465 Rd)(69792)...etc  has been shifted to Sub-district Chhatargarh(District Bikaner) from Sub-district Poogal(District Bikaner) in Rajasthan.
69825,Kishanpura (14 Kpd),,479,Chhatargarh,00568300,069825,I,36034,Lunkhan,2025-05-20,2025-07-23,8,The Village 2 Rm(465 Rd)(69792)...etc  has been shifted to Sub-district Chhatargarh(District Bikaner) from Sub-district Poogal(District Bikaner) in Rajasthan.
69826,Lunkhan,,479,Chhatargarh,00568400,069826,I,36034,Lunkhan,2025-05-20,2025-07-23,8,The Village 2 Rm(465 Rd)(69792)...etc  has been shifted to Sub-district Chhatargarh(District Bikaner) from Sub-district Poogal(District Bikaner) in Rajasthan.
69827,Sumerpur (3 M.D.W.M.),,479,Chhatargarh,00568400,069827,I,36034,Lunkhan,2025-05-20,2025-07-24,5,The Village 2 Rm(465 Rd)(69792)...etc  has been shifted to Sub-district Chhatargarh(District Bikaner) from Sub-district Poogal(District Bikaner) in Rajasthan.
69828,3 Lkd-B,,479,Chhatargarh,00568500,069828,I,262179,Aava,2025-05-20,2025-07-25,9,The Village 2 Rm(465 Rd)(69792)...etc  has been shifted to Sub-district Chhatargarh(District Bikaner) from Sub-district Poogal(District Bikaner) in Rajasthan.
69831,Motigarh,,479,Chhatargarh,00568800,069831,I,36038,Motigarh,2023-10-07,2023-10-30,4,The Village 2 Rm(465 Rd)(69792)...etc  has been shifted to Sub-district Chhatargarh(District Bikaner) from Sub-district Poogal(District Bikaner) in Rajasthan.
69832,Sardarpura,,479,Chhatargarh,00568900,069832,I,36108,Kela,2023-10-07,2023-10-30,3,The Village 2 Rm(465 Rd)(69792)...etc  has been shifted to Sub-district Chhatargarh(District Bikaner) from Sub-district Poogal(District Bikaner) in Rajasthan.
69833,Kela,,479,Chhatargarh,00569000,069833,I,36108,Kela,2023-10-07,2023-10-30,4,The Village 2 Rm(465 Rd)(69792)...etc  has been shifted to Sub-district Chhatargarh(District Bikaner) from Sub-district Poogal(District Bikaner) in Rajasthan.
69834,Rawalpura,,479,Chhatargarh,00569000,069834,I,36108,Kela,2023-10-07,2023-10-30,3,The Village 2 Rm(465 Rd)(69792)...etc  has been shifted to Sub-district Chhatargarh(District Bikaner) from Sub-district Poogal(District Bikaner) in Rajasthan.
69835,Satasar,,479,Chhatargarh,00569100,069835,I,36049,Sattasar,2025-05-20,2025-08-07,30,The Village 2 Rm(465 Rd)(69792)...etc  has been shifted to Sub-district Chhatargarh(District Bikaner) from Sub-district Poogal(District Bikaner) in Rajasthan.
69836,Gorisar,,479,Chhatargarh,00569200,069836,I,294058,Sadolai,2023-10-07,2023-10-30,4,The Village 2 Rm(465 Rd)(69792)...etc  has been shifted to Sub-district Chhatargarh(District Bikaner) from Sub-district Poogal(District Bikaner) in Rajasthan.
69837,Sadolai,,479,Chhatargarh,00569300,069837,I,294058,Sadolai,2023-10-07,2023-10-30,3,The Village 2 Rm(465 Rd)(69792)...etc  has been shifted to Sub-district Chhatargarh(District Bikaner) from Sub-district Poogal(District Bikaner) in Rajasthan.
69838,Dhani Kunda,,479,Chhatargarh,00569400,069838,I,36119,Rajasar Bhatiyan,2023-10-07,2023-10-30,4,The Village 2 Rm(465 Rd)(69792)...etc  has been shifted to Sub-district Chhatargarh(District Bikaner) from Sub-district Poogal(District Bikaner) in Rajasthan.
69839,Napasariya,,479,Chhatargarh,00569500,069839,I,36119,Rajasar Bhatiyan,2023-10-07,2023-10-30,3,The Village 2 Rm(465 Rd)(69792)...etc  has been shifted to Sub-district Chhatargarh(District Bikaner) from Sub-district Poogal(District Bikaner) in Rajasthan.
69840,Ambaran,,479,Chhatargarh,00569600,069840,I,36119,Rajasar Bhatiyan,2023-10-07,2023-10-30,3,The Village 2 Rm(465 Rd)(69792)...etc  has been shifted to Sub-district Chhatargarh(District Bikaner) from Sub-district Poogal(District Bikaner) in Rajasthan.
69841,Rajasar Bhatiyan,,479,Chhatargarh,00569700,069841,I,36119,Rajasar Bhatiyan,2023-10-07,2023-10-30,3,The Village 2 Rm(465 Rd)(69792)...etc  has been shifted to Sub-district Chhatargarh(District Bikaner) from Sub-district Poogal(District Bikaner) in Rajasthan.
951892,Gheghada - 1Gsm,घेघडा -1 जीएसएम,479,Chhatargarh,,000000,I,295163,1 Km,2025-05-20,2025-06-12,1,The Village 2 Rm(465 Rd)(69792)...etc  has been shifted to Sub-district Chhatargarh(District Bikaner) from Sub-district Poogal(District Bikaner) in Rajasthan.
951893,1 Mmwm - 2Mmwm,1 एमएमडब्लूएम - 2 एमएमडब्लूएम,479,Chhatargarh,,000000,I,36034,Lunkhan,2025-05-20,2025-06-12,1,The Village 2 Rm(465 Rd)(69792)...etc  has been shifted to Sub-district Chhatargarh(District Bikaner) from Sub-district Poogal(District Bikaner) in Rajasthan.
951894,16 Lkd -17 Lkd,16 एलकेडी - 17 एलकेडी,479,Chhatargarh,,000000,I,36034,Lunkhan,2025-05-20,2025-06-12,1,The Village 2 Rm(465 Rd)(69792)...etc  has been shifted to Sub-district Chhatargarh(District Bikaner) from Sub-district Poogal(District Bikaner) in Rajasthan.
951895,3 Lkd B -3 Lkd A,3 एलकेडी बी -3 एलकेडी ए,479,Chhatargarh,,000000,I,262179,Aava,2025-05-20,2025-06-13,1,The Village 2 Rm(465 Rd)(69792)...etc  has been shifted to Sub-district Chhatargarh(District Bikaner) from Sub-district Poogal(District Bikaner) in Rajasthan.
951896,Chattargarh - 1 Awm,छतरगढ़ - 1 एडब्लूएम,479,Chhatargarh,,000000,I,36011,Chhattargarh,2025-05-20,2025-06-13,1,The Village 2 Rm(465 Rd)(69792)...etc  has been shifted to Sub-district Chhatargarh(District Bikaner) from Sub-district Poogal(District Bikaner) in Rajasthan.
951897,Kharbara - 3 Dl,खारबारा - 3 डीएल,479,Chhatargarh,,000000,I,36109,Kharbara 3 DL,2025-05-20,2025-06-13,1,The Village 2 Rm(465 Rd)(69792)...etc  has been shifted to Sub-district Chhatargarh(District Bikaner) from Sub-district Poogal(District Bikaner) in Rajasthan.
951899,4 Rjd - 4 Rjd A,4 आर.जे.डी. -4 आरजेडी ए,479,Chhatargarh,,000000,I,295163,1 Km,2025-05-20,2025-06-13,1,The Village 2 Rm(465 Rd)(69792)...etc  has been shifted to Sub-district Chhatargarh(District Bikaner) from Sub-district Poogal(District Bikaner) in Rajasthan.
951900,12 Lkd- 10 Lkd,12 एलकेडी -10 एलकेडी,479,Chhatargarh,,000000,I,36034,Lunkhan,2025-05-20,2025-06-13,1,The Village 2 Rm(465 Rd)(69792)...etc  has been shifted to Sub-district Chhatargarh(District Bikaner) from Sub-district Poogal(District Bikaner) in Rajasthan.
951901,Takhtpura-3 Tm,तख्तपुरा - 3 टीएम,479,Chhatargarh,,000000,I,36130,Takhatpura 4tm,2025-05-20,2025-06-13,1,The Village 2 Rm(465 Rd)(69792)...etc  has been shifted to Sub-district Chhatargarh(District Bikaner) from Sub-district Poogal(District Bikaner) in Rajasthan.
951902,Sattasar-583-800 Rd,सतासर -583-800 आरडी,479,Chhatargarh,,000000,I,36049,Sattasar,2025-05-20,2025-06-13,1,The Village 2 Rm(465 Rd)(69792)...etc  has been shifted to Sub-district Chhatargarh(District Bikaner) from Sub-district Poogal(District Bikaner) in Rajasthan.
951903,Lakhnasar - 1 Rm,लाखनसर - 1 आरएम,479,Chhatargarh,,000000,I,262280,Krishan Nagar,2025-05-20,2025-06-13,1,The Village 2 Rm(465 Rd)(69792)...etc  has been shifted to Sub-district Chhatargarh(District Bikaner) from Sub-district Poogal(District Bikaner) in Rajasthan.
951904,Lunkhan -7 Lkd,लूणखां -7 एलकेड,479,Chhatargarh,,000000,I,36034,Lunkhan,2025-05-20,2025-06-13,1,The Village 2 Rm(465 Rd)(69792)...etc  has been shifted to Sub-district Chhatargarh(District Bikaner) from Sub-district Poogal(District Bikaner) in Rajasthan.
951905,Sansardeshar - 5 Rjd,संसारदेसर - 5 आरजेडी,479,Chhatargarh,,000000,I,36125,Sansardesar,2025-05-20,2025-06-13,1,The Village 2 Rm(465 Rd)(69792)...etc  has been shifted to Sub-district Chhatargarh(District Bikaner) from Sub-district Poogal(District Bikaner) in Rajasthan.
951906,14 Kpd Kishanpura -15 Kpd,14 केपीडी किशनपुरा - 15 केपीडी ,479,Chhatargarh,,000000,I,36034,Lunkhan,2025-05-20,2025-06-13,1,The Village 2 Rm(465 Rd)(69792)...etc  has been shifted to Sub-district Chhatargarh(District Bikaner) from Sub-district Poogal(District Bikaner) in Rajasthan.
951908,Bhansar - 1 Tm,भानसर -1 टीएम,479,Chhatargarh,,000000,I,36130,Takhatpura 4tm,2025-05-20,2025-06-13,1,The Village 2 Rm(465 Rd)(69792)...etc  has been shifted to Sub-district Chhatargarh(District Bikaner) from Sub-district Poogal(District Bikaner) in Rajasthan.
952192,14 Kpd Kishanpura - 13 Lkd,14 केपीडी किशनपुरा - 13 एलकेडी,479,Chhatargarh,,000000,I,36034,Lunkhan,2025-05-20,2025-06-24,1,The Village 2 Rm(465 Rd)(69792)...etc  has been shifted to Sub-district Chhatargarh(District Bikaner) from Sub-district Poogal(District Bikaner) in Rajasthan.
952193,1 S. M. Sherpura - 2 Sm,1 एस.एम. शेरपुरा - 2 एसएम,479,Chhatargarh,,000000,I,262881,Sherpoora1sm,2025-05-20,2025-06-24,1,The Village 2 Rm(465 Rd)(69792)...etc  has been shifted to Sub-district Chhatargarh(District Bikaner) from Sub-district Poogal(District Bikaner) in Rajasthan.
952194,3 Lkd B - 4 Lkd A,3 एलकेडी बी -4 एलकेडी ए,479,Chhatargarh,,000000,I,262179,Aava,2025-05-20,2025-06-24,1,The Village 2 Rm(465 Rd)(69792)...etc  has been shifted to Sub-district Chhatargarh(District Bikaner) from Sub-district Poogal(District Bikaner) in Rajasthan.
952198,Bhansar - 2 Tm,भानसर -2 टीएम,479,Chhatargarh,,000000,I,36130,Takhatpura 4tm,2025-05-20,2025-06-24,1,The Village 2 Rm(465 Rd)(69792)...etc  has been shifted to Sub-district Chhatargarh(District Bikaner) from Sub-district Poogal(District Bikaner) in Rajasthan.
952199,Chhatargarh - 2 Awm,छतरगढ़ - 2 एडब्लूएम,479,Chhatargarh,,000000,I,36011,Chhattargarh,2025-05-20,2025-06-24,1,The Village 2 Rm(465 Rd)(69792)...etc  has been shifted to Sub-district Chhatargarh(District Bikaner) from Sub-district Poogal(District Bikaner) in Rajasthan.
952201,Gheghada - 2 Gsm,घेघडा - 2 जीएसएम,479,Chhatargarh,,000000,I,295163,1 Km,2025-05-20,2025-06-24,1,The Village 2 Rm(465 Rd)(69792)...etc  has been shifted to Sub-district Chhatargarh(District Bikaner) from Sub-district Poogal(District Bikaner) in Rajasthan.
952203,Kharbara - 4 Dl,खारबारा -4 डीएल,479,Chhatargarh,,000000,I,36109,Kharbara 3 DL,2025-05-20,2025-06-24,1,The Village 2 Rm(465 Rd)(69792)...etc  has been shifted to Sub-district Chhatargarh(District Bikaner) from Sub-district Poogal(District Bikaner) in Rajasthan.
952204,Lakhnasar - 1 Rsm,लाखनसर - 1 आरएसएम,479,Chhatargarh,,000000,I,262280,Krishan Nagar,2025-05-20,2025-06-24,1,The Village 2 Rm(465 Rd)(69792)...etc  has been shifted to Sub-district Chhatargarh(District Bikaner) from Sub-district Poogal(District Bikaner) in Rajasthan.
952205,Lunkhan - 8 Lkd,लूणखां - 8 एलकेडी,479,Chhatargarh,,000000,I,36034,Lunkhan,2025-05-20,2025-06-24,1,The Village 2 Rm(465 Rd)(69792)...etc  has been shifted to Sub-district Chhatargarh(District Bikaner) from Sub-district Poogal(District Bikaner) in Rajasthan.
952207,Raner - 7 Sld B,राणेर -7 एसएलडी बी,479,Chhatargarh,,000000,I,36122,Raner 11 Sld,2025-05-20,2025-06-24,1,The Village 2 Rm(465 Rd)(69792)...etc  has been shifted to Sub-district Chhatargarh(District Bikaner) from Sub-district Poogal(District Bikaner) in Rajasthan.
952208,Sattasar - 593-800 Rd,सतासर -593-800 आरडी,479,Chhatargarh,,000000,I,36049,Sattasar,2025-05-20,2025-06-24,1,The Village 2 Rm(465 Rd)(69792)...etc  has been shifted to Sub-district Chhatargarh(District Bikaner) from Sub-district Poogal(District Bikaner) in Rajasthan.
952210,Takhtpura - 4 Tm,तख्तपुरा - 4 टीएम,479,Chhatargarh,,000000,I,36130,Takhatpura 4tm,2025-05-20,2025-06-24,1,The Village 2 Rm(465 Rd)(69792)...etc  has been shifted to Sub-district Chhatargarh(District Bikaner) from Sub-district Poogal(District Bikaner) in Rajasthan.
952212,Sansardeshar - 6 Rjd,संसारदेसर - 6 आरजेडी,479,Chhatargarh,,000000,I,36125,Sansardesar,2025-05-20,2025-06-24,1,The Village 2 Rm(465 Rd)(69792)...etc  has been shifted to Sub-district Chhatargarh(District Bikaner) from Sub-district Poogal(District Bikaner) in Rajasthan.
954553,Lakhnasar-1 Lkm,लाखनसर - 1 एलकेएम,479,Chhatargarh,,000000,U,,,2025-05-20,2025-07-23,1,The Village 2 Rm(465 Rd)(69792)...etc  has been shifted to Sub-district Chhatargarh(District Bikaner) from Sub-district Poogal(District Bikaner) in Rajasthan.
954563,Takhtpura - 5 Tm,तख्तपुरा - 5 टीएम,479,Chhatargarh,,000000,U,,,2025-05-20,2025-07-23,1,The Village 2 Rm(465 Rd)(69792)...etc  has been shifted to Sub-district Chhatargarh(District Bikaner) from Sub-district Poogal(District Bikaner) in Rajasthan.
954564,Sattasar -604-760 Rd,सतासर -604-760 आरडी,479,Chhatargarh,,000000,U,,,2025-05-20,2025-07-23,1,The Village 2 Rm(465 Rd)(69792)...etc  has been shifted to Sub-district Chhatargarh(District Bikaner) from Sub-district Poogal(District Bikaner) in Rajasthan.
954565,Sansardeshar -1 Kwm,संसारदेसर - 1 केडब्लूएम,479,Chhatargarh,,000000,U,,,2025-05-20,2025-07-23,1,The Village 2 Rm(465 Rd)(69792)...etc  has been shifted to Sub-district Chhatargarh(District Bikaner) from Sub-district Poogal(District Bikaner) in Rajasthan.
954569,14 Kpd Kishanpura -14 Lkd,14 केपीडी कि शनपुरा - 14 एलकेडी,479,Chhatargarh,,000000,U,,,2025-05-20,2025-07-23,1,The Village 2 Rm(465 Rd)(69792)...etc  has been shifted to Sub-district Chhatargarh(District Bikaner) from Sub-district Poogal(District Bikaner) in Rajasthan.
954571,1 S.M. Sherpura - 2 Sld,1 एस.एम.शेरपुरा - 2 एसएलडी,479,Chhatargarh,,000000,U,,,2025-05-20,2025-07-23,1,The Village 2 Rm(465 Rd)(69792)...etc  has been shifted to Sub-district Chhatargarh(District Bikaner) from Sub-district Poogal(District Bikaner) in Rajasthan.
954583,3 Lkd B -4 Lkd B,3 एलकेडी बी -4 एलकेडी बी,479,Chhatargarh,,000000,U,,,2025-05-20,2025-07-23,1,The Village 2 Rm(465 Rd)(69792)...etc  has been shifted to Sub-district Chhatargarh(District Bikaner) from Sub-district Poogal(District Bikaner) in Rajasthan.
954591,1 S.M. Sherpura -3 Sld,1 एस.एम.शेरपुरा - 3 एसएलडी,479,Chhatargarh,,000000,U,,,2025-05-20,2025-07-23,1,The Village 2 Rm(465 Rd)(69792)...etc  has been shifted to Sub-district Chhatargarh(District Bikaner) from Sub-district Poogal(District Bikaner) in Rajasthan.
954592,Lakhnasar -2 Lkm,लाखनसर - 2 एलकेएम,479,Chhatargarh,,000000,U,,,2025-05-20,2025-07-23,1,The Village 2 Rm(465 Rd)(69792)...etc  has been shifted to Sub-district Chhatargarh(District Bikaner) from Sub-district Poogal(District Bikaner) in Rajasthan.
954593,Lunkhan -9 Lkd,लूणखां - 9 एलकेडी,479,Chhatargarh,,000000,I,36034,Lunkhan,2025-05-20,2025-07-23,1,The Village 2 Rm(465 Rd)(69792)...etc  has been shifted to Sub-district Chhatargarh(District Bikaner) from Sub-district Poogal(District Bikaner) in Rajasthan.
954610,Takhtpura - 1 Dl,तख्तपुरा - 1 डीएल,479,Chhatargarh,,000000,U,36130,Takhatpura 4tm,2025-05-20,2025-07-23,1,The Village 2 Rm(465 Rd)(69792)...etc  has been shifted to Sub-district Chhatargarh(District Bikaner) from Sub-district Poogal(District Bikaner) in Rajasthan.
954612,Sansardeshar -2 Kwm,संसारदेसर - 2 केडब्लूएम,479,Chhatargarh,,000000,U,,,2025-05-20,2025-07-23,1,The Village 2 Rm(465 Rd)(69792)...etc  has been shifted to Sub-district Chhatargarh(District Bikaner) from Sub-district Poogal(District Bikaner) in Rajasthan.
954614,Raner -8 Sld,राणेर -8 एसएलडी,479,Chhatargarh,,000000,U,,,2025-05-20,2025-07-23,1,The Village 2 Rm(465 Rd)(69792)...etc  has been shifted to Sub-district Chhatargarh(District Bikaner) from Sub-district Poogal(District Bikaner) in Rajasthan.
954619,14 Kpd Kishpura -15 Lkd,14 केपीडी कि शनपुरा - 15 एलकेडी,479,Chhatargarh,,000000,U,,,2025-05-20,2025-07-23,1,The Village 2 Rm(465 Rd)(69792)...etc  has been shifted to Sub-district Chhatargarh(District Bikaner) from Sub-district Poogal(District Bikaner) in Rajasthan.
954620,Lakhnasar - 2 Lkm Without Cad,लाखनसर - 2 एलकेएम बिना सीएडी,479,Chhatargarh,,000000,U,,,2025-05-20,2025-07-23,1,The Village 2 Rm(465 Rd)(69792)...etc  has been shifted to Sub-district Chhatargarh(District Bikaner) from Sub-district Poogal(District Bikaner) in Rajasthan.
954622,Kharbara -5 Dl,खारबारा -5 डीएल,479,Chhatargarh,,000000,U,,,2025-05-20,2025-07-23,1,The Village 2 Rm(465 Rd)(69792)...etc  has been shifted to Sub-district Chhatargarh(District Bikaner) from Sub-district Poogal(District Bikaner) in Rajasthan.
954625,Lakhnasar -1 Lksm,लाखनसर - 1 एलकेएसएम,479,Chhatargarh,,000000,U,,,2025-05-20,2025-07-23,1,The Village 2 Rm(465 Rd)(69792)...etc  has been shifted to Sub-district Chhatargarh(District Bikaner) from Sub-district Poogal(District Bikaner) in Rajasthan.
954627,Kharbara -6 Dl,खारबारा -6 डीएल,479,Chhatargarh,,000000,U,,,2025-05-20,2025-07-23,1,The Village 2 Rm(465 Rd)(69792)...etc  has been shifted to Sub-district Chhatargarh(District Bikaner) from Sub-district Poogal(District Bikaner) in Rajasthan.
954632,Lakhnasar -2 Lksm,लाखनसर - 2 एलकेएसएम,479,Chhatargarh,,000000,U,262280,Krishan Nagar,2025-05-20,2025-07-23,1,The Village 2 Rm(465 Rd)(69792)...etc  has been shifted to Sub-district Chhatargarh(District Bikaner) from Sub-district Poogal(District Bikaner) in Rajasthan.
954634,Sattasar -610-200 Rd,सतासर -610-200 आरडी ,479,Chhatargarh,,000000,U,,,2025-05-20,2025-07-23,1,The Village 2 Rm(465 Rd)(69792)...etc  has been shifted to Sub-district Chhatargarh(District Bikaner) from Sub-district Poogal(District Bikaner) in Rajasthan.
954635,Sansardeshar -3 Kwm,संसारदेसर - 3 केडब्लूएम,479,Chhatargarh,,000000,U,,,2025-05-20,2025-07-23,1,The Village 2 Rm(465 Rd)(69792)...etc  has been shifted to Sub-district Chhatargarh(District Bikaner) from Sub-district Poogal(District Bikaner) in Rajasthan.
954636,Raner -9 Sld A,राणेर -9 एसएलडी ए,479,Chhatargarh,,000000,U,,,2025-05-20,2025-07-23,1,The Village 2 Rm(465 Rd)(69792)...etc  has been shifted to Sub-district Chhatargarh(District Bikaner) from Sub-district Poogal(District Bikaner) in Rajasthan.
954645,Gheghada -6 Gm,घेघडा -6 जीएम,479,Chhatargarh,,000000,U,,,2025-05-20,2025-07-23,1,The Village 2 Rm(465 Rd)(69792)...etc  has been shifted to Sub-district Chhatargarh(District Bikaner) from Sub-district Poogal(District Bikaner) in Rajasthan.
954649,Kharbara -1 Kpm,खारबारा -1 केपीएम,479,Chhatargarh,,000000,U,,,2025-05-20,2025-07-23,1,The Village 2 Rm(465 Rd)(69792)...etc  has been shifted to Sub-district Chhatargarh(District Bikaner) from Sub-district Poogal(District Bikaner) in Rajasthan.
954650,Lunkhan -11 Lkd,लूणखां - 11 एलकेडी,479,Chhatargarh,,000000,U,36034,Lunkhan,2025-05-20,2025-07-23,1,The Village 2 Rm(465 Rd)(69792)...etc  has been shifted to Sub-district Chhatargarh(District Bikaner) from Sub-district Poogal(District Bikaner) in Rajasthan.
954655,Kharbara - 2 Kpm,खारबारा -2 केपीएम,479,Chhatargarh,,000000,U,,,2025-05-20,2025-07-23,1,The Village 2 Rm(465 Rd)(69792)...etc  has been shifted to Sub-district Chhatargarh(District Bikaner) from Sub-district Poogal(District Bikaner) in Rajasthan.
954667,Sattasar -629 -750 Rd,सतासर -629-750 आरडी,479,Chhatargarh,,000000,U,,,2025-05-20,2025-07-23,1,The Village 2 Rm(465 Rd)(69792)...etc  has been shifted to Sub-district Chhatargarh(District Bikaner) from Sub-district Poogal(District Bikaner) in Rajasthan.
954668,Sansardeshar -4 Kwm,संसारदेसर - 4 केडब्लूएम,479,Chhatargarh,,000000,U,,,2025-05-20,2025-07-23,1,The Village 2 Rm(465 Rd)(69792)...etc  has been shifted to Sub-district Chhatargarh(District Bikaner) from Sub-district Poogal(District Bikaner) in Rajasthan.
954676,Raner -9 Sld B,राणेर -9 एसएलडी बी,479,Chhatargarh,,000000,U,,,2025-05-20,2025-07-23,1,The Village 2 Rm(465 Rd)(69792)...etc  has been shifted to Sub-district Chhatargarh(District Bikaner) from Sub-district Poogal(District Bikaner) in Rajasthan.
954684,14 Kpd Kishpura - 13 Lkd A,14 केपीडी किशनपुरा - 13 एलकेडी ए,479,Chhatargarh,,000000,I,36034,Lunkhan,2025-05-20,2025-07-23,1,The Village 2 Rm(465 Rd)(69792)...etc  has been shifted to Sub-district Chhatargarh(District Bikaner) from Sub-district Poogal(District Bikaner) in Rajasthan.
954686,1 S.M. Sherpura - 1 Ssm,1 एस.एम.शेरपुरा - 1 एसएसएम,479,Chhatargarh,,000000,U,262881,Sherpoora1sm,2025-05-20,2025-07-23,1,The Village 2 Rm(465 Rd)(69792)...etc  has been shifted to Sub-district Chhatargarh(District Bikaner) from Sub-district Poogal(District Bikaner) in Rajasthan.
954708,Bhansar -3 Do A,भानसर -3 डीओ ए,479,Chhatargarh,,000000,U,,,2025-05-20,2025-07-23,1,The Village 2 Rm(465 Rd)(69792)...etc  has been shifted to Sub-district Chhatargarh(District Bikaner) from Sub-district Poogal(District Bikaner) in Rajasthan.
954710,Chhatargarh -3 Awm,छतरगढ़ - 3 एडब्लूएम,479,Chhatargarh,,000000,U,,,2025-05-20,2025-07-23,1,The Village 2 Rm(465 Rd)(69792)...etc  has been shifted to Sub-district Chhatargarh(District Bikaner) from Sub-district Poogal(District Bikaner) in Rajasthan.
954727,Kharbara -2 Kpm A,खारबारा -2 केपीएम ए,479,Chhatargarh,,000000,U,,,2025-05-20,2025-07-23,1,The Village 2 Rm(465 Rd)(69792)...etc  has been shifted to Sub-district Chhatargarh(District Bikaner) from Sub-district Poogal(District Bikaner) in Rajasthan.
954732,Bhansar -3 Do B,भानसर -3 डीओ बी,479,Chhatargarh,,000000,U,,,2025-05-20,2025-07-23,1,The Village 2 Rm(465 Rd)(69792)...etc  has been shifted to Sub-district Chhatargarh(District Bikaner) from Sub-district Poogal(District Bikaner) in Rajasthan.
954738,3 Lkd B -5 Lkd,3 एलकेडी बी -5 एलकेडी,479,Chhatargarh,,000000,U,,,2025-05-20,2025-07-23,1,The Village 2 Rm(465 Rd)(69792)...etc  has been shifted to Sub-district Chhatargarh(District Bikaner) from Sub-district Poogal(District Bikaner) in Rajasthan.
954742,1 Mmwm -3 Mmwm,1 एमएमडब्लूएम - 3 एमएमडब्लूएम,479,Chhatargarh,,000000,U,36034,Lunkhan,2025-05-20,2025-07-23,1,The Village 2 Rm(465 Rd)(69792)...etc  has been shifted to Sub-district Chhatargarh(District Bikaner) from Sub-district Poogal(District Bikaner) in Rajasthan.
954744,Sattasar -1 Sdwml II,सतासर -1 एसडीडब्लूएमएल II,479,Chhatargarh,,000000,U,,,2025-05-20,2025-07-23,1,The Village 2 Rm(465 Rd)(69792)...etc  has been shifted to Sub-district Chhatargarh(District Bikaner) from Sub-district Poogal(District Bikaner) in Rajasthan.
954747,Raner -10 Sld,राणेर -10 एसएलडी,479,Chhatargarh,,000000,U,,,2025-05-20,2025-07-23,1,The Village 2 Rm(465 Rd)(69792)...etc  has been shifted to Sub-district Chhatargarh(District Bikaner) from Sub-district Poogal(District Bikaner) in Rajasthan.
954751,Chhatargarh -3 Awm Without Cad,छतरगढ़ - 3 एडब्लूएम बिना सीएडी,479,Chhatargarh,,000000,U,,,2025-05-20,2025-07-23,1,The Village 2 Rm(465 Rd)(69792)...etc  has been shifted to Sub-district Chhatargarh(District Bikaner) from Sub-district Poogal(District Bikaner) in Rajasthan.
954754,Kharbara -3 Kpm,खारबारा -3 केपीएम,479,Chhatargarh,,000000,U,,,2025-05-20,2025-07-23,1,The Village 2 Rm(465 Rd)(69792)...etc  has been shifted to Sub-district Chhatargarh(District Bikaner) from Sub-district Poogal(District Bikaner) in Rajasthan.
954755,Bhansar -4 Do A,भानसर -4 डीओ ए,479,Chhatargarh,,000000,U,,,2025-05-20,2025-07-23,1,The Village 2 Rm(465 Rd)(69792)...etc  has been shifted to Sub-district Chhatargarh(District Bikaner) from Sub-district Poogal(District Bikaner) in Rajasthan.
954756,Raner -11 Sld,राणेर -11 एसएलडी,479,Chhatargarh,,000000,U,,,2025-05-20,2025-07-23,1,The Village 2 Rm(465 Rd)(69792)...etc  has been shifted to Sub-district Chhatargarh(District Bikaner) from Sub-district Poogal(District Bikaner) in Rajasthan.
954758,Sattasar -2 Sdwml II,सतासर -2 एसडीडब्लूएमएल II,479,Chhatargarh,,000000,U,,,2025-05-20,2025-07-23,1,The Village 2 Rm(465 Rd)(69792)...etc  has been shifted to Sub-district Chhatargarh(District Bikaner) from Sub-district Poogal(District Bikaner) in Rajasthan.
954761,Bhansar -4 Do B,भानसर -4 डीओ बी,479,Chhatargarh,,000000,U,,,2025-05-20,2025-07-23,1,The Village 2 Rm(465 Rd)(69792)...etc  has been shifted to Sub-district Chhatargarh(District Bikaner) from Sub-district Poogal(District Bikaner) in Rajasthan.
954763,Kharbara - 3Kpm A,खारबारा -3 केपीएम ए,479,Chhatargarh,,000000,U,,,2025-05-20,2025-07-23,1,The Village 2 Rm(465 Rd)(69792)...etc  has been shifted to Sub-district Chhatargarh(District Bikaner) from Sub-district Poogal(District Bikaner) in Rajasthan.
954764,Sattasar -1 Sdwmu,सतासर -1 एसडीडब्लूएमयू,479,Chhatargarh,,000000,U,,,2025-05-20,2025-07-23,1,The Village 2 Rm(465 Rd)(69792)...etc  has been shifted to Sub-district Chhatargarh(District Bikaner) from Sub-district Poogal(District Bikaner) in Rajasthan.
954776,Raner -13 Sld,राणेर -13 एसएलडी,479,Chhatargarh,,000000,U,,,2025-05-20,2025-07-23,1,The Village 2 Rm(465 Rd)(69792)...etc  has been shifted to Sub-district Chhatargarh(District Bikaner) from Sub-district Poogal(District Bikaner) in Rajasthan.
954777,Sansardeshar -2-3 Kwm,संसारदेसर - 2-3 केडब्लूएम,479,Chhatargarh,,000000,U,,,2025-05-20,2025-07-23,1,The Village 2 Rm(465 Rd)(69792)...etc  has been shifted to Sub-district Chhatargarh(District Bikaner) from Sub-district Poogal(District Bikaner) in Rajasthan.
954780,4 Rjd -4 Rjd B,4 आर.जे.डी. -4 आरजेडी बी,479,Chhatargarh,,000000,U,,,2025-05-20,2025-07-23,1,The Village 2 Rm(465 Rd)(69792)...etc  has been shifted to Sub-district Chhatargarh(District Bikaner) from Sub-district Poogal(District Bikaner) in Rajasthan.
954782,Chhatargarh -6 Awm,छतरगढ़ - 6 एडब्लूएम,479,Chhatargarh,,000000,U,,,2025-05-20,2025-07-23,1,The Village 2 Rm(465 Rd)(69792)...etc  has been shifted to Sub-district Chhatargarh(District Bikaner) from Sub-district Poogal(District Bikaner) in Rajasthan.
954783,Bhansar -1 Dsm,भानसर -1 डीएसएम,479,Chhatargarh,,000000,U,,,2025-05-20,2025-07-23,1,The Village 2 Rm(465 Rd)(69792)...etc  has been shifted to Sub-district Chhatargarh(District Bikaner) from Sub-district Poogal(District Bikaner) in Rajasthan.
954785,Sansardeshar -1-2 Kwsm,संसारदेसर - 1-2 केडब्लूएसएम,479,Chhatargarh,,000000,U,,,2025-05-20,2025-07-23,1,The Village 2 Rm(465 Rd)(69792)...etc  has been shifted to Sub-district Chhatargarh(District Bikaner) from Sub-district Poogal(District Bikaner) in Rajasthan.
954786,4 Rjd -4 Rjd C,4 आर.जे.डी. -4 आरजेडी सी,479,Chhatargarh,,000000,U,295163,1 Km,2025-05-20,2025-07-23,1,The Village 2 Rm(465 Rd)(69792)...etc  has been shifted to Sub-district Chhatargarh(District Bikaner) from Sub-district Poogal(District Bikaner) in Rajasthan.
954787,Kharbara -4 Kpm,खारबारा -4 केपीएम,479,Chhatargarh,,000000,U,,,2025-05-20,2025-07-23,1,The Village 2 Rm(465 Rd)(69792)...etc  has been shifted to Sub-district Chhatargarh(District Bikaner) from Sub-district Poogal(District Bikaner) in Rajasthan.
954793,Sattasar -2 Sdwmu,सतासर -2 एसडीडब्लूएमयू,479,Chhatargarh,,000000,U,,,2025-05-20,2025-07-23,1,The Village 2 Rm(465 Rd)(69792)...etc  has been shifted to Sub-district Chhatargarh(District Bikaner) from Sub-district Poogal(District Bikaner) in Rajasthan.
954839,Raner -1 Zwm,राणेर -1 जेडडब्लूएम,479,Chhatargarh,,000000,U,,,2025-05-20,2025-07-24,1,The Village 2 Rm(465 Rd)(69792)...etc  has been shifted to Sub-district Chhatargarh(District Bikaner) from Sub-district Poogal(District Bikaner) in Rajasthan.
954840,Kharbara -5 Kpm Without Cad,खारबारा - 5 केपीएम बिना सीएडी,479,Chhatargarh,,000000,U,,,2025-05-20,2025-07-24,1,The Village 2 Rm(465 Rd)(69792)...etc  has been shifted to Sub-district Chhatargarh(District Bikaner) from Sub-district Poogal(District Bikaner) in Rajasthan.
954850,Chhatargarh -7 Awm,छतरगढ़ - 7 एडब्लूएम,479,Chhatargarh,,000000,U,,,2025-05-20,2025-07-24,1,The Village 2 Rm(465 Rd)(69792)...etc  has been shifted to Sub-district Chhatargarh(District Bikaner) from Sub-district Poogal(District Bikaner) in Rajasthan.
954852,Gheghada -2 Km,घेघडा - 2 केएम,479,Chhatargarh,,000000,U,,,2025-05-20,2025-07-24,1,The Village 2 Rm(465 Rd)(69792)...etc  has been shifted to Sub-district Chhatargarh(District Bikaner) from Sub-district Poogal(District Bikaner) in Rajasthan.
954853,Sansardeshar -4 Kwsm,संसारदेसर - 4 केडब्लूएसएम,479,Chhatargarh,,000000,U,,,2025-05-20,2025-07-24,1,The Village 2 Rm(465 Rd)(69792)...etc  has been shifted to Sub-district Chhatargarh(District Bikaner) from Sub-district Poogal(District Bikaner) in Rajasthan.
954854,Kharbara -4 Kpm A,खारबारा - 4 केपीएम ए,479,Chhatargarh,,000000,U,,,2025-05-20,2025-07-24,1,The Village 2 Rm(465 Rd)(69792)...etc  has been shifted to Sub-district Chhatargarh(District Bikaner) from Sub-district Poogal(District Bikaner) in Rajasthan.
954856,Raner -4 Sld,राणेर -4 एसएलडी,479,Chhatargarh,,000000,U,,,2025-05-20,2025-07-24,1,The Village 2 Rm(465 Rd)(69792)...etc  has been shifted to Sub-district Chhatargarh(District Bikaner) from Sub-district Poogal(District Bikaner) in Rajasthan.
954857,Sattasar -5 Sdwmu A,सतासर -5 एसडीडब्लूएमयू ए,479,Chhatargarh,,000000,U,,,2025-05-20,2025-07-24,1,The Village 2 Rm(465 Rd)(69792)...etc  has been shifted to Sub-district Chhatargarh(District Bikaner) from Sub-district Poogal(District Bikaner) in Rajasthan.
954858,Kharbara -4 Kpm B,खारबारा -4 केपीएम बी,479,Chhatargarh,,000000,U,,,2025-05-20,2025-07-24,1,The Village 2 Rm(465 Rd)(69792)...etc  has been shifted to Sub-district Chhatargarh(District Bikaner) from Sub-district Poogal(District Bikaner) in Rajasthan.
954859,Raner -5 Sld,राणेर -5 एसएलडी,479,Chhatargarh,,000000,U,,,2025-05-20,2025-07-24,1,The Village 2 Rm(465 Rd)(69792)...etc  has been shifted to Sub-district Chhatargarh(District Bikaner) from Sub-district Poogal(District Bikaner) in Rajasthan.
954861,Sattasar -5 Sdwmu B,सतासर -5 एसडीडब्लूएमयू बी,479,Chhatargarh,,000000,U,,,2025-05-20,2025-07-24,1,The Village 2 Rm(465 Rd)(69792)...etc  has been shifted to Sub-district Chhatargarh(District Bikaner) from Sub-district Poogal(District Bikaner) in Rajasthan.
954862,Sansardeshar -6 Kwsm,संसारदेसर - 6 केडब्लूएसएम,479,Chhatargarh,,000000,U,,,2025-05-20,2025-07-24,1,The Village 2 Rm(465 Rd)(69792)...etc  has been shifted to Sub-district Chhatargarh(District Bikaner) from Sub-district Poogal(District Bikaner) in Rajasthan.
954863,Chhatargarh -10 Awm,छतरगढ़ -10 एडब्लूएम,479,Chhatargarh,,000000,U,,,2025-05-20,2025-07-24,1,The Village 2 Rm(465 Rd)(69792)...etc  has been shifted to Sub-district Chhatargarh(District Bikaner) from Sub-district Poogal(District Bikaner) in Rajasthan.
954864,Gheghada -3 Km,घेघडा -3 केएम,479,Chhatargarh,,000000,U,,,2025-05-20,2025-07-24,1,The Village 2 Rm(465 Rd)(69792)...etc  has been shifted to Sub-district Chhatargarh(District Bikaner) from Sub-district Poogal(District Bikaner) in Rajasthan.
954866,Raner -6 Sld,राणेर -6 एसएलडी,479,Chhatargarh,,000000,U,,,2025-05-20,2025-07-24,1,The Village 2 Rm(465 Rd)(69792)...etc  has been shifted to Sub-district Chhatargarh(District Bikaner) from Sub-district Poogal(District Bikaner) in Rajasthan.
954867,Sattasar -1 Stm,सतासर -1 एसटीएम,479,Chhatargarh,,000000,U,,,2025-05-20,2025-07-24,1,The Village 2 Rm(465 Rd)(69792)...etc  has been shifted to Sub-district Chhatargarh(District Bikaner) from Sub-district Poogal(District Bikaner) in Rajasthan.
954868,Sansardeshar 6 Kwsm Without Cad,संसारदेसर - 6 केडब्लूएसएम बि ना सीएडी,479,Chhatargarh,,000000,U,,,2025-05-20,2025-07-24,1,The Village 2 Rm(465 Rd)(69792)...etc  has been shifted to Sub-district Chhatargarh(District Bikaner) from Sub-district Poogal(District Bikaner) in Rajasthan.
954869,Kharbara -3 Rm,खारबारा -3 आरएम,479,Chhatargarh,,000000,U,,,2025-05-20,2025-07-24,1,The Village 2 Rm(465 Rd)(69792)...etc  has been shifted to Sub-district Chhatargarh(District Bikaner) from Sub-district Poogal(District Bikaner) in Rajasthan.
954870,Gheghada -1 Rjd A,घेघडा -1 आरजेडी ए,479,Chhatargarh,,000000,U,,,2025-05-20,2025-07-24,1,The Village 2 Rm(465 Rd)(69792)...etc  has been shifted to Sub-district Chhatargarh(District Bikaner) from Sub-district Poogal(District Bikaner) in Rajasthan.
954871,Raner -1 Zwsm,राणेर -1 जेडडब्लूएसएम,479,Chhatargarh,,000000,U,,,2025-05-20,2025-07-24,1,The Village 2 Rm(465 Rd)(69792)...etc  has been shifted to Sub-district Chhatargarh(District Bikaner) from Sub-district Poogal(District Bikaner) in Rajasthan.
954885,Kharbara -4 Dsm A,खारबारा -4 डीएसएम ए,479,Chhatargarh,,000000,U,,,2025-05-20,2025-07-24,1,The Village 2 Rm(465 Rd)(69792)...etc  has been shifted to Sub-district Chhatargarh(District Bikaner) from Sub-district Poogal(District Bikaner) in Rajasthan.
954886,Chhatargarh -1 Chm,छतरगढ़ - 1 सीएचएम,479,Chhatargarh,,000000,U,,,2025-05-20,2025-07-24,1,The Village 2 Rm(465 Rd)(69792)...etc  has been shifted to Sub-district Chhatargarh(District Bikaner) from Sub-district Poogal(District Bikaner) in Rajasthan.
954889,Sansardeshar -6 Kwsm Without Cad,संसारदेसर - 6 केडब्लूएसएम बिना सीएडी,479,Chhatargarh,,000000,U,,,2025-05-20,2025-07-24,1,The Village 2 Rm(465 Rd)(69792)...etc  has been shifted to Sub-district Chhatargarh(District Bikaner) from Sub-district Poogal(District Bikaner) in Rajasthan.
954890,Raner -1 Zwsm Without Cad,राणेर - 1 जेडडब्लूएसएम बिना सीएडी,479,Chhatargarh,,000000,U,,,2025-05-20,2025-07-24,1,The Village 2 Rm(465 Rd)(69792)...etc  has been shifted to Sub-district Chhatargarh(District Bikaner) from Sub-district Poogal(District Bikaner) in Rajasthan.
954896,Kharbara -5 Dsm,खारबारा -5 डीएसएम,479,Chhatargarh,,000000,U,,,2025-05-20,2025-07-24,1,The Village 2 Rm(465 Rd)(69792)...etc  has been shifted to Sub-district Chhatargarh(District Bikaner) from Sub-district Poogal(District Bikaner) in Rajasthan.
954901,Raner -3 Zwm B,राणेर -3 जेडडब्लूएम बी,479,Chhatargarh,,000000,U,,,2025-05-20,2025-07-24,1,The Village 2 Rm(465 Rd)(69792)...etc  has been shifted to Sub-district Chhatargarh(District Bikaner) from Sub-district Poogal(District Bikaner) in Rajasthan.
954902,Sattasar -2 Stm,सतासर -2 एसटीएम,479,Chhatargarh,,000000,U,,,2025-05-20,2025-07-24,1,The Village 2 Rm(465 Rd)(69792)...etc  has been shifted to Sub-district Chhatargarh(District Bikaner) from Sub-district Poogal(District Bikaner) in Rajasthan.
954904,Sansardeshar -7 Kwsm,संसारदेसर - 7 केडब्लूएसएम,479,Chhatargarh,,000000,U,,,2025-05-20,2025-07-24,1,The Village 2 Rm(465 Rd)(69792)...etc  has been shifted to Sub-district Chhatargarh(District Bikaner) from Sub-district Poogal(District Bikaner) in Rajasthan.
954907,Gheghada -1 Rjd B,घेघडा - 1 आरजेडी बी,479,Chhatargarh,,000000,U,,,2025-05-20,2025-07-24,1,The Village 2 Rm(465 Rd)(69792)...etc  has been shifted to Sub-district Chhatargarh(District Bikaner) from Sub-district Poogal(District Bikaner) in Rajasthan.
954908,Chhatargarh -2 Chm,छतरगढ़ - 2 सीएचएम,479,Chhatargarh,,000000,U,,,2025-05-20,2025-07-24,1,The Village 2 Rm(465 Rd)(69792)...etc  has been shifted to Sub-district Chhatargarh(District Bikaner) from Sub-district Poogal(District Bikaner) in Rajasthan.
954914,Kharbara -2 Dsm A,खारबारा -2 डीएसएम ए,479,Chhatargarh,,000000,U,,,2025-05-20,2025-07-24,1,The Village 2 Rm(465 Rd)(69792)...etc  has been shifted to Sub-district Chhatargarh(District Bikaner) from Sub-district Poogal(District Bikaner) in Rajasthan.
954915,Sattasar -3 Stm A,सतासर -3 एसटीएम ए,479,Chhatargarh,,000000,U,,,2025-05-20,2025-07-24,1,The Village 2 Rm(465 Rd)(69792)...etc  has been shifted to Sub-district Chhatargarh(District Bikaner) from Sub-district Poogal(District Bikaner) in Rajasthan.
954916,Raner -5 Zwm,राणेर -5 जेडडब्लूएम,479,Chhatargarh,,000000,U,,,2025-05-20,2025-07-24,1,The Village 2 Rm(465 Rd)(69792)...etc  has been shifted to Sub-district Chhatargarh(District Bikaner) from Sub-district Poogal(District Bikaner) in Rajasthan.
954917,Chhatargarh -1 Chd,छतरगढ़ - 1 सीएचडी,479,Chhatargarh,,000000,U,,,2025-05-20,2025-07-24,1,The Village 2 Rm(465 Rd)(69792)...etc  has been shifted to Sub-district Chhatargarh(District Bikaner) from Sub-district Poogal(District Bikaner) in Rajasthan.
954923,Gheghada -2 Rjd,घेघडा - 2 आरजेडी,479,Chhatargarh,,000000,U,295163,1 Km,2025-05-20,2025-07-24,1,The Village 2 Rm(465 Rd)(69792)...etc  has been shifted to Sub-district Chhatargarh(District Bikaner) from Sub-district Poogal(District Bikaner) in Rajasthan.
954924,3 Mdwm - 6 Mdwm,3 एमडीडब्‍लूएम - 6 एमडीडब्‍लूएम,479,Chhatargarh,,000000,U,,,2025-05-20,2025-07-24,1,The Village 2 Rm(465 Rd)(69792)...etc  has been shifted to Sub-district Chhatargarh(District Bikaner) from Sub-district Poogal(District Bikaner) in Rajasthan.
954930,Kharbara -2 Dsm B,खारबारा -2 डीएसएम बी,479,Chhatargarh,,000000,U,,,2025-05-20,2025-07-24,1,The Village 2 Rm(465 Rd)(69792)...etc  has been shifted to Sub-district Chhatargarh(District Bikaner) from Sub-district Poogal(District Bikaner) in Rajasthan.
954932,Sattasar -3 Stm B,सतासर -3 एसटीएम बी,479,Chhatargarh,,000000,U,,,2025-05-20,2025-07-24,1,The Village 2 Rm(465 Rd)(69792)...etc  has been shifted to Sub-district Chhatargarh(District Bikaner) from Sub-district Poogal(District Bikaner) in Rajasthan.
954943,Sansardeshar -8 Gm A,संसारदेसर - 8 जीएम ए,479,Chhatargarh,,000000,U,,,2025-05-20,2025-07-24,1,The Village 2 Rm(465 Rd)(69792)...etc  has been shifted to Sub-district Chhatargarh(District Bikaner) from Sub-district Poogal(District Bikaner) in Rajasthan.
954961,Sansardeshar -8 Gm B,संसारदेसर - 8 जीएम बी,479,Chhatargarh,,000000,U,36125,Sansardesar,2025-05-20,2025-07-24,1,The Village 2 Rm(465 Rd)(69792)...etc  has been shifted to Sub-district Chhatargarh(District Bikaner) from Sub-district Poogal(District Bikaner) in Rajasthan.
954965,Chhatargarh -1 Chd A,छतरगढ़ - 1 सीएचडी ए ,479,Chhatargarh,,000000,U,,,2025-05-20,2025-07-24,1,The Village 2 Rm(465 Rd)(69792)...etc  has been shifted to Sub-district Chhatargarh(District Bikaner) from Sub-district Poogal(District Bikaner) in Rajasthan.
954966,Raner -1 Gm,राणेर -1 जीएम,479,Chhatargarh,,000000,U,,,2025-05-20,2025-07-24,1,The Village 2 Rm(465 Rd)(69792)...etc  has been shifted to Sub-district Chhatargarh(District Bikaner) from Sub-district Poogal(District Bikaner) in Rajasthan.
954967,Sattasar -4 Stm,सतासर -4 एसटीएम,479,Chhatargarh,,000000,U,,,2025-05-20,2025-07-24,1,The Village 2 Rm(465 Rd)(69792)...etc  has been shifted to Sub-district Chhatargarh(District Bikaner) from Sub-district Poogal(District Bikaner) in Rajasthan.
954969,Bhansar -3 Dsm,भानसर -3 डीएसएम,479,Chhatargarh,,000000,U,294055,Bhansar,2025-05-20,2025-07-24,1,The Village 2 Rm(465 Rd)(69792)...etc  has been shifted to Sub-district Chhatargarh(District Bikaner) from Sub-district Poogal(District Bikaner) in Rajasthan.
954989,Sattasar -6 Stm Cad,सतासर - 6 एसटीएम बिना सीएडी,479,Chhatargarh,,000000,U,,,2025-05-20,2025-07-24,1,The Village 2 Rm(465 Rd)(69792)...etc  has been shifted to Sub-district Chhatargarh(District Bikaner) from Sub-district Poogal(District Bikaner) in Rajasthan.
954991,Chhatargarh-1 Chd A II,छतरगढ़ - 1 सीएचडी ए II,479,Chhatargarh,,000000,U,,,2025-05-20,2025-07-24,1,The Village 2 Rm(465 Rd)(69792)...etc  has been shifted to Sub-district Chhatargarh(District Bikaner) from Sub-district Poogal(District Bikaner) in Rajasthan.
954997,Sattasar -6 Stm Without Cad,सतासर - 6 एसटीएम बिना सीएडी,479,Chhatargarh,,000000,U,,,2025-05-20,2025-07-24,1,The Village 2 Rm(465 Rd)(69792)...etc  has been shifted to Sub-district Chhatargarh(District Bikaner) from Sub-district Poogal(District Bikaner) in Rajasthan.
954999,Chhatargarh -2 Chd,छतरगढ़ -2 सीएचडी,479,Chhatargarh,,000000,U,,,2025-05-20,2025-07-24,1,The Village 2 Rm(465 Rd)(69792)...etc  has been shifted to Sub-district Chhatargarh(District Bikaner) from Sub-district Poogal(District Bikaner) in Rajasthan.
955000,Sattasar -7 Stm Without Cad,सतासर - 7 एसटीएम बिना सीएडी,479,Chhatargarh,,000000,U,,,2025-05-20,2025-07-24,1,The Village 2 Rm(465 Rd)(69792)...etc  has been shifted to Sub-district Chhatargarh(District Bikaner) from Sub-district Poogal(District Bikaner) in Rajasthan.
955005,Raner -2 Gm,राणेर -2 जीएम,479,Chhatargarh,,000000,U,,,2025-05-20,2025-07-24,1,The Village 2 Rm(465 Rd)(69792)...etc  has been shifted to Sub-district Chhatargarh(District Bikaner) from Sub-district Poogal(District Bikaner) in Rajasthan.
955012,Chhatargarh -2 Chd A,छतरगढ़ - 2 सीएचडी ए,479,Chhatargarh,,000000,U,,,2025-05-20,2025-07-24,1,The Village 2 Rm(465 Rd)(69792)...etc  has been shifted to Sub-district Chhatargarh(District Bikaner) from Sub-district Poogal(District Bikaner) in Rajasthan.
955014,Sattasar -8 Stm,सतासर -8 एसटीएम,479,Chhatargarh,,000000,U,,,2025-05-20,2025-07-24,1,The Village 2 Rm(465 Rd)(69792)...etc  has been shifted to Sub-district Chhatargarh(District Bikaner) from Sub-district Poogal(District Bikaner) in Rajasthan.
955015,3 Mdwm - 4 Mdwm,3 एमडीडब्लूएम -4 एमडीडब्लूएम,479,Chhatargarh,,000000,U,36034,Lunkhan,2025-05-20,2025-07-24,1,The Village 2 Rm(465 Rd)(69792)...etc  has been shifted to Sub-district Chhatargarh(District Bikaner) from Sub-district Poogal(District Bikaner) in Rajasthan.
955017,Sattasar -9 Stm,सतासर -9 एसटीएम,479,Chhatargarh,,000000,U,,,2025-05-20,2025-07-24,1,The Village 2 Rm(465 Rd)(69792)...etc  has been shifted to Sub-district Chhatargarh(District Bikaner) from Sub-district Poogal(District Bikaner) in Rajasthan.
955020,Raner -3 Gm,राणेर -3 जीएम,479,Chhatargarh,,000000,U,,,2025-05-20,2025-07-24,1,The Village 2 Rm(465 Rd)(69792)...etc  has been shifted to Sub-district Chhatargarh(District Bikaner) from Sub-district Poogal(District Bikaner) in Rajasthan.
955024,Raner -7 Gm,राणेर -7 जीएम,479,Chhatargarh,,000000,U,,,2025-05-20,2025-07-25,1,The Village 2 Rm(465 Rd)(69792)...etc  has been shifted to Sub-district Chhatargarh(District Bikaner) from Sub-district Poogal(District Bikaner) in Rajasthan.
955026,Sattasar -9 Stm Without Cad,सतासर - 9 एसटीएम बिना सीएडी,479,Chhatargarh,,000000,U,,,2025-05-20,2025-07-25,1,The Village 2 Rm(465 Rd)(69792)...etc  has been shifted to Sub-district Chhatargarh(District Bikaner) from Sub-district Poogal(District Bikaner) in Rajasthan.
955028,Sattasar -10 Stm,सतासर -10 एसटीएम,479,Chhatargarh,,000000,U,,,2025-05-20,2025-07-25,1,The Village 2 Rm(465 Rd)(69792)...etc  has been shifted to Sub-district Chhatargarh(District Bikaner) from Sub-district Poogal(District Bikaner) in Rajasthan.
955029,Raner -9 Gm,राणेर -9 जीएम,479,Chhatargarh,,000000,U,,,2025-05-20,2025-07-25,1,The Village 2 Rm(465 Rd)(69792)...etc  has been shifted to Sub-district Chhatargarh(District Bikaner) from Sub-district Poogal(District Bikaner) in Rajasthan.
955031,Sattasar -10 Stm Without Cad,सतासर - 10 एसटीएम बिना सीएडी,479,Chhatargarh,,000000,U,,,2025-05-20,2025-07-25,1,The Village 2 Rm(465 Rd)(69792)...etc  has been shifted to Sub-district Chhatargarh(District Bikaner) from Sub-district Poogal(District Bikaner) in Rajasthan.
955032,Chhatargarh -1 Dol,छतरगढ़ -1 डीओएल,479,Chhatargarh,,000000,U,,,2025-05-20,2025-07-25,1,The Village 2 Rm(465 Rd)(69792)...etc  has been shifted to Sub-district Chhatargarh(District Bikaner) from Sub-district Poogal(District Bikaner) in Rajasthan.
955033,Raner -3 Lkm,राणेर -3 एलके एम,479,Chhatargarh,,000000,U,,,2025-05-20,2025-07-25,1,The Village 2 Rm(465 Rd)(69792)...etc  has been shifted to Sub-district Chhatargarh(District Bikaner) from Sub-district Poogal(District Bikaner) in Rajasthan.
955036,Sattasar -11 Stm Cad,सतासर - 11 एसटीएम सीएडी,479,Chhatargarh,,000000,U,,,2025-05-20,2025-07-25,1,The Village 2 Rm(465 Rd)(69792)...etc  has been shifted to Sub-district Chhatargarh(District Bikaner) from Sub-district Poogal(District Bikaner) in Rajasthan.
955037,Raner - 1 Dlm,राणेर -1 डीएलएम,479,Chhatargarh,,000000,U,,,2025-05-20,2025-07-25,1,The Village 2 Rm(465 Rd)(69792)...etc  has been shifted to Sub-district Chhatargarh(District Bikaner) from Sub-district Poogal(District Bikaner) in Rajasthan.
955039,Raner -2 Dlm,राणेर -2 डीएलएम,479,Chhatargarh,,000000,U,,,2025-05-20,2025-07-25,1,The Village 2 Rm(465 Rd)(69792)...etc  has been shifted to Sub-district Chhatargarh(District Bikaner) from Sub-district Poogal(District Bikaner) in Rajasthan.
955040,Sattasar -12 Stm Without Cad,सतासर - 12 एसटीएम बिना सीएड,479,Chhatargarh,,000000,U,36049,Sattasar,2025-05-20,2025-07-25,1,The Village 2 Rm(465 Rd)(69792)...etc  has been shifted to Sub-district Chhatargarh(District Bikaner) from Sub-district Poogal(District Bikaner) in Rajasthan.
955043,Raner -3 Dlm,राणेर -3 डीएलएम,479,Chhatargarh,,000000,U,,,2025-05-20,2025-07-25,1,The Village 2 Rm(465 Rd)(69792)...etc  has been shifted to Sub-district Chhatargarh(District Bikaner) from Sub-district Poogal(District Bikaner) in Rajasthan.
955044,Chhatargarh -3 Dol,छतरगढ़ -3 डीओएल,479,Chhatargarh,,000000,U,,,2025-05-20,2025-07-25,1,The Village 2 Rm(465 Rd)(69792)...etc  has been shifted to Sub-district Chhatargarh(District Bikaner) from Sub-district Poogal(District Bikaner) in Rajasthan.
955045,Raner -4 Dlm,राणेर -4 डीएलएम,479,Chhatargarh,,000000,U,,,2025-05-20,2025-07-25,1,The Village 2 Rm(465 Rd)(69792)...etc  has been shifted to Sub-district Chhatargarh(District Bikaner) from Sub-district Poogal(District Bikaner) in Rajasthan.
955061,Raner -6 Dlm,राणेर -6 डीएलएम,479,Chhatargarh,,000000,U,,,2025-05-20,2025-07-25,1,The Village 2 Rm(465 Rd)(69792)...etc  has been shifted to Sub-district Chhatargarh(District Bikaner) from Sub-district Poogal(District Bikaner) in Rajasthan.
955062,3 Lkd B -6 Lkd,3 एलके डी बी - 6 एलके डी,479,Chhatargarh,,000000,U,262179,Aava,2025-05-20,2025-07-25,1,The Village 2 Rm(465 Rd)(69792)...etc  has been shifted to Sub-district Chhatargarh(District Bikaner) from Sub-district Poogal(District Bikaner) in Rajasthan.
955066,Raner -2 Dlsm,राणेर -2 डीएलएसएम,479,Chhatargarh,,000000,U,,,2025-05-20,2025-07-25,1,The Village 2 Rm(465 Rd)(69792)...etc  has been shifted to Sub-district Chhatargarh(District Bikaner) from Sub-district Poogal(District Bikaner) in Rajasthan.
955067,Chhatargarh -2 Arm,छतरगढ़ - 2 एआरएम,479,Chhatargarh,,000000,U,,,2025-05-20,2025-07-25,1,The Village 2 Rm(465 Rd)(69792)...etc  has been shifted to Sub-district Chhatargarh(District Bikaner) from Sub-district Poogal(District Bikaner) in Rajasthan.
955071,Raner 3 Dlsm,राणेर -3 डीएलएसएम,479,Chhatargarh,,000000,U,36122,Raner 11 Sld,2025-05-20,2025-07-25,1,The Village 2 Rm(465 Rd)(69792)...etc  has been shifted to Sub-district Chhatargarh(District Bikaner) from Sub-district Poogal(District Bikaner) in Rajasthan.
955073,Chhatargarh -5 Arm,छतरगढ़ - 5 एआरएम,479,Chhatargarh,,000000,U,,,2025-05-20,2025-07-25,1,The Village 2 Rm(465 Rd)(69792)...etc  has been shifted to Sub-district Chhatargarh(District Bikaner) from Sub-district Poogal(District Bikaner) in Rajasthan.
955076,Chhatargarh -6 Arm,छतरगढ़ -6 एआरएम,479,Chhatargarh,,000000,U,,,2025-05-20,2025-07-25,1,The Village 2 Rm(465 Rd)(69792)...etc  has been shifted to Sub-district Chhatargarh(District Bikaner) from Sub-district Poogal(District Bikaner) in Rajasthan.
955078,Chhatargarh -8 Arm,छतरगढ़ - 8 एआरएम,479,Chhatargarh,,000000,U,,,2025-05-20,2025-07-25,1,The Village 2 Rm(465 Rd)(69792)...etc  has been shifted to Sub-district Chhatargarh(District Bikaner) from Sub-district Poogal(District Bikaner) in Rajasthan.
955082,Chhatargrh -10 Arm,छतरगढ़ - 10 एआरएम,479,Chhatargarh,,000000,U,,,2025-05-20,2025-07-25,1,The Village 2 Rm(465 Rd)(69792)...etc  has been shifted to Sub-district Chhatargarh(District Bikaner) from Sub-district Poogal(District Bikaner) in Rajasthan.
955087,Chhatargarh -3 Chd,छतरगढ़ -3 सीएचडी,479,Chhatargarh,,000000,U,,,2025-05-20,2025-07-25,1,The Village 2 Rm(465 Rd)(69792)...etc  has been shifted to Sub-district Chhatargarh(District Bikaner) from Sub-district Poogal(District Bikaner) in Rajasthan.
955094,Chhatargarh -4 Chd,छतरगढ़ - 4 सीएचडी,479,Chhatargarh,,000000,U,,,2025-05-20,2025-07-25,1,The Village 2 Rm(465 Rd)(69792)...etc  has been shifted to Sub-district Chhatargarh(District Bikaner) from Sub-district Poogal(District Bikaner) in Rajasthan.
955097,Chhatargarh -5 Chd,छतरगढ़ - 5 सीएचडी,479,Chhatargarh,,000000,U,,,2025-05-20,2025-07-25,1,The Village 2 Rm(465 Rd)(69792)...etc  has been shifted to Sub-district Chhatargarh(District Bikaner) from Sub-district Poogal(District Bikaner) in Rajasthan.
955103,Chhatargarh -6 Chd,छतरगढ़ - 6 सीएचडी,479,Chhatargarh,,000000,U,,,2025-05-20,2025-07-25,1,The Village 2 Rm(465 Rd)(69792)...etc  has been shifted to Sub-district Chhatargarh(District Bikaner) from Sub-district Poogal(District Bikaner) in Rajasthan.
955107,Chhatargarh -7 Chd,छतरगढ़ -7 सीएचडी,479,Chhatargarh,,000000,U,,,2025-05-20,2025-07-25,1,The Village 2 Rm(465 Rd)(69792)...etc  has been shifted to Sub-district Chhatargarh(District Bikaner) from Sub-district Poogal(District Bikaner) in Rajasthan.
955108,Chhatargarh - 8 Chd,छतरगढ़ -8 सीएचडी,479,Chhatargarh,,000000,U,,,2025-05-20,2025-07-25,1,The Village 2 Rm(465 Rd)(69792)...etc  has been shifted to Sub-district Chhatargarh(District Bikaner) from Sub-district Poogal(District Bikaner) in Rajasthan.
955111,Chhatargarh -7 Chd A,छतरगढ़ - 7 सीएचडी ए,479,Chhatargarh,,000000,U,,,2025-05-20,2025-07-25,1,The Village 2 Rm(465 Rd)(69792)...etc  has been shifted to Sub-district Chhatargarh(District Bikaner) from Sub-district Poogal(District Bikaner) in Rajasthan.
955113,Chhatargarh -4 Chd A,छतरगढ़ - 4 सीएचडी ए,479,Chhatargarh,,000000,U,,,2025-05-20,2025-07-25,1,The Village 2 Rm(465 Rd)(69792)...etc  has been shifted to Sub-district Chhatargarh(District Bikaner) from Sub-district Poogal(District Bikaner) in Rajasthan.
955116,Chhatargarh -3 Kmtm,छतरगढ़ - 3 के एमटीएम,479,Chhatargarh,,000000,U,,,2025-05-20,2025-07-25,1,The Village 2 Rm(465 Rd)(69792)...etc  has been shifted to Sub-district Chhatargarh(District Bikaner) from Sub-district Poogal(District Bikaner) in Rajasthan.
955118,Chhatargarh -7 Rjd,छतरगढ़ - 7 आरजेडी,479,Chhatargarh,,000000,U,,,2025-05-20,2025-07-25,1,The Village 2 Rm(465 Rd)(69792)...etc  has been shifted to Sub-district Chhatargarh(District Bikaner) from Sub-district Poogal(District Bikaner) in Rajasthan.
955120,Chhatargarh -2 Chtm,छतरगढ़ - 2 सीएचटीएम,479,Chhatargarh,,000000,U,,,2025-05-20,2025-07-25,1,The Village 2 Rm(465 Rd)(69792)...etc  has been shifted to Sub-district Chhatargarh(District Bikaner) from Sub-district Poogal(District Bikaner) in Rajasthan.
955124,Chhatargarh -3 Chtm,छतरगढ़ - 3 सीएचटीएम,479,Chhatargarh,,000000,U,,,2025-05-20,2025-07-25,1,The Village 2 Rm(465 Rd)(69792)...etc  has been shifted to Sub-district Chhatargarh(District Bikaner) from Sub-district Poogal(District Bikaner) in Rajasthan.
955125,Chhatargarh -4 Chtm,छतरगढ़ - 4 सीएचटीएम,479,Chhatargarh,,000000,U,,,2025-05-20,2025-07-25,1,The Village 2 Rm(465 Rd)(69792)...etc  has been shifted to Sub-district Chhatargarh(District Bikaner) from Sub-district Poogal(District Bikaner) in Rajasthan.
955126,Chhatargarh -3 Arm,छतरगढ़ -3 एआरएम,479,Chhatargarh,,000000,U,,,2025-05-20,2025-07-25,1,The Village 2 Rm(465 Rd)(69792)...etc  has been shifted to Sub-district Chhatargarh(District Bikaner) from Sub-district Poogal(District Bikaner) in Rajasthan.
955128,Chhatargarh -3 Arm A,छतरगढ़ - 3 एआरएम ए,479,Chhatargarh,,000000,U,,,2025-05-20,2025-07-25,1,The Village 2 Rm(465 Rd)(69792)...etc  has been shifted to Sub-district Chhatargarh(District Bikaner) from Sub-district Poogal(District Bikaner) in Rajasthan.
955130,Chhatargarh -4 Arm A,छतरगढ़ - 4 एआरएम ए,479,Chhatargarh,,000000,U,,,2025-05-20,2025-07-25,1,The Village 2 Rm(465 Rd)(69792)...etc  has been shifted to Sub-district Chhatargarh(District Bikaner) from Sub-district Poogal(District Bikaner) in Rajasthan.
955135,Chhatargarh -5 Chtm,छतरगढ़ - 5 सीएचटीएम,479,Chhatargarh,,000000,U,,,2025-05-20,2025-07-25,1,The Village 2 Rm(465 Rd)(69792)...etc  has been shifted to Sub-district Chhatargarh(District Bikaner) from Sub-district Poogal(District Bikaner) in Rajasthan.
955138,Chhatargarh-6 Chtm,छतरगढ़ - 6 सीएचटीएम,479,Chhatargarh,,000000,U,,,2025-05-20,2025-07-25,1,The Village 2 Rm(465 Rd)(69792)...etc  has been shifted to Sub-district Chhatargarh(District Bikaner) from Sub-district Poogal(District Bikaner) in Rajasthan.
955145,Chhatargarh -7 Chtm,छतरगढ़ - 7 सीएचटीएम,479,Chhatargarh,,000000,U,,,2025-05-20,2025-07-25,1,The Village 2 Rm(465 Rd)(69792)...etc  has been shifted to Sub-district Chhatargarh(District Bikaner) from Sub-district Poogal(District Bikaner) in Rajasthan.
955165,Chhatargarh -8 Chtm,छतरगढ़ - 8 सीएचटीएम,479,Chhatargarh,,000000,U,,,2025-05-20,2025-07-25,1,The Village 2 Rm(465 Rd)(69792)...etc  has been shifted to Sub-district Chhatargarh(District Bikaner) from Sub-district Poogal(District Bikaner) in Rajasthan.
955172,Chhatargarh-10 Chtm,छतरगढ़ - 10 सीएचटीएम,479,Chhatargarh,,000000,U,,,2025-05-20,2025-07-25,1,The Village 2 Rm(465 Rd)(69792)...etc  has been shifted to Sub-district Chhatargarh(District Bikaner) from Sub-district Poogal(District Bikaner) in Rajasthan.
955175,Chhatargarh -1 Kmtm,छतरगढ़ - 1 के एमटीएम,479,Chhatargarh,,000000,U,,,2025-05-20,2025-07-25,1,The Village 2 Rm(465 Rd)(69792)...etc  has been shifted to Sub-district Chhatargarh(District Bikaner) from Sub-district Poogal(District Bikaner) in Rajasthan.
955183,Chhatargarh -2 Kmtm,छतरगढ़ - 2 के एमटीएम,479,Chhatargarh,,000000,U,,,2025-05-20,2025-07-25,1,The Village 2 Rm(465 Rd)(69792)...etc  has been shifted to Sub-district Chhatargarh(District Bikaner) from Sub-district Poogal(District Bikaner) in Rajasthan.
955193,Chhatargarh -532-500 Rd,छतरगढ़ -532-500 आरडी,479,Chhatargarh,,000000,U,,,2025-05-20,2025-07-25,1,The Village 2 Rm(465 Rd)(69792)...etc  has been shifted to Sub-district Chhatargarh(District Bikaner) from Sub-district Poogal(District Bikaner) in Rajasthan.
955195,Chhatargarh -9Awm B,छतरगढ़ - 9 एडब्लूएम बी,479,Chhatargarh,,000000,U,,,2025-05-20,2025-07-25,1,The Village 2 Rm(465 Rd)(69792)...etc  has been shifted to Sub-district Chhatargarh(District Bikaner) from Sub-district Poogal(District Bikaner) in Rajasthan.
955197,Chhatargarh -7 Dl,छतरगढ़ - 7 डीएल,479,Chhatargarh,,000000,U,,,2025-05-20,2025-07-25,1,The Village 2 Rm(465 Rd)(69792)...etc  has been shifted to Sub-district Chhatargarh(District Bikaner) from Sub-district Poogal(District Bikaner) in Rajasthan.
955200,Chhatargarh -9 Arm,छतरगढ़ -9 एआरएम,479,Chhatargarh,,000000,U,36011,Chhattargarh,2025-05-20,2025-07-25,1,The Village 2 Rm(465 Rd)(69792)...etc  has been shifted to Sub-district Chhatargarh(District Bikaner) from Sub-district Poogal(District Bikaner) in Rajasthan.
956096,Sattasar -5 Stm,सतासर -5 एसटीएम,479,Chhatargarh,,000000,U,36049,Sattasar,2025-05-20,2025-08-07,1,The Village 2 Rm(465 Rd)(69792)...etc  has been shifted to Sub-district Chhatargarh(District Bikaner) from Sub-district Poogal(District Bikaner) in Rajasthan.
956101,Raner -2-Zwm,राणेर -2 जेडडब्लूएम,479,Chhatargarh,,000000,U,36122,Raner 11 Sld,2025-05-20,2025-08-07,1,The Village 2 Rm(465 Rd)(69792)...etc  has been shifted to Sub-district Chhatargarh(District Bikaner) from Sub-district Poogal(District Bikaner) in Rajasthan.
956102,Chhatargarh -1 Awm Without Cad,छतरगढ़ - 1 एडब्लूएम बिना सीएडी,479,Chhatargarh,,000000,U,,,2025-05-20,2025-08-07,1,The Village 2 Rm(465 Rd)(69792)...etc  has been shifted to Sub-district Chhatargarh(District Bikaner) from Sub-district Poogal(District Bikaner) in Rajasthan.
956105,Chhatargarh-8 Dl,छतरगढ़ - 8 डीएल,479,Chhatargarh,,000000,U,36011,Chhattargarh,2025-05-20,2025-08-07,1,The Village 2 Rm(465 Rd)(69792)...etc  has been shifted to Sub-district Chhatargarh(District Bikaner) from Sub-district Poogal(District Bikaner) in Rajasthan.
69842,Rajpura,,480,Sridungargarh,00632400,069842,I,,,2005-01-01,2005-01-01,1,
69843,Punrasar,,480,Sridungargarh,00632500,069843,I,,,2005-01-01,2005-01-01,1,
69844,Binjhasar,,480,Sridungargarh,00632600,069844,I,,,2014-03-24,2014-03-24,2,
69845,Ladhariya,,480,Sridungargarh,00632700,069845,I,,,2014-03-24,2014-03-24,2,
69846,Delwa,,480,Sridungargarh,00632800,069846,I,,,2014-03-24,2014-03-24,2,
69847,Lodera,,480,Sridungargarh,00632900,069847,I,,,2014-03-24,2014-03-24,2,
69848,Jalabsar,,480,Sridungargarh,00633000,069848,I,,,2005-01-01,2005-01-01,1,
69849,Lakhansar,,480,Sridungargarh,00633100,069849,I,,,2005-01-01,2005-01-01,1,
69850,Biramsar,,480,Sridungargarh,00633200,069850,I,,,2014-03-24,2014-03-24,2,
69851,Udrasar,,480,Sridungargarh,00633300,069851,I,,,2005-01-01,2005-01-01,1,
69852,Udasar Charnan,,480,Sridungargarh,00633400,069852,I,,,2005-01-01,2005-01-01,1,
69853,Surjansar,,480,Sridungargarh,00633500,069853,I,,,2005-01-01,2005-01-01,1,
69854,Adsar,,480,Sridungargarh,00633600,069854,I,,,2014-03-24,2014-03-24,2,
69855,Dhirdesar Purohitan,,480,Sridungargarh,00633700,069855,I,,,2014-03-24,2014-03-24,2,
69856,Thukariasar,,480,Sridungargarh,00633800,069856,I,,,2014-03-24,2014-03-24,2,
69857,Dholiya,,480,Sridungargarh,00633900,069857,I,,,2005-01-01,2005-01-01,1,
69858,Gusainsar,,480,Sridungargarh,00634000,069858,I,,,2005-01-01,2005-01-01,1,
69859,Mankarasar,,480,Sridungargarh,00634100,069859,I,,,2014-03-24,2014-03-24,2,
69860,Samandsar,,480,Sridungargarh,00634200,069860,I,,,2005-01-01,2005-01-01,1,
69861,Jodhasar,,480,Sridungargarh,00634300,069861,I,,,2005-01-01,2005-01-01,1,
69862,Jhanjheu,,480,Sridungargarh,00634400,069862,I,,,2005-01-01,2005-01-01,1,
69863,Seruna,,480,Sridungargarh,00634500,069863,I,,,2014-03-24,2014-03-24,2,
69864,Narsisar,,480,Sridungargarh,00634600,069864,I,,,2005-01-01,2005-01-01,1,
69865,Derajsar,,480,Sridungargarh,00634700,069865,I,,,2005-01-01,2005-01-01,1,
69866,Sudsar,,480,Sridungargarh,00634800,069866,I,,,2005-01-01,2005-01-01,1,
69867,Teu,,480,Sridungargarh,00634900,069867,I,,,2005-01-01,2005-01-01,1,
69868,Dulchasar,,480,Sridungargarh,00635000,069868,I,,,2013-08-26,2017-08-18,2,
69869,Basi Maiyan,,480,Sridungargarh,00635100,069869,I,,,2005-01-01,2005-01-01,1,
69870,Gopalsar,,480,Sridungargarh,00635200,069870,I,,,2005-01-01,2005-01-01,1,
69871,Gajpura,,480,Sridungargarh,00635300,069871,I,,,2005-01-01,2005-01-01,1,
69872,Lakhasar,,480,Sridungargarh,00635400,069872,I,,,2005-01-01,2005-01-01,1,
69873,Benisar,,480,Sridungargarh,00635500,069873,I,,,2014-03-24,2014-03-24,2,
69874,Jaitasar,,480,Sridungargarh,00635600,069874,I,,,2014-03-24,2014-03-24,2,
69875,Toliyasar,,480,Sridungargarh,00635700,069875,I,,,2005-01-01,2005-01-01,1,
69876,Likhmadesar,,480,Sridungargarh,00635800,069876,I,,,2014-03-24,2014-03-24,2,
69877,Sattasar,,480,Sridungargarh,00635900,069877,I,,,2005-01-01,2005-01-01,1,
69878,Lalasar,,480,Sridungargarh,00636000,069878,I,,,2005-01-01,2005-01-01,1,
69879,Momasar,,480,Sridungargarh,00636100,069879,I,,,2005-01-01,2005-01-01,1,
69880,Dhirdesar Chotiyan,,480,Sridungargarh,00636200,069880,I,,,2014-03-24,2014-03-24,2,
69881,Kitasar Bhatiyan,,480,Sridungargarh,00636300,069881,I,,,2005-01-01,2005-01-01,1,
69882,Sital Nagar,,480,Sridungargarh,00636400,069882,I,,,2014-03-24,2014-03-24,2,
69883,Kitasar Bidawatan,,480,Sridungargarh,00636500,069883,I,,,2005-01-01,2005-01-01,1,
69884,Basi Hirawtan,,480,Sridungargarh,00636600,069884,I,,,2025-07-23,2025-07-30,3,
69885,Rewada,,480,Sridungargarh,00636700,069885,I,,,2005-01-01,2005-01-01,1,
69886,Kuntasar,,480,Sridungargarh,00636800,069886,I,,,2005-01-01,2005-01-01,1,
69887,Basi Marnotan,,480,Sridungargarh,00636900,069887,I,,,2025-07-23,2025-07-30,2,
69888,Satlera,,480,Sridungargarh,00637000,069888,I,,,2014-03-24,2014-03-24,2,
69889,Jaisalsar,,480,Sridungargarh,00637100,069889,I,,,2005-01-01,2005-01-01,1,
69890,Sridungargarh (Rural),,480,Sridungargarh,00637200,069890,I,,,2014-11-05,2019-11-26,2,
69891,Salasar,,480,Sridungargarh,00637300,069891,I,,,2005-01-01,2005-01-01,1,
69892,Pundalsar,,480,Sridungargarh,00637400,069892,I,,,2005-01-01,2005-01-01,1,
69893,Hemasar,,480,Sridungargarh,00637500,069893,I,,,2005-01-01,2005-01-01,1,
69894,Bhojas,,480,Sridungargarh,00637600,069894,I,,,2005-01-01,2005-01-01,1,
69895,Dusarna Bara,,480,Sridungargarh,00637700,069895,I,,,2005-01-01,2005-01-01,1,
69896,Dusarna Pandreekji,,480,Sridungargarh,00637800,069896,I,,,2005-01-01,2005-01-01,1,
69897,Dusarna Pipasariya,,480,Sridungargarh,00637900,069897,I,,,2005-01-01,2005-01-01,1,
69898,Kotasar,,480,Sridungargarh,00638000,069898,I,,,2005-01-01,2005-01-01,1,
69899,Sanwatsar,,480,Sridungargarh,00638100,069899,I,,,2005-01-01,2005-01-01,1,
69900,Likhamisar Uttrada,,480,Sridungargarh,00638200,069900,I,,,2014-03-24,2014-03-24,2,
69901,Likhamisar Dikhnada,,480,Sridungargarh,00638300,069901,I,,,2014-03-24,2014-03-24,2,
69902,Kalayansar,,480,Sridungargarh,00638400,069902,I,,,2014-03-24,2014-03-24,2,
69903,Kalayansar Naya,,480,Sridungargarh,00638500,069903,I,,,2014-03-24,2014-03-24,2,
69904,Upani,,480,Sridungargarh,00638600,069904,I,,,2014-03-24,2014-03-24,2,
69905,Bana,,480,Sridungargarh,00638700,069905,I,,,2005-01-01,2005-01-01,1,
69906,Khiyani Bas,,480,Sridungargarh,00638800,069906,I,,,2005-01-01,2005-01-01,1,
69907,Ridi,,480,Sridungargarh,00638900,069907,I,,,2014-03-24,2014-03-24,2,
69908,Abhaysinghpura,,480,Sridungargarh,00639000,069908,I,,,2014-03-24,2014-03-24,2,
69909,Bigga,,480,Sridungargarh,00639100,069909,I,,,2005-01-01,2005-01-01,1,
69910,Bigga Bass Ramsara,,480,Sridungargarh,00639200,069910,I,,,2025-07-23,2025-07-30,3,
69911,Amritwasi,,480,Sridungargarh,00639300,069911,I,,,2025-07-23,2025-07-30,2,
69912,Surjanwasi,,480,Sridungargarh,00639400,069912,I,,,2005-01-01,2005-01-01,1,
69913,Indpalsar Raikan,,480,Sridungargarh,00639500,069913,I,,,2025-07-23,2025-07-30,2,
69914,Indpalsar Sankhlan,,480,Sridungargarh,00639600,069914,I,,,2005-01-01,2005-01-01,1,
69915,Indpalsar Bara,,480,Sridungargarh,00639700,069915,I,,,2005-01-01,2005-01-01,1,
69916,Hathana Johar,,480,Sridungargarh,00639700,069916,I,,,2014-03-24,2014-03-24,2,
69917,Indpalsar Hirawatan,,480,Sridungargarh,00639800,069917,I,,,2025-07-23,2025-07-30,2,
69918,Indpalsar Gusainsar,,480,Sridungargarh,00639900,069918,I,,,2005-01-01,2005-01-01,1,
69919,Dharmas,,480,Sridungargarh,00640000,069919,I,,,2025-07-23,2025-07-30,2,
69920,Mingsarya,,480,Sridungargarh,00640100,069920,I,,,2014-03-24,2014-03-24,2,
69921,Nosariya,,480,Sridungargarh,00640200,069921,I,,,2005-01-01,2005-01-01,1,
69922,Badela,,480,Sridungargarh,00640300,069922,I,,,2005-01-01,2005-01-01,1,
69923,Keu,,480,Sridungargarh,00640400,069923,I,,,2022-09-19,2023-10-30,2,
69924,Jakhasar,,480,Sridungargarh,00640500,069924,I,,,2005-01-01,2005-01-01,1,
69925,Bapeu Purohitan,,480,Sridungargarh,00640600,069925,I,,,2005-01-01,2005-01-01,1,
69926,Rajedu,,480,Sridungargarh,00640700,069926,I,,,2014-03-24,2014-03-24,2,
69927,Bapeu,,480,Sridungargarh,00640800,069927,I,,,2005-01-01,2005-01-01,1,
69928,Jakhasar Bhomisinghawatan,,480,Sridungargarh,00640900,069928,I,,,2005-01-01,2005-01-01,1,
69929,Jakhasar Bhomudaikarnawatan,,480,Sridungargarh,00641000,069929,I,,,2005-01-01,2005-01-01,1,
69930,Ranasar Narukan,,480,Sridungargarh,00641100,069930,I,,,2005-01-01,2005-01-01,1,
69931,Ranasar Hansawatan,,480,Sridungargarh,00641200,069931,I,,,2005-01-01,2005-01-01,1,
69932,Soniyasar Mithiya,,480,Sridungargarh,00641300,069932,I,,,2005-01-01,2005-01-01,1,
69933,Soniyasar Godaran,,480,Sridungargarh,00641400,069933,I,,,2005-01-01,2005-01-01,1,
69934,Soniyasar Shivdan Singh,,480,Sridungargarh,00641500,069934,I,,,2014-03-24,2014-03-24,2,
69935,Soniyasar Gogliyan,,480,Sridungargarh,00641600,069935,I,,,2014-03-24,2014-03-24,2,
69936,Soniyasar Uchaira,,480,Sridungargarh,00641700,069936,I,,,2014-03-24,2014-03-24,2,
69937,Kunpalsar,,480,Sridungargarh,00641800,069937,I,,,2005-01-01,2005-01-01,1,
69938,Barjangsar,,480,Sridungargarh,00641900,069938,I,,,2005-01-01,2005-01-01,1,
69939,Dhaneru,,480,Sridungargarh,00642000,069939,I,,,2005-01-01,2005-01-01,1,
946134,Keu Nai,केऊ नई,480,Sridungargarh,,000000,I,,,2022-09-19,2023-10-30,1,
954407,Sri Dungargarh,श्रीडूंगरगढ़,480,Sridungargarh,,000000,I,,,2025-07-17,2025-07-22,1,
955376,Chak Jodhana,चक जेाधाणा,480,Sridungargarh,,000000,U,,,2025-07-23,2025-07-30,1,
955378,Chak Dharmas,चक धर्मास,480,Sridungargarh,,000000,U,,,2025-07-23,2025-07-30,1,
955440,Chak Indpalsar Hirawatan,चक इन्दपालसर हिरावतान,480,Sridungargarh,,000000,U,,,2025-07-23,2025-07-30,1,
955442,Chak Indrapalsar Raikan,चक इन्द्रपालसर राईकान,480,Sridungargarh,,000000,U,,,2025-08-05,2025-08-07,2,
955443,Chak Amritwasi,चक अमृतवासी,480,Sridungargarh,,000000,U,,,2025-07-23,2025-07-30,1,
955445,Chak 2 Basi Hirawatan,चक 2 बासी हिरावतान,480,Sridungargarh,,000000,U,,,2025-07-23,2025-07-30,1,
955447,Basi Marnotan Chak No. 2,बासी मारनोतान चक नं. 2,480,Sridungargarh,,000000,U,,,2025-07-23,2025-07-30,1,
69341,Anewala,,6913,Bajju,00523600,069341,I,,,2025-06-03,2025-07-16,7,"Villages  {11 S.M.D. (MOOMBALA),17 KWD,1 CDY JAGAT SINGH PURA etc...} has  been shifted from Subdistrict {Kolayat} of District {BIKANER} to Sub district {Bajju} of District {BIKANER}"
69342,Sanchu,,6913,Bajju,00523700,069342,I,,,2025-06-03,2025-08-07,13,"Villages  {11 S.M.D. (MOOMBALA),17 KWD,1 CDY JAGAT SINGH PURA etc...} has  been shifted from Subdistrict {Kolayat} of District {BIKANER} to Sub district {Bajju} of District {BIKANER}"
69343,Akhoosar,,6913,Bajju,00523800,069343,I,,,2025-06-03,2025-07-16,8,"Villages  {11 S.M.D. (MOOMBALA),17 KWD,1 CDY JAGAT SINGH PURA etc...} has  been shifted from Subdistrict {Kolayat} of District {BIKANER} to Sub district {Bajju} of District {BIKANER}"
69344,7 Am First,,6913,Bajju,00523800,069344,I,,,2025-06-03,2025-07-15,5,"Villages  {11 S.M.D. (MOOMBALA),17 KWD,1 CDY JAGAT SINGH PURA etc...} has  been shifted from Subdistrict {Kolayat} of District {BIKANER} to Sub district {Bajju} of District {BIKANER}"
69345,Barsalpur,,6913,Bajju,00523900,069345,I,,,2026-07-15,2026-08-17,25,"Villages  {11 S.M.D. (MOOMBALA),17 KWD,1 CDY JAGAT SINGH PURA etc...} has  been shifted from Subdistrict {Kolayat} of District {BIKANER} to Sub district {Bajju} of District {BIKANER}"
69346,Kabrawala,,6913,Bajju,00524000,069346,I,,,2025-06-03,2025-08-07,12,"Villages  {11 S.M.D. (MOOMBALA),17 KWD,1 CDY JAGAT SINGH PURA etc...} has  been shifted from Subdistrict {Kolayat} of District {BIKANER} to Sub district {Bajju} of District {BIKANER}"
69347,Kayamwala,,6913,Bajju,00524100,069347,I,,,2025-06-03,2025-07-17,8,"Villages  {11 S.M.D. (MOOMBALA),17 KWD,1 CDY JAGAT SINGH PURA etc...} has  been shifted from Subdistrict {Kolayat} of District {BIKANER} to Sub district {Bajju} of District {BIKANER}"
69348,Musewala,,6913,Bajju,00524200,069348,I,,,2025-06-03,2025-07-18,13,"Villages  {11 S.M.D. (MOOMBALA),17 KWD,1 CDY JAGAT SINGH PURA etc...} has  been shifted from Subdistrict {Kolayat} of District {BIKANER} to Sub district {Bajju} of District {BIKANER}"
69349,Bhoorasar,,6913,Bajju,00524300,069349,I,,,2025-06-03,2025-07-18,22,"Villages  {11 S.M.D. (MOOMBALA),17 KWD,1 CDY JAGAT SINGH PURA etc...} has  been shifted from Subdistrict {Kolayat} of District {BIKANER} to Sub district {Bajju} of District {BIKANER}"
69350,Maganwala,,6913,Bajju,00524400,069350,I,,,2025-06-03,2025-07-18,12,"Villages  {11 S.M.D. (MOOMBALA),17 KWD,1 CDY JAGAT SINGH PURA etc...} has  been shifted from Subdistrict {Kolayat} of District {BIKANER} to Sub district {Bajju} of District {BIKANER}"
69351,Miranwala,,6913,Bajju,00524500,069351,I,,,2025-06-03,2025-07-16,9,"Villages  {11 S.M.D. (MOOMBALA),17 KWD,1 CDY JAGAT SINGH PURA etc...} has  been shifted from Subdistrict {Kolayat} of District {BIKANER} to Sub district {Bajju} of District {BIKANER}"
69352,20 S.M.D.,,6913,Bajju,00524500,069352,I,,,2025-06-03,2025-07-15,4,"Villages  {11 S.M.D. (MOOMBALA),17 KWD,1 CDY JAGAT SINGH PURA etc...} has  been shifted from Subdistrict {Kolayat} of District {BIKANER} to Sub district {Bajju} of District {BIKANER}"
69353,Nasooma,,6913,Bajju,00524600,069353,I,,,2025-06-03,2025-07-15,5,"Villages  {11 S.M.D. (MOOMBALA),17 KWD,1 CDY JAGAT SINGH PURA etc...} has  been shifted from Subdistrict {Kolayat} of District {BIKANER} to Sub district {Bajju} of District {BIKANER}"
69354,Karnisar,,6913,Bajju,00524700,069354,I,,,2025-06-03,2025-07-16,10,"Villages  {11 S.M.D. (MOOMBALA),17 KWD,1 CDY JAGAT SINGH PURA etc...} has  been shifted from Subdistrict {Kolayat} of District {BIKANER} to Sub district {Bajju} of District {BIKANER}"
69355,Dehria,,6913,Bajju,00524800,069355,I,,,2025-06-03,2025-07-16,10,"Villages  {11 S.M.D. (MOOMBALA),17 KWD,1 CDY JAGAT SINGH PURA etc...} has  been shifted from Subdistrict {Kolayat} of District {BIKANER} to Sub district {Bajju} of District {BIKANER}"
69356,Bhinyawala,,6913,Bajju,00524900,069356,I,,,2025-06-03,2025-07-16,8,"Villages  {11 S.M.D. (MOOMBALA),17 KWD,1 CDY JAGAT SINGH PURA etc...} has  been shifted from Subdistrict {Kolayat} of District {BIKANER} to Sub district {Bajju} of District {BIKANER}"
69357,Dandkalan,,6913,Bajju,00525000,069357,I,,,2025-06-03,2025-07-16,8,"Villages  {11 S.M.D. (MOOMBALA),17 KWD,1 CDY JAGAT SINGH PURA etc...} has  been shifted from Subdistrict {Kolayat} of District {BIKANER} to Sub district {Bajju} of District {BIKANER}"
69358,Bikendri,,6913,Bajju,00525100,069358,I,,,2025-06-03,2025-07-16,7,"Villages  {11 S.M.D. (MOOMBALA),17 KWD,1 CDY JAGAT SINGH PURA etc...} has  been shifted from Subdistrict {Kolayat} of District {BIKANER} to Sub district {Bajju} of District {BIKANER}"
69359,Modiya,,6913,Bajju,00525200,069359,I,,,2025-06-03,2025-07-16,8,"Villages  {11 S.M.D. (MOOMBALA),17 KWD,1 CDY JAGAT SINGH PURA etc...} has  been shifted from Subdistrict {Kolayat} of District {BIKANER} to Sub district {Bajju} of District {BIKANER}"
69360,Tanwarawala,,6913,Bajju,00525300,069360,I,,,2025-06-03,2025-07-16,8,"Villages  {11 S.M.D. (MOOMBALA),17 KWD,1 CDY JAGAT SINGH PURA etc...} has  been shifted from Subdistrict {Kolayat} of District {BIKANER} to Sub district {Bajju} of District {BIKANER}"
69361,Jagasar,,6913,Bajju,00525400,069361,I,,,2025-06-03,2025-07-18,17,"Villages  {11 S.M.D. (MOOMBALA),17 KWD,1 CDY JAGAT SINGH PURA etc...} has  been shifted from Subdistrict {Kolayat} of District {BIKANER} to Sub district {Bajju} of District {BIKANER}"
69362,11 S.M.D. (Moombala),,6913,Bajju,00525400,069362,I,,,2017-10-09,2020-02-12,2,"Villages  {11 S.M.D. (MOOMBALA),17 KWD,1 CDY JAGAT SINGH PURA etc...} has  been shifted from Subdistrict {Kolayat} of District {BIKANER} to Sub district {Bajju} of District {BIKANER}"
69363,Dand Khurd,,6913,Bajju,00525500,069363,I,,,2025-06-03,2025-07-16,6,"Villages  {11 S.M.D. (MOOMBALA),17 KWD,1 CDY JAGAT SINGH PURA etc...} has  been shifted from Subdistrict {Kolayat} of District {BIKANER} to Sub district {Bajju} of District {BIKANER}"
69364,Gulamwala,,6913,Bajju,00525600,069364,I,,,2025-06-03,2025-07-18,10,"Villages  {11 S.M.D. (MOOMBALA),17 KWD,1 CDY JAGAT SINGH PURA etc...} has  been shifted from Subdistrict {Kolayat} of District {BIKANER} to Sub district {Bajju} of District {BIKANER}"
69365,Bijeri,,6913,Bajju,00525700,069365,I,,,2025-06-03,2025-07-18,18,"Villages  {11 S.M.D. (MOOMBALA),17 KWD,1 CDY JAGAT SINGH PURA etc...} has  been shifted from Subdistrict {Kolayat} of District {BIKANER} to Sub district {Bajju} of District {BIKANER}"
69366,Sheruwala,,6913,Bajju,00525800,069366,I,,,2025-06-03,2025-07-18,18,"Villages  {11 S.M.D. (MOOMBALA),17 KWD,1 CDY JAGAT SINGH PURA etc...} has  been shifted from Subdistrict {Kolayat} of District {BIKANER} to Sub district {Bajju} of District {BIKANER}"
69367,6-8 Santosh Nagar,,6913,Bajju,00525800,069367,I,,,2025-06-03,2025-07-17,9,"Villages  {11 S.M.D. (MOOMBALA),17 KWD,1 CDY JAGAT SINGH PURA etc...} has  been shifted from Subdistrict {Kolayat} of District {BIKANER} to Sub district {Bajju} of District {BIKANER}"
69368,Jaganwala,,6913,Bajju,00525800,069368,I,,,2025-06-03,2025-07-16,7,"Villages  {11 S.M.D. (MOOMBALA),17 KWD,1 CDY JAGAT SINGH PURA etc...} has  been shifted from Subdistrict {Kolayat} of District {BIKANER} to Sub district {Bajju} of District {BIKANER}"
69369,Bhaloori,,6913,Bajju,00525900,069369,I,,,2025-02-03,2025-07-17,17,"Villages  {11 S.M.D. (MOOMBALA),17 KWD,1 CDY JAGAT SINGH PURA etc...} has  been shifted from Subdistrict {Kolayat} of District {BIKANER} to Sub district {Bajju} of District {BIKANER}"
69370,2 Blm (Naya Gaon),,6913,Bajju,00525900,069370,I,,,2025-06-03,2025-07-15,6,"Villages  {11 S.M.D. (MOOMBALA),17 KWD,1 CDY JAGAT SINGH PURA etc...} has  been shifted from Subdistrict {Kolayat} of District {BIKANER} to Sub district {Bajju} of District {BIKANER}"
69371,Bhandhli,,6913,Bajju,00526000,069371,I,,,2025-06-03,2025-07-02,3,"Villages  {11 S.M.D. (MOOMBALA),17 KWD,1 CDY JAGAT SINGH PURA etc...} has  been shifted from Subdistrict {Kolayat} of District {BIKANER} to Sub district {Bajju} of District {BIKANER}"
69372,Gokal,,6913,Bajju,00526100,069372,I,,,2025-06-03,2025-07-18,21,"Villages  {11 S.M.D. (MOOMBALA),17 KWD,1 CDY JAGAT SINGH PURA etc...} has  been shifted from Subdistrict {Kolayat} of District {BIKANER} to Sub district {Bajju} of District {BIKANER}"
69373,Sadolai,,6913,Bajju,00526200,069373,I,,,2025-06-03,2025-07-14,5,"Villages  {11 S.M.D. (MOOMBALA),17 KWD,1 CDY JAGAT SINGH PURA etc...} has  been shifted from Subdistrict {Kolayat} of District {BIKANER} to Sub district {Bajju} of District {BIKANER}"
69374,Meghji Ka Tala,,6913,Bajju,00526300,069374,I,,,2025-06-03,2025-07-14,4,"Villages  {11 S.M.D. (MOOMBALA),17 KWD,1 CDY JAGAT SINGH PURA etc...} has  been shifted from Subdistrict {Kolayat} of District {BIKANER} to Sub district {Bajju} of District {BIKANER}"
69375,Keharli,,6913,Bajju,00526400,069375,I,,,2025-06-03,2025-07-15,6,"Villages  {11 S.M.D. (MOOMBALA),17 KWD,1 CDY JAGAT SINGH PURA etc...} has  been shifted from Subdistrict {Kolayat} of District {BIKANER} to Sub district {Bajju} of District {BIKANER}"
69376,Chheela Kashmeer,,6913,Bajju,00526500,069376,I,,,2025-02-03,2025-07-17,5,"Villages  {11 S.M.D. (MOOMBALA),17 KWD,1 CDY JAGAT SINGH PURA etc...} has  been shifted from Subdistrict {Kolayat} of District {BIKANER} to Sub district {Bajju} of District {BIKANER}"
69377,Raowala,,6913,Bajju,00526600,069377,I,,,2025-06-03,2025-07-18,22,"Villages  {11 S.M.D. (MOOMBALA),17 KWD,1 CDY JAGAT SINGH PURA etc...} has  been shifted from Subdistrict {Kolayat} of District {BIKANER} to Sub district {Bajju} of District {BIKANER}"
69378,Ranjeetpura,,6913,Bajju,00526700,069378,I,,,2025-06-03,2025-07-21,48,"Villages  {11 S.M.D. (MOOMBALA),17 KWD,1 CDY JAGAT SINGH PURA etc...} has  been shifted from Subdistrict {Kolayat} of District {BIKANER} to Sub district {Bajju} of District {BIKANER}"
69379,Gajjewala,,6913,Bajju,00526800,069379,I,,,2025-06-03,2025-07-21,23,"Villages  {11 S.M.D. (MOOMBALA),17 KWD,1 CDY JAGAT SINGH PURA etc...} has  been shifted from Subdistrict {Kolayat} of District {BIKANER} to Sub district {Bajju} of District {BIKANER}"
69380,Rawalotan Ka Tala,,6913,Bajju,00526900,069380,I,,,2025-06-03,2025-07-18,10,"Villages  {11 S.M.D. (MOOMBALA),17 KWD,1 CDY JAGAT SINGH PURA etc...} has  been shifted from Subdistrict {Kolayat} of District {BIKANER} to Sub district {Bajju} of District {BIKANER}"
69381,Charanwala,,6913,Bajju,00527000,069381,I,,,2025-06-03,2025-07-21,40,"Villages  {11 S.M.D. (MOOMBALA),17 KWD,1 CDY JAGAT SINGH PURA etc...} has  been shifted from Subdistrict {Kolayat} of District {BIKANER} to Sub district {Bajju} of District {BIKANER}"
69382,Ganpatpura,,6913,Bajju,00527000,069382,I,,,2026-07-15,2026-08-17,6,"Villages  {11 S.M.D. (MOOMBALA),17 KWD,1 CDY JAGAT SINGH PURA etc...} has  been shifted from Subdistrict {Kolayat} of District {BIKANER} to Sub district {Bajju} of District {BIKANER}"
69383,Bharatsinghpura,,6913,Bajju,00527000,069383,I,,,2026-07-15,2026-08-17,5,"Villages  {11 S.M.D. (MOOMBALA),17 KWD,1 CDY JAGAT SINGH PURA etc...} has  been shifted from Subdistrict {Kolayat} of District {BIKANER} to Sub district {Bajju} of District {BIKANER}"
69384,21 C.W.B,,6913,Bajju,00527100,069384,I,,,2017-10-09,2020-02-12,2,"Villages  {11 S.M.D. (MOOMBALA),17 KWD,1 CDY JAGAT SINGH PURA etc...} has  been shifted from Subdistrict {Kolayat} of District {BIKANER} to Sub district {Bajju} of District {BIKANER}"
69385,Godoo,,6913,Bajju,00527200,069385,I,,,2025-06-03,2025-08-07,39,"Villages  {11 S.M.D. (MOOMBALA),17 KWD,1 CDY JAGAT SINGH PURA etc...} has  been shifted from Subdistrict {Kolayat} of District {BIKANER} to Sub district {Bajju} of District {BIKANER}"
69386,Kandharli,,6913,Bajju,00527300,069386,I,,,2025-06-03,2025-07-16,9,"Villages  {11 S.M.D. (MOOMBALA),17 KWD,1 CDY JAGAT SINGH PURA etc...} has  been shifted from Subdistrict {Kolayat} of District {BIKANER} to Sub district {Bajju} of District {BIKANER}"
69387,Shastri Nagar,,6913,Bajju,00527400,069387,I,,,2025-06-03,2025-07-16,8,"Villages  {11 S.M.D. (MOOMBALA),17 KWD,1 CDY JAGAT SINGH PURA etc...} has  been shifted from Subdistrict {Kolayat} of District {BIKANER} to Sub district {Bajju} of District {BIKANER}"
69388,Bhatiyon Ki Dhani,,6913,Bajju,00527500,069388,I,,,2025-06-03,2025-07-17,8,"Villages  {11 S.M.D. (MOOMBALA),17 KWD,1 CDY JAGAT SINGH PURA etc...} has  been shifted from Subdistrict {Kolayat} of District {BIKANER} to Sub district {Bajju} of District {BIKANER}"
69389,Puranwala,,6913,Bajju,00527600,069389,I,,,2025-06-03,2025-07-08,3,"Villages  {11 S.M.D. (MOOMBALA),17 KWD,1 CDY JAGAT SINGH PURA etc...} has  been shifted from Subdistrict {Kolayat} of District {BIKANER} to Sub district {Bajju} of District {BIKANER}"
69390,Mankasar,,6913,Bajju,00527700,069390,I,,,2025-06-03,2025-07-21,14,"Villages  {11 S.M.D. (MOOMBALA),17 KWD,1 CDY JAGAT SINGH PURA etc...} has  been shifted from Subdistrict {Kolayat} of District {BIKANER} to Sub district {Bajju} of District {BIKANER}"
69391,Bangarsar,,6913,Bajju,00527800,069391,I,,,2025-03-19,2026-02-12,21,"Villages  {11 S.M.D. (MOOMBALA),17 KWD,1 CDY JAGAT SINGH PURA etc...} has  been shifted from Subdistrict {Kolayat} of District {BIKANER} to Sub district {Bajju} of District {BIKANER}"
69392,1 Cdy Jagat Singh Pura,,6913,Bajju,00527800,069392,I,,,2025-03-04,2025-07-17,6,"Villages  {11 S.M.D. (MOOMBALA),17 KWD,1 CDY JAGAT SINGH PURA etc...} has  been shifted from Subdistrict {Kolayat} of District {BIKANER} to Sub district {Bajju} of District {BIKANER}"
69445,Bajju Tej Pura,,6913,Bajju,00533100,069445,I,,,2025-07-20,2025-08-01,9,"Villages  {11 S.M.D. (MOOMBALA),17 KWD,1 CDY JAGAT SINGH PURA etc...} has  been shifted from Subdistrict {Kolayat} of District {BIKANER} to Sub district {Bajju} of District {BIKANER}"
69446,Bajju Khalsa,,6913,Bajju,00533200,069446,I,,,2025-07-20,2025-07-30,14,"Villages  {11 S.M.D. (MOOMBALA),17 KWD,1 CDY JAGAT SINGH PURA etc...} has  been shifted from Subdistrict {Kolayat} of District {BIKANER} to Sub district {Bajju} of District {BIKANER}"
69447,Panwarwala,,6913,Bajju,00533300,069447,I,,,2025-06-03,2025-07-10,3,"Villages  {11 S.M.D. (MOOMBALA),17 KWD,1 CDY JAGAT SINGH PURA etc...} has  been shifted from Subdistrict {Kolayat} of District {BIKANER} to Sub district {Bajju} of District {BIKANER}"
69448,Modayat,,6913,Bajju,00533400,069448,I,,,2025-06-03,2025-07-15,5,"Villages  {11 S.M.D. (MOOMBALA),17 KWD,1 CDY JAGAT SINGH PURA etc...} has  been shifted from Subdistrict {Kolayat} of District {BIKANER} to Sub district {Bajju} of District {BIKANER}"
69449,Berasar,,6913,Bajju,00533500,069449,I,,,2025-06-03,2025-08-07,4,"Villages  {11 S.M.D. (MOOMBALA),17 KWD,1 CDY JAGAT SINGH PURA etc...} has  been shifted from Subdistrict {Kolayat} of District {BIKANER} to Sub district {Bajju} of District {BIKANER}"
69450,Phulasar Bara,,6913,Bajju,00533600,069450,I,,,2025-06-03,2025-07-18,15,"Villages  {11 S.M.D. (MOOMBALA),17 KWD,1 CDY JAGAT SINGH PURA etc...} has  been shifted from Subdistrict {Kolayat} of District {BIKANER} to Sub district {Bajju} of District {BIKANER}"
69451,Phulasar Chhota,,6913,Bajju,00533700,069451,I,,,2025-06-03,2025-07-16,8,"Villages  {11 S.M.D. (MOOMBALA),17 KWD,1 CDY JAGAT SINGH PURA etc...} has  been shifted from Subdistrict {Kolayat} of District {BIKANER} to Sub district {Bajju} of District {BIKANER}"
69452,Narayansar,,6913,Bajju,00533800,069452,I,,,2025-06-03,2025-07-17,9,"Villages  {11 S.M.D. (MOOMBALA),17 KWD,1 CDY JAGAT SINGH PURA etc...} has  been shifted from Subdistrict {Kolayat} of District {BIKANER} to Sub district {Bajju} of District {BIKANER}"
69453,Beekampur,,6913,Bajju,00533900,069453,I,,,2025-06-03,2025-07-18,16,"Villages  {11 S.M.D. (MOOMBALA),17 KWD,1 CDY JAGAT SINGH PURA etc...} has  been shifted from Subdistrict {Kolayat} of District {BIKANER} to Sub district {Bajju} of District {BIKANER}"
69454,Gogariyawala,,6913,Bajju,00534000,069454,I,,,2025-06-03,2025-07-18,15,"Villages  {11 S.M.D. (MOOMBALA),17 KWD,1 CDY JAGAT SINGH PURA etc...} has  been shifted from Subdistrict {Kolayat} of District {BIKANER} to Sub district {Bajju} of District {BIKANER}"
69455,Sukhpura,,6913,Bajju,00534000,069455,I,,,2025-06-03,2025-07-16,5,"Villages  {11 S.M.D. (MOOMBALA),17 KWD,1 CDY JAGAT SINGH PURA etc...} has  been shifted from Subdistrict {Kolayat} of District {BIKANER} to Sub district {Bajju} of District {BIKANER}"
69456,Mithriya,,6913,Bajju,00534100,069456,I,,,2025-07-20,2025-08-01,20,"Villages  {11 S.M.D. (MOOMBALA),17 KWD,1 CDY JAGAT SINGH PURA etc...} has  been shifted from Subdistrict {Kolayat} of District {BIKANER} to Sub district {Bajju} of District {BIKANER}"
69457,Kudaratiwali Dhani,,6913,Bajju,00534200,069457,I,,,2017-10-09,2020-02-12,2,"Villages  {11 S.M.D. (MOOMBALA),17 KWD,1 CDY JAGAT SINGH PURA etc...} has  been shifted from Subdistrict {Kolayat} of District {BIKANER} to Sub district {Bajju} of District {BIKANER}"
69458,Kolasar (West),,6913,Bajju,00534300,069458,I,,,2025-07-20,2025-08-05,17,"Villages  {11 S.M.D. (MOOMBALA),17 KWD,1 CDY JAGAT SINGH PURA etc...} has  been shifted from Subdistrict {Kolayat} of District {BIKANER} to Sub district {Bajju} of District {BIKANER}"
69459,Pabusar (West),,6913,Bajju,00534400,069459,I,,,2017-10-09,2020-02-12,2,"Villages  {11 S.M.D. (MOOMBALA),17 KWD,1 CDY JAGAT SINGH PURA etc...} has  been shifted from Subdistrict {Kolayat} of District {BIKANER} to Sub district {Bajju} of District {BIKANER}"
69460,Dadoo Ka Gaon,,6913,Bajju,00534500,069460,I,,,2017-10-09,2020-02-12,2,"Villages  {11 S.M.D. (MOOMBALA),17 KWD,1 CDY JAGAT SINGH PURA etc...} has  been shifted from Subdistrict {Kolayat} of District {BIKANER} to Sub district {Bajju} of District {BIKANER}"
69461,Sevda,,6913,Bajju,00534600,069461,I,,,2025-07-20,2025-08-04,16,"Villages  {11 S.M.D. (MOOMBALA),17 KWD,1 CDY JAGAT SINGH PURA etc...} has  been shifted from Subdistrict {Kolayat} of District {BIKANER} to Sub district {Bajju} of District {BIKANER}"
69462,Medi Ka Magar,,6913,Bajju,00534600,069462,I,,,2025-07-20,2025-08-01,14,"Villages  {11 S.M.D. (MOOMBALA),17 KWD,1 CDY JAGAT SINGH PURA etc...} has  been shifted from Subdistrict {Kolayat} of District {BIKANER} to Sub district {Bajju} of District {BIKANER}"
69463,Bera Dedawatan,,6913,Bajju,00534700,069463,I,,,2017-10-09,2020-02-12,2,"Villages  {11 S.M.D. (MOOMBALA),17 KWD,1 CDY JAGAT SINGH PURA etc...} has  been shifted from Subdistrict {Kolayat} of District {BIKANER} to Sub district {Bajju} of District {BIKANER}"
69464,Nagrasar,,6913,Bajju,00534800,069464,I,,,2025-07-20,2025-08-01,16,"Villages  {11 S.M.D. (MOOMBALA),17 KWD,1 CDY JAGAT SINGH PURA etc...} has  been shifted from Subdistrict {Kolayat} of District {BIKANER} to Sub district {Bajju} of District {BIKANER}"
69473,Grandhi,,6913,Bajju,00535700,069473,I,,,2025-03-19,2026-02-12,3,"Villages  {11 S.M.D. (MOOMBALA),17 KWD,1 CDY JAGAT SINGH PURA etc...} has  been shifted from Subdistrict {Kolayat} of District {BIKANER} to Sub district {Bajju} of District {BIKANER}"
914706,Fatuwala,,6913,Bajju,,000000,I,,,2017-10-09,2020-02-12,2,"Villages  {11 S.M.D. (MOOMBALA),17 KWD,1 CDY JAGAT SINGH PURA etc...} has  been shifted from Subdistrict {Kolayat} of District {BIKANER} to Sub district {Bajju} of District {BIKANER}"
914707,5 Gwm,,6913,Bajju,,000000,I,,,2017-10-09,2020-02-12,2,"Villages  {11 S.M.D. (MOOMBALA),17 KWD,1 CDY JAGAT SINGH PURA etc...} has  been shifted from Subdistrict {Kolayat} of District {BIKANER} to Sub district {Bajju} of District {BIKANER}"
914709,17 Kwd,,6913,Bajju,,000000,I,,,2017-10-09,2020-02-12,2,"Villages  {11 S.M.D. (MOOMBALA),17 KWD,1 CDY JAGAT SINGH PURA etc...} has  been shifted from Subdistrict {Kolayat} of District {BIKANER} to Sub district {Bajju} of District {BIKANER}"
914711,Gahlot Nagar,,6913,Bajju,,000000,I,,,2025-07-20,2025-07-30,4,"Villages  {11 S.M.D. (MOOMBALA),17 KWD,1 CDY JAGAT SINGH PURA etc...} has  been shifted from Subdistrict {Kolayat} of District {BIKANER} to Sub district {Bajju} of District {BIKANER}"
914715,Netawato Ki Dhani,,6913,Bajju,,000000,I,,,2017-10-09,2020-02-12,2,"Villages  {11 S.M.D. (MOOMBALA),17 KWD,1 CDY JAGAT SINGH PURA etc...} has  been shifted from Subdistrict {Kolayat} of District {BIKANER} to Sub district {Bajju} of District {BIKANER}"
914716,Sofra Nagar,,6913,Bajju,,000000,I,,,2025-07-20,2025-07-31,7,"Villages  {11 S.M.D. (MOOMBALA),17 KWD,1 CDY JAGAT SINGH PURA etc...} has  been shifted from Subdistrict {Kolayat} of District {BIKANER} to Sub district {Bajju} of District {BIKANER}"
914717,Mehtabpura,,6913,Bajju,,000000,I,,,2017-10-09,2020-02-12,2,"Villages  {11 S.M.D. (MOOMBALA),17 KWD,1 CDY JAGAT SINGH PURA etc...} has  been shifted from Subdistrict {Kolayat} of District {BIKANER} to Sub district {Bajju} of District {BIKANER}"
925988,Hanumanpura ( Chak 2 Psm1),हनुमानपुरा (चक 2 पीएसम 1),6913,Bajju,,000000,I,,,2025-06-03,2025-07-10,3,"Villages  {11 S.M.D. (MOOMBALA),17 KWD,1 CDY JAGAT SINGH PURA etc...} has  been shifted from Subdistrict {Kolayat} of District {BIKANER} to Sub district {Bajju} of District {BIKANER}"
925989,7 Gwm (Lalpuri),7 जीडब्लूडी (लालपुरी),6913,Bajju,,000000,I,,,2025-06-03,2025-07-10,3,"Villages  {11 S.M.D. (MOOMBALA),17 KWD,1 CDY JAGAT SINGH PURA etc...} has  been shifted from Subdistrict {Kolayat} of District {BIKANER} to Sub district {Bajju} of District {BIKANER}"
925990,Bikolai,बिकोलाई,6913,Bajju,,000000,I,,,2017-10-09,2020-02-12,2,"Villages  {11 S.M.D. (MOOMBALA),17 KWD,1 CDY JAGAT SINGH PURA etc...} has  been shifted from Subdistrict {Kolayat} of District {BIKANER} to Sub district {Bajju} of District {BIKANER}"
925991,Shri Bhawani Meharpura,श्री भवानी मेहरपुरा,6913,Bajju,,000000,I,,,2017-10-09,2020-02-12,2,"Villages  {11 S.M.D. (MOOMBALA),17 KWD,1 CDY JAGAT SINGH PURA etc...} has  been shifted from Subdistrict {Kolayat} of District {BIKANER} to Sub district {Bajju} of District {BIKANER}"
925992,Khiyera (25 Kwd),खियेरा (25 के. डब्लु. डी),6913,Bajju,,000000,I,,,2017-10-09,2020-02-12,2,"Villages  {11 S.M.D. (MOOMBALA),17 KWD,1 CDY JAGAT SINGH PURA etc...} has  been shifted from Subdistrict {Kolayat} of District {BIKANER} to Sub district {Bajju} of District {BIKANER}"
952540,Akhusar Barani - 7 Ady A,अखुसर बारानी - 7 एडीवाई ए,6913,Bajju,,000000,U,,,2025-06-03,2025-07-02,1,"Villages  {11 S.M.D. (MOOMBALA),17 KWD,1 CDY JAGAT SINGH PURA etc...} has  been shifted from Subdistrict {Kolayat} of District {BIKANER} to Sub district {Bajju} of District {BIKANER}"
952541,Annewala Barani 18-19 Bsm,अन्नेवाला बारानी-18 19 बीएसएम,6913,Bajju,,000000,U,,,2025-06-03,2025-07-02,1,"Villages  {11 S.M.D. (MOOMBALA),17 KWD,1 CDY JAGAT SINGH PURA etc...} has  been shifted from Subdistrict {Kolayat} of District {BIKANER} to Sub district {Bajju} of District {BIKANER}"
952542,Bajju Khalsa - 1Mtrm,बज्जू खालसा - 1 एमटीआरएम,6913,Bajju,,000000,U,,,2025-06-03,2025-07-02,1,"Villages  {11 S.M.D. (MOOMBALA),17 KWD,1 CDY JAGAT SINGH PURA etc...} has  been shifted from Subdistrict {Kolayat} of District {BIKANER} to Sub district {Bajju} of District {BIKANER}"
952543,Bajju Tejupura - 8-9 Bjm,बज्जू तेजपुरा - 8-9 बीजेएम,6913,Bajju,,000000,U,,,2025-06-03,2025-07-02,1,"Villages  {11 S.M.D. (MOOMBALA),17 KWD,1 CDY JAGAT SINGH PURA etc...} has  been shifted from Subdistrict {Kolayat} of District {BIKANER} to Sub district {Bajju} of District {BIKANER}"
952544,Bandhali - 2 Gm Bandli,बन्धली - 2 GM बन्धली,6913,Bajju,,000000,U,,,2025-06-03,2025-07-02,1,"Villages  {11 S.M.D. (MOOMBALA),17 KWD,1 CDY JAGAT SINGH PURA etc...} has  been shifted from Subdistrict {Kolayat} of District {BIKANER} to Sub district {Bajju} of District {BIKANER}"
952545,Bangarsar - 1 Bjm,बांगड़सर - 1 बीजेएम,6913,Bajju,,000000,U,,,2025-06-03,2025-07-02,1,"Villages  {11 S.M.D. (MOOMBALA),17 KWD,1 CDY JAGAT SINGH PURA etc...} has  been shifted from Subdistrict {Kolayat} of District {BIKANER} to Sub district {Bajju} of District {BIKANER}"
952546,Barsalpur - 9 Blm,बरसलपुर - 9 बीएलएम,6913,Bajju,,000000,U,,,2025-06-03,2025-07-02,1,"Villages  {11 S.M.D. (MOOMBALA),17 KWD,1 CDY JAGAT SINGH PURA etc...} has  been shifted from Subdistrict {Kolayat} of District {BIKANER} to Sub district {Bajju} of District {BIKANER}"
952584,Annewala Barani - 21 Bsm,अन्नेवाला बारानी - 21 बीएसएम,6913,Bajju,,000000,U,,,2025-06-03,2025-07-02,1,"Villages  {11 S.M.D. (MOOMBALA),17 KWD,1 CDY JAGAT SINGH PURA etc...} has  been shifted from Subdistrict {Kolayat} of District {BIKANER} to Sub district {Bajju} of District {BIKANER}"
952585,Barsalpur - 10 Blm,बरसलपुर - 10 बीएलएम,6913,Bajju,,000000,U,,,2025-06-03,2025-07-02,1,"Villages  {11 S.M.D. (MOOMBALA),17 KWD,1 CDY JAGAT SINGH PURA etc...} has  been shifted from Subdistrict {Kolayat} of District {BIKANER} to Sub district {Bajju} of District {BIKANER}"
952586,Bangarsar - 1 Dobb,बांगड़सर - 1 बीजेएम,6913,Bajju,,000000,U,,,2025-06-03,2025-07-02,1,"Villages  {11 S.M.D. (MOOMBALA),17 KWD,1 CDY JAGAT SINGH PURA etc...} has  been shifted from Subdistrict {Kolayat} of District {BIKANER} to Sub district {Bajju} of District {BIKANER}"
952587,Bajju Khalsa - 2 Bjm,बज्जू खालसा - 2 बीजेएम,6913,Bajju,,000000,U,,,2025-06-03,2025-07-02,1,"Villages  {11 S.M.D. (MOOMBALA),17 KWD,1 CDY JAGAT SINGH PURA etc...} has  been shifted from Subdistrict {Kolayat} of District {BIKANER} to Sub district {Bajju} of District {BIKANER}"
952588,Akhusar Barani - 8 Ady,अखुसर बारानी - 8 एडीवाई,6913,Bajju,,000000,U,,,2025-06-03,2025-07-02,1,"Villages  {11 S.M.D. (MOOMBALA),17 KWD,1 CDY JAGAT SINGH PURA etc...} has  been shifted from Subdistrict {Kolayat} of District {BIKANER} to Sub district {Bajju} of District {BIKANER}"
952589,Tanwarewala - 1 Twsm,तंवरेवाला - 1 टीडब्लूएसएम,6913,Bajju,,000000,U,,,2025-06-03,2025-07-03,1,"Villages  {11 S.M.D. (MOOMBALA),17 KWD,1 CDY JAGAT SINGH PURA etc...} has  been shifted from Subdistrict {Kolayat} of District {BIKANER} to Sub district {Bajju} of District {BIKANER}"
952592,Sukhpura - 3 Gwm,सुखपुरा - 3 जीडब्लूएम,6913,Bajju,,000000,U,,,2025-06-03,2025-07-03,1,"Villages  {11 S.M.D. (MOOMBALA),17 KWD,1 CDY JAGAT SINGH PURA etc...} has  been shifted from Subdistrict {Kolayat} of District {BIKANER} to Sub district {Bajju} of District {BIKANER}"
952595,Sheruwala - 2 Shm,शेरूवाला- 2 एसएचएम,6913,Bajju,,000000,U,,,2025-06-03,2025-07-03,1,"Villages  {11 S.M.D. (MOOMBALA),17 KWD,1 CDY JAGAT SINGH PURA etc...} has  been shifted from Subdistrict {Kolayat} of District {BIKANER} to Sub district {Bajju} of District {BIKANER}"
952596,Shastrinagar - 5 Gm Cad,शास्त्रीनगर - 5 जीएम (सीएडी),6913,Bajju,,000000,U,,,2025-06-03,2025-07-03,1,"Villages  {11 S.M.D. (MOOMBALA),17 KWD,1 CDY JAGAT SINGH PURA etc...} has  been shifted from Subdistrict {Kolayat} of District {BIKANER} to Sub district {Bajju} of District {BIKANER}"
952597,Sanchubarani - 8 Mrm A,साँचु बारानी - 8 एमआरएम ए,6913,Bajju,,000000,U,,,2025-06-03,2025-07-03,1,"Villages  {11 S.M.D. (MOOMBALA),17 KWD,1 CDY JAGAT SINGH PURA etc...} has  been shifted from Subdistrict {Kolayat} of District {BIKANER} to Sub district {Bajju} of District {BIKANER}"
952599,Sadolai - 7 Gm (Gokul Minor),सादोलाई - 7 जी एम (गोकुल माइनर),6913,Bajju,,000000,U,,,2025-06-03,2025-07-03,1,"Villages  {11 S.M.D. (MOOMBALA),17 KWD,1 CDY JAGAT SINGH PURA etc...} has  been shifted from Subdistrict {Kolayat} of District {BIKANER} to Sub district {Bajju} of District {BIKANER}"
952601,Rawlotan Ka Tala - 15 Psm 1,रावलोतान का तला-15 पीएसएम 1,6913,Bajju,,000000,U,,,2025-06-03,2025-07-03,1,"Villages  {11 S.M.D. (MOOMBALA),17 KWD,1 CDY JAGAT SINGH PURA etc...} has  been shifted from Subdistrict {Kolayat} of District {BIKANER} to Sub district {Bajju} of District {BIKANER}"
952751,Raowala - 1 Ady,राववाला - 1 एडीवाई,6913,Bajju,,000000,U,,,2025-06-03,2025-07-08,1,"Villages  {11 S.M.D. (MOOMBALA),17 KWD,1 CDY JAGAT SINGH PURA etc...} has  been shifted from Subdistrict {Kolayat} of District {BIKANER} to Sub district {Bajju} of District {BIKANER}"
952752,Ranjeetpura - 5 Mwm,रणजीतपुरा - 5 एमडब्ल्यूएम,6913,Bajju,,000000,U,,,2025-06-03,2025-07-08,1,"Villages  {11 S.M.D. (MOOMBALA),17 KWD,1 CDY JAGAT SINGH PURA etc...} has  been shifted from Subdistrict {Kolayat} of District {BIKANER} to Sub district {Bajju} of District {BIKANER}"
952757,Puranwala - 2 Mdm B,पूर्णवालाबेरा - 2 एमडीएम बी,6913,Bajju,,000000,U,,,2025-06-03,2025-07-08,1,"Villages  {11 S.M.D. (MOOMBALA),17 KWD,1 CDY JAGAT SINGH PURA etc...} has  been shifted from Subdistrict {Kolayat} of District {BIKANER} to Sub district {Bajju} of District {BIKANER}"
952833,Phulasar Bara - 5 Psd,फुलासरबड़ा - 5 पीएसडी,6913,Bajju,,000000,U,,,2025-06-03,2025-07-10,1,"Villages  {11 S.M.D. (MOOMBALA),17 KWD,1 CDY JAGAT SINGH PURA etc...} has  been shifted from Subdistrict {Kolayat} of District {BIKANER} to Sub district {Bajju} of District {BIKANER}"
952835,Panwarwala 4Pwm,पंवारवाला 4 पीडब्लूएम,6913,Bajju,,000000,U,,,2025-06-03,2025-07-10,1,"Villages  {11 S.M.D. (MOOMBALA),17 KWD,1 CDY JAGAT SINGH PURA etc...} has  been shifted from Subdistrict {Kolayat} of District {BIKANER} to Sub district {Bajju} of District {BIKANER}"
952837,Nasuma - 9 Twm,नसूमा - 9 टीडब्लूएम,6913,Bajju,,000000,U,,,2025-06-03,2025-07-10,1,"Villages  {11 S.M.D. (MOOMBALA),17 KWD,1 CDY JAGAT SINGH PURA etc...} has  been shifted from Subdistrict {Kolayat} of District {BIKANER} to Sub district {Bajju} of District {BIKANER}"
952838,Narayansar - 1 Khd,नारायणसर - 1 केएचडी,6913,Bajju,,000000,U,,,2025-06-03,2025-07-10,1,"Villages  {11 S.M.D. (MOOMBALA),17 KWD,1 CDY JAGAT SINGH PURA etc...} has  been shifted from Subdistrict {Kolayat} of District {BIKANER} to Sub district {Bajju} of District {BIKANER}"
952839,Moosewala - 18 Bsd,मूसेवाला - 18 बीएसडी,6913,Bajju,,000000,U,,,2025-06-03,2025-07-10,1,"Villages  {11 S.M.D. (MOOMBALA),17 KWD,1 CDY JAGAT SINGH PURA etc...} has  been shifted from Subdistrict {Kolayat} of District {BIKANER} to Sub district {Bajju} of District {BIKANER}"
952840,Modiya - 1 Twm,मोडिया - 1 टीडब्लूएम,6913,Bajju,,000000,U,,,2025-06-03,2025-07-10,1,"Villages  {11 S.M.D. (MOOMBALA),17 KWD,1 CDY JAGAT SINGH PURA etc...} has  been shifted from Subdistrict {Kolayat} of District {BIKANER} to Sub district {Bajju} of District {BIKANER}"
952841,Modayat - 2 Mdm A,मोडायत - 2 एमडीएम ए,6913,Bajju,,000000,U,,,2025-06-03,2025-07-10,1,"Villages  {11 S.M.D. (MOOMBALA),17 KWD,1 CDY JAGAT SINGH PURA etc...} has  been shifted from Subdistrict {Kolayat} of District {BIKANER} to Sub district {Bajju} of District {BIKANER}"
952842,Mithriya - 945 A Rd,मिठडीया - 945 A आरडी,6913,Bajju,,000000,U,,,2025-06-03,2025-07-10,1,"Villages  {11 S.M.D. (MOOMBALA),17 KWD,1 CDY JAGAT SINGH PURA etc...} has  been shifted from Subdistrict {Kolayat} of District {BIKANER} to Sub district {Bajju} of District {BIKANER}"
952843,Miranwala - 10 Mgm,मिरणवाला - 10 एमजीएम,6913,Bajju,,000000,U,,,2025-06-03,2025-07-10,1,"Villages  {11 S.M.D. (MOOMBALA),17 KWD,1 CDY JAGAT SINGH PURA etc...} has  been shifted from Subdistrict {Kolayat} of District {BIKANER} to Sub district {Bajju} of District {BIKANER}"
952845,Meghji Ka Tala - 5 Hlm,मेघजी का तला - 5 एचएलएम,6913,Bajju,,000000,U,,,2025-06-03,2025-07-10,1,"Villages  {11 S.M.D. (MOOMBALA),17 KWD,1 CDY JAGAT SINGH PURA etc...} has  been shifted from Subdistrict {Kolayat} of District {BIKANER} to Sub district {Bajju} of District {BIKANER}"
952846,Mankasar - 5-6 Pwm,माणकासर - 5-6 पीडब्लूएम,6913,Bajju,,000000,U,,,2025-06-03,2025-07-10,1,"Villages  {11 S.M.D. (MOOMBALA),17 KWD,1 CDY JAGAT SINGH PURA etc...} has  been shifted from Subdistrict {Kolayat} of District {BIKANER} to Sub district {Bajju} of District {BIKANER}"
952847,Maganwala - 11 Mgm,मगनवाला - 11 एमजीएम,6913,Bajju,,000000,U,,,2025-06-03,2025-07-10,1,"Villages  {11 S.M.D. (MOOMBALA),17 KWD,1 CDY JAGAT SINGH PURA etc...} has  been shifted from Subdistrict {Kolayat} of District {BIKANER} to Sub district {Bajju} of District {BIKANER}"
952850,Kehrali -2 Hlm,केहरली - 2 एचएलएम,6913,Bajju,,000000,U,,,2025-06-03,2025-07-10,1,"Villages  {11 S.M.D. (MOOMBALA),17 KWD,1 CDY JAGAT SINGH PURA etc...} has  been shifted from Subdistrict {Kolayat} of District {BIKANER} to Sub district {Bajju} of District {BIKANER}"
952851,Kayamwala 1-2 Bsmr,कायमवाला 1-2 बीएसएमआर,6913,Bajju,,000000,U,,,2025-06-03,2025-07-10,1,"Villages  {11 S.M.D. (MOOMBALA),17 KWD,1 CDY JAGAT SINGH PURA etc...} has  been shifted from Subdistrict {Kolayat} of District {BIKANER} to Sub district {Bajju} of District {BIKANER}"
952852,Karnisar - 7 Mgm,करणीसर - 7 एमजीएम,6913,Bajju,,000000,U,,,2025-06-03,2025-07-10,1,"Villages  {11 S.M.D. (MOOMBALA),17 KWD,1 CDY JAGAT SINGH PURA etc...} has  been shifted from Subdistrict {Kolayat} of District {BIKANER} to Sub district {Bajju} of District {BIKANER}"
952854,Kandharli - 8 Gmr,काँधरली - 8 जीएमआर,6913,Bajju,,000000,U,,,2025-06-03,2025-07-10,1,"Villages  {11 S.M.D. (MOOMBALA),17 KWD,1 CDY JAGAT SINGH PURA etc...} has  been shifted from Subdistrict {Kolayat} of District {BIKANER} to Sub district {Bajju} of District {BIKANER}"
952855,Kabrewala Barani - 14 Bsm,कब्रेवाला बारानी - 14 बीएसएम,6913,Bajju,,000000,U,,,2025-06-03,2025-07-10,1,"Villages  {11 S.M.D. (MOOMBALA),17 KWD,1 CDY JAGAT SINGH PURA etc...} has  been shifted from Subdistrict {Kolayat} of District {BIKANER} to Sub district {Bajju} of District {BIKANER}"
952856,Jugatsinghpura - 1Dobba (1Cdy),जुगतसिहपूरा - 1 डीओबीबीए (1CDY),6913,Bajju,,000000,U,,,2025-06-03,2025-07-10,1,"Villages  {11 S.M.D. (MOOMBALA),17 KWD,1 CDY JAGAT SINGH PURA etc...} has  been shifted from Subdistrict {Kolayat} of District {BIKANER} to Sub district {Bajju} of District {BIKANER}"
952859,Jaggasar - 4Jm,जग्गासर - 4 जेएम ,6913,Bajju,,000000,U,,,2025-06-03,2025-07-10,1,"Villages  {11 S.M.D. (MOOMBALA),17 KWD,1 CDY JAGAT SINGH PURA etc...} has  been shifted from Subdistrict {Kolayat} of District {BIKANER} to Sub district {Bajju} of District {BIKANER}"
952860,Jaganwala - 1 Am,जागणवाला - 1 एएम,6913,Bajju,,000000,U,,,2025-06-03,2025-07-10,1,"Villages  {11 S.M.D. (MOOMBALA),17 KWD,1 CDY JAGAT SINGH PURA etc...} has  been shifted from Subdistrict {Kolayat} of District {BIKANER} to Sub district {Bajju} of District {BIKANER}"
952868,Hanumanpura 2 Psm 1-2 Psm 1 Ignp,हनुमानपुरा 2पीएसएम प्रथम-2 पीएसएम प्रथम (आईजीएनपी,6913,Bajju,,000000,U,,,2025-06-03,2025-07-10,1,"Villages  {11 S.M.D. (MOOMBALA),17 KWD,1 CDY JAGAT SINGH PURA etc...} has  been shifted from Subdistrict {Kolayat} of District {BIKANER} to Sub district {Bajju} of District {BIKANER}"
952869,Gulamwala - 5 Dm A,गुलामवाला - 5 डीएम ए,6913,Bajju,,000000,U,,,2025-06-03,2025-07-10,1,"Villages  {11 S.M.D. (MOOMBALA),17 KWD,1 CDY JAGAT SINGH PURA etc...} has  been shifted from Subdistrict {Kolayat} of District {BIKANER} to Sub district {Bajju} of District {BIKANER}"
952870,Gokul - 8 Gm,गोकुल - 8 जीएम,6913,Bajju,,000000,U,,,2025-06-03,2025-07-10,1,"Villages  {11 S.M.D. (MOOMBALA),17 KWD,1 CDY JAGAT SINGH PURA etc...} has  been shifted from Subdistrict {Kolayat} of District {BIKANER} to Sub district {Bajju} of District {BIKANER}"
952872,Gogariyawala - 4 Nsm,गोगड़ियावाला - 4 एनएसएम,6913,Bajju,,000000,U,,,2025-06-03,2025-07-10,1,"Villages  {11 S.M.D. (MOOMBALA),17 KWD,1 CDY JAGAT SINGH PURA etc...} has  been shifted from Subdistrict {Kolayat} of District {BIKANER} to Sub district {Bajju} of District {BIKANER}"
952873,Godoo - 9 Gmr,गोडु - 9 जीएमआर,6913,Bajju,,000000,U,,,2025-06-03,2025-07-10,1,"Villages  {11 S.M.D. (MOOMBALA),17 KWD,1 CDY JAGAT SINGH PURA etc...} has  been shifted from Subdistrict {Kolayat} of District {BIKANER} to Sub district {Bajju} of District {BIKANER}"
952876,Gajjewala - 23 Kwd,गज्जेवाला - 23 केडब्लूडी,6913,Bajju,,000000,U,,,2025-06-03,2025-07-10,1,"Villages  {11 S.M.D. (MOOMBALA),17 KWD,1 CDY JAGAT SINGH PURA etc...} has  been shifted from Subdistrict {Kolayat} of District {BIKANER} to Sub district {Bajju} of District {BIKANER}"
952878,Deriya - 1 Blsm,डेरीया - 1 बीएलएसएम,6913,Bajju,,000000,U,,,2025-06-03,2025-07-10,1,"Villages  {11 S.M.D. (MOOMBALA),17 KWD,1 CDY JAGAT SINGH PURA etc...} has  been shifted from Subdistrict {Kolayat} of District {BIKANER} to Sub district {Bajju} of District {BIKANER}"
952879,Dandkhurd - 8 Dm,दण्डखुर्द - 8 डीएम,6913,Bajju,,000000,U,,,2025-06-03,2025-07-10,1,"Villages  {11 S.M.D. (MOOMBALA),17 KWD,1 CDY JAGAT SINGH PURA etc...} has  been shifted from Subdistrict {Kolayat} of District {BIKANER} to Sub district {Bajju} of District {BIKANER}"
952880,Dandkala - 5 Gm (A),दंडकला - 5 जीएम (ए),6913,Bajju,,000000,U,,,2025-06-03,2025-07-10,1,"Villages  {11 S.M.D. (MOOMBALA),17 KWD,1 CDY JAGAT SINGH PURA etc...} has  been shifted from Subdistrict {Kolayat} of District {BIKANER} to Sub district {Bajju} of District {BIKANER}"
952881,Chheela Kashmir - 2 Km,छीला कश्मीर - 2 के एम,6913,Bajju,,000000,U,,,2025-06-03,2025-07-10,1,"Villages  {11 S.M.D. (MOOMBALA),17 KWD,1 CDY JAGAT SINGH PURA etc...} has  been shifted from Subdistrict {Kolayat} of District {BIKANER} to Sub district {Bajju} of District {BIKANER}"
952884,Bikendri - 1 Kwm (Old),बिकेन्द्री - 1 केडब्लूएम (ओल्ड),6913,Bajju,,000000,U,,,2025-06-03,2025-07-10,1,"Villages  {11 S.M.D. (MOOMBALA),17 KWD,1 CDY JAGAT SINGH PURA etc...} has  been shifted from Subdistrict {Kolayat} of District {BIKANER} to Sub district {Bajju} of District {BIKANER}"
952894,Bikampur - 1 Bkm,बीकमपुर - 1 बीकेएम,6913,Bajju,,000000,U,,,2025-06-03,2025-07-10,1,"Villages  {11 S.M.D. (MOOMBALA),17 KWD,1 CDY JAGAT SINGH PURA etc...} has  been shifted from Subdistrict {Kolayat} of District {BIKANER} to Sub district {Bajju} of District {BIKANER}"
952895,Bijeri -1 Shm 19 Bm,बिजेरी - 1 एसएचएम 19 बीएम,6913,Bajju,,000000,U,,,2025-06-03,2025-07-10,1,"Villages  {11 S.M.D. (MOOMBALA),17 KWD,1 CDY JAGAT SINGH PURA etc...} has  been shifted from Subdistrict {Kolayat} of District {BIKANER} to Sub district {Bajju} of District {BIKANER}"
952896,Bhurasar - 25 Mgm,भूरासर - 25 एमजीएम,6913,Bajju,,000000,U,,,2025-06-03,2025-07-10,1,"Villages  {11 S.M.D. (MOOMBALA),17 KWD,1 CDY JAGAT SINGH PURA etc...} has  been shifted from Subdistrict {Kolayat} of District {BIKANER} to Sub district {Bajju} of District {BIKANER}"
952897,Bhiyewala - 1 Bdm,भियेवाला - 1 बीडीएम,6913,Bajju,,000000,U,,,2025-06-03,2025-07-10,1,"Villages  {11 S.M.D. (MOOMBALA),17 KWD,1 CDY JAGAT SINGH PURA etc...} has  been shifted from Subdistrict {Kolayat} of District {BIKANER} to Sub district {Bajju} of District {BIKANER}"
952898,Bhatiyon Ki Dhani - 1 Gm,भाटियों की ढाणी - 1 जीएम,6913,Bajju,,000000,U,,,2025-06-03,2025-07-10,1,"Villages  {11 S.M.D. (MOOMBALA),17 KWD,1 CDY JAGAT SINGH PURA etc...} has  been shifted from Subdistrict {Kolayat} of District {BIKANER} to Sub district {Bajju} of District {BIKANER}"
952899,Bhaloori - 1 Tm,भलूरी - 1 टीएम ,6913,Bajju,,000000,U,,,2025-06-03,2025-07-10,1,"Villages  {11 S.M.D. (MOOMBALA),17 KWD,1 CDY JAGAT SINGH PURA etc...} has  been shifted from Subdistrict {Kolayat} of District {BIKANER} to Sub district {Bajju} of District {BIKANER}"
952901,Beresar - 8 Mdm,बेरासर - 8 एमडीएम,6913,Bajju,,000000,U,,,2025-06-03,2025-07-10,1,"Villages  {11 S.M.D. (MOOMBALA),17 KWD,1 CDY JAGAT SINGH PURA etc...} has  been shifted from Subdistrict {Kolayat} of District {BIKANER} to Sub district {Bajju} of District {BIKANER}"
952914,7 Gwm Lalpuri - 7 Gwm A,7 GWM लालपुरी-7 जीडब्लूएम ए,6913,Bajju,,000000,U,,,2025-06-03,2025-07-10,1,"Villages  {11 S.M.D. (MOOMBALA),17 KWD,1 CDY JAGAT SINGH PURA etc...} has  been shifted from Subdistrict {Kolayat} of District {BIKANER} to Sub district {Bajju} of District {BIKANER}"
952917,6/8 Am Santosh Nagar - 6 Am,6/8 एएम सन्तोष नगर- 6 एएम,6913,Bajju,,000000,U,,,2025-06-03,2025-07-10,1,"Villages  {11 S.M.D. (MOOMBALA),17 KWD,1 CDY JAGAT SINGH PURA etc...} has  been shifted from Subdistrict {Kolayat} of District {BIKANER} to Sub district {Bajju} of District {BIKANER}"
952923,6-7 Am I - 8 Am 1,6-7 AM I - 8 एएम प्रथम,6913,Bajju,,000000,U,,,2025-06-03,2025-07-10,1,"Villages  {11 S.M.D. (MOOMBALA),17 KWD,1 CDY JAGAT SINGH PURA etc...} has  been shifted from Subdistrict {Kolayat} of District {BIKANER} to Sub district {Bajju} of District {BIKANER}"
952933,1 Blm (2 Blm Naya Gaon),2 बीएलएम नया गांव - 1 बीएलएम,6913,Bajju,,000000,U,,,2025-06-03,2025-07-10,1,"Villages  {11 S.M.D. (MOOMBALA),17 KWD,1 CDY JAGAT SINGH PURA etc...} has  been shifted from Subdistrict {Kolayat} of District {BIKANER} to Sub district {Bajju} of District {BIKANER}"
952938,20 Smd -22 Smd,20 SMD - 22 एसएमडी,6913,Bajju,,000000,U,,,2025-06-03,2025-07-10,1,"Villages  {11 S.M.D. (MOOMBALA),17 KWD,1 CDY JAGAT SINGH PURA etc...} has  been shifted from Subdistrict {Kolayat} of District {BIKANER} to Sub district {Bajju} of District {BIKANER}"
952946,Bharatsinghpura -13 Cwb,भारतसिहपुरा - 13 सीडब्लूबी,6913,Bajju,,000000,U,,,2025-06-03,2025-07-10,1,"Villages  {11 S.M.D. (MOOMBALA),17 KWD,1 CDY JAGAT SINGH PURA etc...} has  been shifted from Subdistrict {Kolayat} of District {BIKANER} to Sub district {Bajju} of District {BIKANER}"
952948,Charanwala - 14 Cwb,चारणवाला - 14 सीडब्लुबी,6913,Bajju,,000000,U,,,2025-06-03,2025-07-10,1,"Villages  {11 S.M.D. (MOOMBALA),17 KWD,1 CDY JAGAT SINGH PURA etc...} has  been shifted from Subdistrict {Kolayat} of District {BIKANER} to Sub district {Bajju} of District {BIKANER}"
952950,Ganpatpura -17 Cwb,गणपतपुरा - 17 सीडब्लूबी,6913,Bajju,,000000,U,,,2025-06-03,2025-07-10,1,"Villages  {11 S.M.D. (MOOMBALA),17 KWD,1 CDY JAGAT SINGH PURA etc...} has  been shifted from Subdistrict {Kolayat} of District {BIKANER} to Sub district {Bajju} of District {BIKANER}"
952953,Phulasar Chota -1 Khd A,फूलासरछोटा - 1 केएचडी ए,6913,Bajju,,000000,U,,,2025-06-03,2025-07-10,1,"Villages  {11 S.M.D. (MOOMBALA),17 KWD,1 CDY JAGAT SINGH PURA etc...} has  been shifted from Subdistrict {Kolayat} of District {BIKANER} to Sub district {Bajju} of District {BIKANER}"
953080,Phulasar Chota - 2 Cwb,फूलासरछोटा -2 सीडब्‍लूबी,6913,Bajju,,000000,U,,,2025-06-03,2025-07-14,1,"Villages  {11 S.M.D. (MOOMBALA),17 KWD,1 CDY JAGAT SINGH PURA etc...} has  been shifted from Subdistrict {Kolayat} of District {BIKANER} to Sub district {Bajju} of District {BIKANER}"
953082,Bharatsinghpura - 16 Cwb,भारतसिंहपुरा - 16 सीडब्लूबी,6913,Bajju,,000000,U,,,2025-06-03,2025-07-14,1,"Villages  {11 S.M.D. (MOOMBALA),17 KWD,1 CDY JAGAT SINGH PURA etc...} has  been shifted from Subdistrict {Kolayat} of District {BIKANER} to Sub district {Bajju} of District {BIKANER}"
953086,Charanwala - 20 Cwb,चारणवाला - 20 सीडब्लुबी,6913,Bajju,,000000,U,,,2025-06-03,2025-07-14,1,"Villages  {11 S.M.D. (MOOMBALA),17 KWD,1 CDY JAGAT SINGH PURA etc...} has  been shifted from Subdistrict {Kolayat} of District {BIKANER} to Sub district {Bajju} of District {BIKANER}"
953088,Bikampur - 2 Bkm,बीकमपुर - 2 बीकेएम,6913,Bajju,,000000,U,,,2025-06-03,2025-07-14,1,"Villages  {11 S.M.D. (MOOMBALA),17 KWD,1 CDY JAGAT SINGH PURA etc...} has  been shifted from Subdistrict {Kolayat} of District {BIKANER} to Sub district {Bajju} of District {BIKANER}"
953089,Bangarsar - 1 Pwm,बांगड़सर - 1 पीडब्लूएम,6913,Bajju,,000000,U,,,2025-06-03,2025-07-14,1,"Villages  {11 S.M.D. (MOOMBALA),17 KWD,1 CDY JAGAT SINGH PURA etc...} has  been shifted from Subdistrict {Kolayat} of District {BIKANER} to Sub district {Bajju} of District {BIKANER}"
953093,Bajju Khalsa - 2 Bjm,बज्जू खालसा - 2 बीजेएम,6913,Bajju,,000000,U,,,2025-06-03,2025-07-14,1,"Villages  {11 S.M.D. (MOOMBALA),17 KWD,1 CDY JAGAT SINGH PURA etc...} has  been shifted from Subdistrict {Kolayat} of District {BIKANER} to Sub district {Bajju} of District {BIKANER}"
953098,Shashrtinagar - 7 Gm,शास्त्रीनगर - 7 जीएम,6913,Bajju,,000000,U,,,2025-06-03,2025-07-14,1,"Villages  {11 S.M.D. (MOOMBALA),17 KWD,1 CDY JAGAT SINGH PURA etc...} has  been shifted from Subdistrict {Kolayat} of District {BIKANER} to Sub district {Bajju} of District {BIKANER}"
953102,Charanwala - 2 Khm,चारणवाला - 2 केएचएम,6913,Bajju,,000000,U,,,2025-06-03,2025-07-14,1,"Villages  {11 S.M.D. (MOOMBALA),17 KWD,1 CDY JAGAT SINGH PURA etc...} has  been shifted from Subdistrict {Kolayat} of District {BIKANER} to Sub district {Bajju} of District {BIKANER}"
953107,Jugatsinghpura - 2 Dobb (1 Cdy),जुगतसिंहपूरा - 2 डीओबीबी (1 CDY),6913,Bajju,,000000,U,,,2025-06-03,2025-07-14,1,"Villages  {11 S.M.D. (MOOMBALA),17 KWD,1 CDY JAGAT SINGH PURA etc...} has  been shifted from Subdistrict {Kolayat} of District {BIKANER} to Sub district {Bajju} of District {BIKANER}"
953111,Ganpatpura - 18 Cwb,गणपतपुरा - 18 सीडब्लूबी,6913,Bajju,,000000,U,,,2025-06-03,2025-07-14,1,"Villages  {11 S.M.D. (MOOMBALA),17 KWD,1 CDY JAGAT SINGH PURA etc...} has  been shifted from Subdistrict {Kolayat} of District {BIKANER} to Sub district {Bajju} of District {BIKANER}"
953115,Gokul - 3 Rm,गोकुल - 3 आरएम,6913,Bajju,,000000,U,,,2025-06-03,2025-07-14,1,"Villages  {11 S.M.D. (MOOMBALA),17 KWD,1 CDY JAGAT SINGH PURA etc...} has  been shifted from Subdistrict {Kolayat} of District {BIKANER} to Sub district {Bajju} of District {BIKANER}"
953117,Shashtrinagar - 5 Gm (A)Ghera Minor,शास्त्रीनगर - 5 जीएम (घेरा माइनर) ,6913,Bajju,,000000,U,,,2025-06-03,2025-07-14,1,"Villages  {11 S.M.D. (MOOMBALA),17 KWD,1 CDY JAGAT SINGH PURA etc...} has  been shifted from Subdistrict {Kolayat} of District {BIKANER} to Sub district {Bajju} of District {BIKANER}"
953120,15-17 Psd Aabadi,15-17 पीएसडी आबादी,6913,Bajju,,000000,I,,,2025-06-03,2025-07-17,8,"Villages  {11 S.M.D. (MOOMBALA),17 KWD,1 CDY JAGAT SINGH PURA etc...} has  been shifted from Subdistrict {Kolayat} of District {BIKANER} to Sub district {Bajju} of District {BIKANER}"
953124,Meghji Ka Tala - 6 Cd,मेघजी का तला - 6 सीडी,6913,Bajju,,000000,U,,,2025-06-03,2025-07-14,1,"Villages  {11 S.M.D. (MOOMBALA),17 KWD,1 CDY JAGAT SINGH PURA etc...} has  been shifted from Subdistrict {Kolayat} of District {BIKANER} to Sub district {Bajju} of District {BIKANER}"
953125,Gokul - 6 Rm,गोकुल - 6 आरएम,6913,Bajju,,000000,U,,,2025-06-03,2025-07-14,1,"Villages  {11 S.M.D. (MOOMBALA),17 KWD,1 CDY JAGAT SINGH PURA etc...} has  been shifted from Subdistrict {Kolayat} of District {BIKANER} to Sub district {Bajju} of District {BIKANER}"
953128,Sadolai 4 Cm,सादोलाई 4 सीएम,6913,Bajju,,000000,U,,,2025-06-03,2025-07-14,1,"Villages  {11 S.M.D. (MOOMBALA),17 KWD,1 CDY JAGAT SINGH PURA etc...} has  been shifted from Subdistrict {Kolayat} of District {BIKANER} to Sub district {Bajju} of District {BIKANER}"
953132,Dandkala - 3 Gm (Gokul Minor),दंडकला - 3 जीएम (गोकुल माइनर),6913,Bajju,,000000,U,,,2025-06-03,2025-07-14,1,"Villages  {11 S.M.D. (MOOMBALA),17 KWD,1 CDY JAGAT SINGH PURA etc...} has  been shifted from Subdistrict {Kolayat} of District {BIKANER} to Sub district {Bajju} of District {BIKANER}"
953133,Sadolai - 6 Hlm,सादोलाई - 6 एचएलएम,6913,Bajju,,000000,U,,,2025-06-03,2025-07-14,1,"Villages  {11 S.M.D. (MOOMBALA),17 KWD,1 CDY JAGAT SINGH PURA etc...} has  been shifted from Subdistrict {Kolayat} of District {BIKANER} to Sub district {Bajju} of District {BIKANER}"
953136,Gokul - 4 Gm (Gokul Minor),गोकु ल - 4 जीएम (गोकुल माइनर),6913,Bajju,,000000,U,,,2025-06-03,2025-07-14,1,"Villages  {11 S.M.D. (MOOMBALA),17 KWD,1 CDY JAGAT SINGH PURA etc...} has  been shifted from Subdistrict {Kolayat} of District {BIKANER} to Sub district {Bajju} of District {BIKANER}"
953137,Kandharli - 12 Gmr,काँधरली - 12 जीएमआर,6913,Bajju,,000000,U,,,2025-06-03,2025-07-14,1,"Villages  {11 S.M.D. (MOOMBALA),17 KWD,1 CDY JAGAT SINGH PURA etc...} has  been shifted from Subdistrict {Kolayat} of District {BIKANER} to Sub district {Bajju} of District {BIKANER}"
953138,Gokul - 1 Gsm,गोकुल - 1 जीएसएम,6913,Bajju,,000000,U,,,2025-06-03,2025-07-14,1,"Villages  {11 S.M.D. (MOOMBALA),17 KWD,1 CDY JAGAT SINGH PURA etc...} has  been shifted from Subdistrict {Kolayat} of District {BIKANER} to Sub district {Bajju} of District {BIKANER}"
953139,Chheela Kashmir 3Km,छीला कश्मीर - 3 केएम,6913,Bajju,,000000,U,,,2025-06-03,2025-07-14,1,"Villages  {11 S.M.D. (MOOMBALA),17 KWD,1 CDY JAGAT SINGH PURA etc...} has  been shifted from Subdistrict {Kolayat} of District {BIKANER} to Sub district {Bajju} of District {BIKANER}"
953140,10 Blm,बरसलपुर - 10 बीएलएम,6913,Bajju,,000000,U,,,2025-06-03,2025-07-14,1,"Villages  {11 S.M.D. (MOOMBALA),17 KWD,1 CDY JAGAT SINGH PURA etc...} has  been shifted from Subdistrict {Kolayat} of District {BIKANER} to Sub district {Bajju} of District {BIKANER}"
953141,Raowala - 1 Am 1,राववाला - 1 एएमप्रथम,6913,Bajju,,000000,U,,,2025-06-03,2025-07-14,1,"Villages  {11 S.M.D. (MOOMBALA),17 KWD,1 CDY JAGAT SINGH PURA etc...} has  been shifted from Subdistrict {Kolayat} of District {BIKANER} to Sub district {Bajju} of District {BIKANER}"
953142,Raowala - 2-3-4 Am I,राववाला - 2-3-4 एएम प्रथम,6913,Bajju,,000000,U,,,2025-06-03,2025-07-14,1,"Villages  {11 S.M.D. (MOOMBALA),17 KWD,1 CDY JAGAT SINGH PURA etc...} has  been shifted from Subdistrict {Kolayat} of District {BIKANER} to Sub district {Bajju} of District {BIKANER}"
953143,Kandharli - 1 Hlm,कंन्धरली - 1 एचएलएम,6913,Bajju,,000000,U,,,2025-06-03,2025-07-14,1,"Villages  {11 S.M.D. (MOOMBALA),17 KWD,1 CDY JAGAT SINGH PURA etc...} has  been shifted from Subdistrict {Kolayat} of District {BIKANER} to Sub district {Bajju} of District {BIKANER}"
953144,Kabrewala Barani - 15 Bmr,कब्रेवाला बारानी - 15 बीएसएम,6913,Bajju,,000000,U,,,2025-06-03,2025-07-14,1,"Villages  {11 S.M.D. (MOOMBALA),17 KWD,1 CDY JAGAT SINGH PURA etc...} has  been shifted from Subdistrict {Kolayat} of District {BIKANER} to Sub district {Bajju} of District {BIKANER}"
953145,Barsalpur - 1 Dm,बरसलपुर - 1 डीएम,6913,Bajju,,000000,U,,,2025-06-03,2025-07-14,1,"Villages  {11 S.M.D. (MOOMBALA),17 KWD,1 CDY JAGAT SINGH PURA etc...} has  been shifted from Subdistrict {Kolayat} of District {BIKANER} to Sub district {Bajju} of District {BIKANER}"
953146,Deriya - 2Bdm,डेरीया - 2 बीडीएम,6913,Bajju,,000000,U,,,2025-06-03,2025-07-14,1,"Villages  {11 S.M.D. (MOOMBALA),17 KWD,1 CDY JAGAT SINGH PURA etc...} has  been shifted from Subdistrict {Kolayat} of District {BIKANER} to Sub district {Bajju} of District {BIKANER}"
953147,Barsalpur -2-3 Dm,बरसलपुर - 2-3 डीएम,6913,Bajju,,000000,I,,,2025-06-03,2025-07-14,1,"Villages  {11 S.M.D. (MOOMBALA),17 KWD,1 CDY JAGAT SINGH PURA etc...} has  been shifted from Subdistrict {Kolayat} of District {BIKANER} to Sub district {Bajju} of District {BIKANER}"
953148,Raowala -2Bdy,राववाला - 2 बीडीवाई,6913,Bajju,,000000,U,,,2025-06-03,2025-07-14,1,"Villages  {11 S.M.D. (MOOMBALA),17 KWD,1 CDY JAGAT SINGH PURA etc...} has  been shifted from Subdistrict {Kolayat} of District {BIKANER} to Sub district {Bajju} of District {BIKANER}"
953149,Barsalpur - 4 Dm,बरसलपुर - 4 डीएम,6913,Bajju,,000000,U,,,2025-06-03,2025-07-14,1,"Villages  {11 S.M.D. (MOOMBALA),17 KWD,1 CDY JAGAT SINGH PURA etc...} has  been shifted from Subdistrict {Kolayat} of District {BIKANER} to Sub district {Bajju} of District {BIKANER}"
953150,Deriya - 3 Blsm,डेरीया - 3 बीएलएसएम,6913,Bajju,,000000,U,,,2025-06-03,2025-07-14,1,"Villages  {11 S.M.D. (MOOMBALA),17 KWD,1 CDY JAGAT SINGH PURA etc...} has  been shifted from Subdistrict {Kolayat} of District {BIKANER} to Sub district {Bajju} of District {BIKANER}"
953151,Kabrewala Barani - 5 Bmr,कब्रेवालाबारानी - 5 बीएमआर,6913,Bajju,,000000,U,,,2025-06-03,2025-07-14,1,"Villages  {11 S.M.D. (MOOMBALA),17 KWD,1 CDY JAGAT SINGH PURA etc...} has  been shifted from Subdistrict {Kolayat} of District {BIKANER} to Sub district {Bajju} of District {BIKANER}"
953152,Raowala - 2Mdm,राववाला - 2 एमडीएम,6913,Bajju,,000000,U,,,2025-06-03,2025-07-14,1,"Villages  {11 S.M.D. (MOOMBALA),17 KWD,1 CDY JAGAT SINGH PURA etc...} has  been shifted from Subdistrict {Kolayat} of District {BIKANER} to Sub district {Bajju} of District {BIKANER}"
953153,Keharli - 2Cd,केहरली - 2 सी डी,6913,Bajju,,000000,U,,,2025-06-03,2025-07-14,1,"Villages  {11 S.M.D. (MOOMBALA),17 KWD,1 CDY JAGAT SINGH PURA etc...} has  been shifted from Subdistrict {Kolayat} of District {BIKANER} to Sub district {Bajju} of District {BIKANER}"
953154,15 -17 Psd Abadi - 11 Cwb,15-17 पीएसडी आबादी - 11 सीडब्लूबी ,6913,Bajju,,000000,U,,,2025-06-03,2025-07-14,1,"Villages  {11 S.M.D. (MOOMBALA),17 KWD,1 CDY JAGAT SINGH PURA etc...} has  been shifted from Subdistrict {Kolayat} of District {BIKANER} to Sub district {Bajju} of District {BIKANER}"
953174,Phulasar Chota - 3 Cwb,फूलासरछोटा - 3 सीडब्लूबी,6913,Bajju,,000000,U,,,2025-06-03,2025-07-15,1,"Villages  {11 S.M.D. (MOOMBALA),17 KWD,1 CDY JAGAT SINGH PURA etc...} has  been shifted from Subdistrict {Kolayat} of District {BIKANER} to Sub district {Bajju} of District {BIKANER}"
953175,Ganpatpura - 22 Cwb,गणपतपुरा - 22 सीडब्लूबी,6913,Bajju,,000000,U,,,2025-06-03,2025-07-15,1,"Villages  {11 S.M.D. (MOOMBALA),17 KWD,1 CDY JAGAT SINGH PURA etc...} has  been shifted from Subdistrict {Kolayat} of District {BIKANER} to Sub district {Bajju} of District {BIKANER}"
953176,Shashtrinagar - 4 Gm,शास्त्रीनगर - 4 जीएम,6913,Bajju,,000000,U,,,2025-06-03,2025-07-15,1,"Villages  {11 S.M.D. (MOOMBALA),17 KWD,1 CDY JAGAT SINGH PURA etc...} has  been shifted from Subdistrict {Kolayat} of District {BIKANER} to Sub district {Bajju} of District {BIKANER}"
953177,Gokul - 4 Rm (A),गोकुल - 4 आरएम (ए),6913,Bajju,,000000,U,,,2025-06-03,2025-07-15,1,"Villages  {11 S.M.D. (MOOMBALA),17 KWD,1 CDY JAGAT SINGH PURA etc...} has  been shifted from Subdistrict {Kolayat} of District {BIKANER} to Sub district {Bajju} of District {BIKANER}"
953178,15- 17 Psd Abadi - 18 Psd (Nc),15-17 पीएसडी आबादी - 18 पीएसडी(एनसी),6913,Bajju,,000000,U,,,2025-06-03,2025-07-15,1,"Villages  {11 S.M.D. (MOOMBALA),17 KWD,1 CDY JAGAT SINGH PURA etc...} has  been shifted from Subdistrict {Kolayat} of District {BIKANER} to Sub district {Bajju} of District {BIKANER}"
953179,Dandkala - 5 Gm (Gokul Minor),दंडकला - 5 जीएम (गोकुल माइनर),6913,Bajju,,000000,U,,,2025-06-03,2025-07-15,1,"Villages  {11 S.M.D. (MOOMBALA),17 KWD,1 CDY JAGAT SINGH PURA etc...} has  been shifted from Subdistrict {Kolayat} of District {BIKANER} to Sub district {Bajju} of District {BIKANER}"
953180,Kandharli -16 Dobb,काँधरली - 16 डीओबीबी,6913,Bajju,,000000,U,,,2025-06-03,2025-07-15,1,"Villages  {11 S.M.D. (MOOMBALA),17 KWD,1 CDY JAGAT SINGH PURA etc...} has  been shifted from Subdistrict {Kolayat} of District {BIKANER} to Sub district {Bajju} of District {BIKANER}"
953181,Charanwala- 23 Cwb,चारणवाला - 23 सीडब्लुबी,6913,Bajju,,000000,U,,,2025-06-03,2025-07-15,1,"Villages  {11 S.M.D. (MOOMBALA),17 KWD,1 CDY JAGAT SINGH PURA etc...} has  been shifted from Subdistrict {Kolayat} of District {BIKANER} to Sub district {Bajju} of District {BIKANER}"
953182,Bikampur - 3 Bkm,बीकमपुर - 3 बीकेएम,6913,Bajju,,000000,U,,,2025-06-03,2025-07-15,1,"Villages  {11 S.M.D. (MOOMBALA),17 KWD,1 CDY JAGAT SINGH PURA etc...} has  been shifted from Subdistrict {Kolayat} of District {BIKANER} to Sub district {Bajju} of District {BIKANER}"
953183,Raowala -1Bdy,राववाला - 1 बीडीवाई,6913,Bajju,,000000,U,,,2025-06-03,2025-07-15,1,"Villages  {11 S.M.D. (MOOMBALA),17 KWD,1 CDY JAGAT SINGH PURA etc...} has  been shifted from Subdistrict {Kolayat} of District {BIKANER} to Sub district {Bajju} of District {BIKANER}"
953184,Bangarsar - 1 Rjm,बांगड़सर - 1 आरजेएम,6913,Bajju,,000000,U,,,2025-06-03,2025-07-15,1,"Villages  {11 S.M.D. (MOOMBALA),17 KWD,1 CDY JAGAT SINGH PURA etc...} has  been shifted from Subdistrict {Kolayat} of District {BIKANER} to Sub district {Bajju} of District {BIKANER}"
953185,Raowala -2 Rwm,राववाला - 2 आरडब्लूएम,6913,Bajju,,000000,U,,,2025-06-03,2025-07-15,1,"Villages  {11 S.M.D. (MOOMBALA),17 KWD,1 CDY JAGAT SINGH PURA etc...} has  been shifted from Subdistrict {Kolayat} of District {BIKANER} to Sub district {Bajju} of District {BIKANER}"
953186,Keharli - 2 Cd (Cad),केहरली - 2 सीडी (सीएडी),6913,Bajju,,000000,U,,,2025-06-03,2025-07-15,1,"Villages  {11 S.M.D. (MOOMBALA),17 KWD,1 CDY JAGAT SINGH PURA etc...} has  been shifted from Subdistrict {Kolayat} of District {BIKANER} to Sub district {Bajju} of District {BIKANER}"
953187,Deriya -4 Blsm,डेरीया - 4 बीएलएसएम,6913,Bajju,,000000,U,,,2025-06-03,2025-07-15,1,"Villages  {11 S.M.D. (MOOMBALA),17 KWD,1 CDY JAGAT SINGH PURA etc...} has  been shifted from Subdistrict {Kolayat} of District {BIKANER} to Sub district {Bajju} of District {BIKANER}"
953188,Bajju Khalsa 3 Bjm A,बज्जू खालसा - 3 बीजएम ए,6913,Bajju,,000000,U,,,2025-06-03,2025-07-15,1,"Villages  {11 S.M.D. (MOOMBALA),17 KWD,1 CDY JAGAT SINGH PURA etc...} has  been shifted from Subdistrict {Kolayat} of District {BIKANER} to Sub district {Bajju} of District {BIKANER}"
953189,Kehrali - 4 Hlm,केहरली - 4 एचएलएम,6913,Bajju,,000000,U,,,2025-06-03,2025-07-15,1,"Villages  {11 S.M.D. (MOOMBALA),17 KWD,1 CDY JAGAT SINGH PURA etc...} has  been shifted from Subdistrict {Kolayat} of District {BIKANER} to Sub district {Bajju} of District {BIKANER}"
953190,Kabrewala Barani - 6 Bmr,कब्रेवाला बारानी - 6 बीएमआर,6913,Bajju,,000000,U,,,2025-06-03,2025-07-15,1,"Villages  {11 S.M.D. (MOOMBALA),17 KWD,1 CDY JAGAT SINGH PURA etc...} has  been shifted from Subdistrict {Kolayat} of District {BIKANER} to Sub district {Bajju} of District {BIKANER}"
953191,Raowala - 5 Am 1,राववाला - 5 एएम प्रथम,6913,Bajju,,000000,U,,,2025-06-03,2025-07-15,1,"Villages  {11 S.M.D. (MOOMBALA),17 KWD,1 CDY JAGAT SINGH PURA etc...} has  been shifted from Subdistrict {Kolayat} of District {BIKANER} to Sub district {Bajju} of District {BIKANER}"
953192,Sanchubarani - 8 Mrm,साँचु बारानी - 8 एमआरएम,6913,Bajju,,000000,U,,,2025-06-03,2025-07-15,1,"Villages  {11 S.M.D. (MOOMBALA),17 KWD,1 CDY JAGAT SINGH PURA etc...} has  been shifted from Subdistrict {Kolayat} of District {BIKANER} to Sub district {Bajju} of District {BIKANER}"
953193,Miranwala - 9 Mgm,मिरणवाला - 9 एमजीएम,6913,Bajju,,000000,U,,,2025-06-03,2025-07-15,1,"Villages  {11 S.M.D. (MOOMBALA),17 KWD,1 CDY JAGAT SINGH PURA etc...} has  been shifted from Subdistrict {Kolayat} of District {BIKANER} to Sub district {Bajju} of District {BIKANER}"
953194,Kayamwala - 1 Adm,कायमवाला- 1 एडीएम,6913,Bajju,,000000,U,,,2025-06-03,2025-07-15,1,"Villages  {11 S.M.D. (MOOMBALA),17 KWD,1 CDY JAGAT SINGH PURA etc...} has  been shifted from Subdistrict {Kolayat} of District {BIKANER} to Sub district {Bajju} of District {BIKANER}"
953195,Karnisar - 8 Mgm,करणीसर - 8 एमजीएम,6913,Bajju,,000000,U,,,2025-06-03,2025-07-15,1,"Villages  {11 S.M.D. (MOOMBALA),17 KWD,1 CDY JAGAT SINGH PURA etc...} has  been shifted from Subdistrict {Kolayat} of District {BIKANER} to Sub district {Bajju} of District {BIKANER}"
953196,Kandharli - 19 Dobb A,कंन्धरली - 19 डीओबीबी ए,6913,Bajju,,000000,U,,,2025-06-03,2025-07-15,1,"Villages  {11 S.M.D. (MOOMBALA),17 KWD,1 CDY JAGAT SINGH PURA etc...} has  been shifted from Subdistrict {Kolayat} of District {BIKANER} to Sub district {Bajju} of District {BIKANER}"
953197,Moosewala -19 Bsd,मूसेवाला - 19 बीएसडी,6913,Bajju,,000000,U,,,2025-06-03,2025-07-15,1,"Villages  {11 S.M.D. (MOOMBALA),17 KWD,1 CDY JAGAT SINGH PURA etc...} has  been shifted from Subdistrict {Kolayat} of District {BIKANER} to Sub district {Bajju} of District {BIKANER}"
953198,Maganwala - 14 Mgm,मगनवाला - 14 एमजीएम,6913,Bajju,,000000,U,,,2025-06-03,2025-07-15,1,"Villages  {11 S.M.D. (MOOMBALA),17 KWD,1 CDY JAGAT SINGH PURA etc...} has  been shifted from Subdistrict {Kolayat} of District {BIKANER} to Sub district {Bajju} of District {BIKANER}"
953199,Jaggasar - 6 Dm,जग्गासर - 6 डीएम,6913,Bajju,,000000,U,,,2025-06-03,2025-07-15,1,"Villages  {11 S.M.D. (MOOMBALA),17 KWD,1 CDY JAGAT SINGH PURA etc...} has  been shifted from Subdistrict {Kolayat} of District {BIKANER} to Sub district {Bajju} of District {BIKANER}"
953200,Deriya - 8 Blm B,डेरीया - 8 बीएलएम बी,6913,Bajju,,000000,U,,,2025-06-03,2025-07-15,1,"Villages  {11 S.M.D. (MOOMBALA),17 KWD,1 CDY JAGAT SINGH PURA etc...} has  been shifted from Subdistrict {Kolayat} of District {BIKANER} to Sub district {Bajju} of District {BIKANER}"
953201,Bhurasar - 27 Kld,भूरासर - 27 केएलडी,6913,Bajju,,000000,U,,,2025-06-03,2025-07-15,1,"Villages  {11 S.M.D. (MOOMBALA),17 KWD,1 CDY JAGAT SINGH PURA etc...} has  been shifted from Subdistrict {Kolayat} of District {BIKANER} to Sub district {Bajju} of District {BIKANER}"
953202,Dandkhurd - 10 Dm,दण्डखुर्द - 10 डीएम,6913,Bajju,,000000,U,,,2025-06-03,2025-07-15,1,"Villages  {11 S.M.D. (MOOMBALA),17 KWD,1 CDY JAGAT SINGH PURA etc...} has  been shifted from Subdistrict {Kolayat} of District {BIKANER} to Sub district {Bajju} of District {BIKANER}"
953203,Barsalpur - 9 Bdy Cad,बरसलपुर - 9 बीडीवाई सीएडी,6913,Bajju,,000000,U,,,2025-06-03,2025-07-15,1,"Villages  {11 S.M.D. (MOOMBALA),17 KWD,1 CDY JAGAT SINGH PURA etc...} has  been shifted from Subdistrict {Kolayat} of District {BIKANER} to Sub district {Bajju} of District {BIKANER}"
953204,Bijeri - 2 Kwm,बिजेरी - 2 केडब्लूएम,6913,Bajju,,000000,U,,,2025-06-03,2025-07-15,1,"Villages  {11 S.M.D. (MOOMBALA),17 KWD,1 CDY JAGAT SINGH PURA etc...} has  been shifted from Subdistrict {Kolayat} of District {BIKANER} to Sub district {Bajju} of District {BIKANER}"
953205,Gulamwala - 5 Dm B,गुलामवाला - 5 डीएम बी,6913,Bajju,,000000,U,,,2025-06-03,2025-07-15,1,"Villages  {11 S.M.D. (MOOMBALA),17 KWD,1 CDY JAGAT SINGH PURA etc...} has  been shifted from Subdistrict {Kolayat} of District {BIKANER} to Sub district {Bajju} of District {BIKANER}"
953206,Annewala Barani - 21 Bsm,अन्नेवाला बारानी - 21 बीएसएम,6913,Bajju,,000000,U,,,2025-06-03,2025-07-15,1,"Villages  {11 S.M.D. (MOOMBALA),17 KWD,1 CDY JAGAT SINGH PURA etc...} has  been shifted from Subdistrict {Kolayat} of District {BIKANER} to Sub district {Bajju} of District {BIKANER}"
953207,Akhusar Barani - 8 Ady,अखुसर बारानी - 8 एडीवाई,6913,Bajju,,000000,U,,,2025-06-03,2025-07-15,1,"Villages  {11 S.M.D. (MOOMBALA),17 KWD,1 CDY JAGAT SINGH PURA etc...} has  been shifted from Subdistrict {Kolayat} of District {BIKANER} to Sub district {Bajju} of District {BIKANER}"
953208,6 - 7 Am I - 8 Am 1,6-7 AM I - 8 एएम प्रथम,6913,Bajju,,000000,U,,,2025-06-03,2025-07-15,1,"Villages  {11 S.M.D. (MOOMBALA),17 KWD,1 CDY JAGAT SINGH PURA etc...} has  been shifted from Subdistrict {Kolayat} of District {BIKANER} to Sub district {Bajju} of District {BIKANER}"
953209,11 Smd - 9 Smd,11 SMD - 9 एसएमडी,6913,Bajju,,000000,U,,,2025-06-03,2025-07-15,1,"Villages  {11 S.M.D. (MOOMBALA),17 KWD,1 CDY JAGAT SINGH PURA etc...} has  been shifted from Subdistrict {Kolayat} of District {BIKANER} to Sub district {Bajju} of District {BIKANER}"
953211,Bijeri - 7 Cdy,बिजेरी - 7 सीडीवाई,6913,Bajju,,000000,U,,,2025-06-03,2025-07-15,1,"Villages  {11 S.M.D. (MOOMBALA),17 KWD,1 CDY JAGAT SINGH PURA etc...} has  been shifted from Subdistrict {Kolayat} of District {BIKANER} to Sub district {Bajju} of District {BIKANER}"
953212,Jaganwala - 2 Am,जागणवाला - 2 एएम,6913,Bajju,,000000,U,,,2025-06-03,2025-07-15,1,"Villages  {11 S.M.D. (MOOMBALA),17 KWD,1 CDY JAGAT SINGH PURA etc...} has  been shifted from Subdistrict {Kolayat} of District {BIKANER} to Sub district {Bajju} of District {BIKANER}"
953213,Karnisar - 1-3 Mgm,करणीसर - 1-3 एमजीएम,6913,Bajju,,000000,U,,,2025-06-03,2025-07-15,1,"Villages  {11 S.M.D. (MOOMBALA),17 KWD,1 CDY JAGAT SINGH PURA etc...} has  been shifted from Subdistrict {Kolayat} of District {BIKANER} to Sub district {Bajju} of District {BIKANER}"
953215,Sheruwala - 2 Shm A,शेरूवाला- 2 एसएचएमए,6913,Bajju,,000000,U,,,2025-06-03,2025-07-15,1,"Villages  {11 S.M.D. (MOOMBALA),17 KWD,1 CDY JAGAT SINGH PURA etc...} has  been shifted from Subdistrict {Kolayat} of District {BIKANER} to Sub district {Bajju} of District {BIKANER}"
953216,Tanwarewala - 3 Twm,तंवरेवाला - 3 टीडब्लूएम,6913,Bajju,,000000,U,,,2025-06-03,2025-07-15,1,"Villages  {11 S.M.D. (MOOMBALA),17 KWD,1 CDY JAGAT SINGH PURA etc...} has  been shifted from Subdistrict {Kolayat} of District {BIKANER} to Sub district {Bajju} of District {BIKANER}"
953249,20 Smd - 23 Smd,20 SMD - 23 एसएमडी,6913,Bajju,,000000,U,,,2025-06-03,2025-07-15,1,"Villages  {11 S.M.D. (MOOMBALA),17 KWD,1 CDY JAGAT SINGH PURA etc...} has  been shifted from Subdistrict {Kolayat} of District {BIKANER} to Sub district {Bajju} of District {BIKANER}"
953250,Bhiyewala - 4 Bdm,भिंयेवाला - 4 बीडीएम,6913,Bajju,,000000,U,,,2025-06-03,2025-07-15,1,"Villages  {11 S.M.D. (MOOMBALA),17 KWD,1 CDY JAGAT SINGH PURA etc...} has  been shifted from Subdistrict {Kolayat} of District {BIKANER} to Sub district {Bajju} of District {BIKANER}"
953251,Jaggasar - 5 Jm,जग्गासर - 5 जेएम,6913,Bajju,,000000,U,,,2025-06-03,2025-07-15,1,"Villages  {11 S.M.D. (MOOMBALA),17 KWD,1 CDY JAGAT SINGH PURA etc...} has  been shifted from Subdistrict {Kolayat} of District {BIKANER} to Sub district {Bajju} of District {BIKANER}"
953252,Karnisar - 4 Mgm,करणीसर - 4 एमजीएम,6913,Bajju,,000000,U,,,2025-06-03,2025-07-15,1,"Villages  {11 S.M.D. (MOOMBALA),17 KWD,1 CDY JAGAT SINGH PURA etc...} has  been shifted from Subdistrict {Kolayat} of District {BIKANER} to Sub district {Bajju} of District {BIKANER}"
953253,Miranwala -12 Twm,मिरणवाला - 12 टीडब्लूएम,6913,Bajju,,000000,U,,,2025-06-03,2025-07-15,1,"Villages  {11 S.M.D. (MOOMBALA),17 KWD,1 CDY JAGAT SINGH PURA etc...} has  been shifted from Subdistrict {Kolayat} of District {BIKANER} to Sub district {Bajju} of District {BIKANER}"
953254,Nasuma - 9 Twm,नसूमा - 9 टीडब्लूएम,6913,Bajju,,000000,U,,,2025-06-03,2025-07-15,1,"Villages  {11 S.M.D. (MOOMBALA),17 KWD,1 CDY JAGAT SINGH PURA etc...} has  been shifted from Subdistrict {Kolayat} of District {BIKANER} to Sub district {Bajju} of District {BIKANER}"
953255,Tanwarewala - 4 Twm Jarkhadi,तंवरेवाला - 3 4 टीडब्लूएम जरखंडी,6913,Bajju,,000000,U,,,2025-06-03,2025-07-15,1,"Villages  {11 S.M.D. (MOOMBALA),17 KWD,1 CDY JAGAT SINGH PURA etc...} has  been shifted from Subdistrict {Kolayat} of District {BIKANER} to Sub district {Bajju} of District {BIKANER}"
953260,Karnisar - 5 Mgm,करणीसर - 5 एमजीएम,6913,Bajju,,000000,U,,,2025-06-03,2025-07-15,1,"Villages  {11 S.M.D. (MOOMBALA),17 KWD,1 CDY JAGAT SINGH PURA etc...} has  been shifted from Subdistrict {Kolayat} of District {BIKANER} to Sub district {Bajju} of District {BIKANER}"
953261,Mankasar - 1Rm,माणकासर - 1 आरएम,6913,Bajju,,000000,U,,,2025-06-03,2025-07-15,1,"Villages  {11 S.M.D. (MOOMBALA),17 KWD,1 CDY JAGAT SINGH PURA etc...} has  been shifted from Subdistrict {Kolayat} of District {BIKANER} to Sub district {Bajju} of District {BIKANER}"
953262,Miranwala - 14 Twm,मिरणवाला - 14 टीडब्लूएम,6913,Bajju,,000000,U,,,2025-06-03,2025-07-15,1,"Villages  {11 S.M.D. (MOOMBALA),17 KWD,1 CDY JAGAT SINGH PURA etc...} has  been shifted from Subdistrict {Kolayat} of District {BIKANER} to Sub district {Bajju} of District {BIKANER}"
953263,Narayansar 3-5 Khd,नारायणसर - 3-5 के एचडी,6913,Bajju,,000000,U,,,2025-06-03,2025-07-15,1,"Villages  {11 S.M.D. (MOOMBALA),17 KWD,1 CDY JAGAT SINGH PURA etc...} has  been shifted from Subdistrict {Kolayat} of District {BIKANER} to Sub district {Bajju} of District {BIKANER}"
953264,Modayat - 4 Mdm,मोडायत - 4 एमडीएम,6913,Bajju,,000000,U,,,2025-06-03,2025-07-15,1,"Villages  {11 S.M.D. (MOOMBALA),17 KWD,1 CDY JAGAT SINGH PURA etc...} has  been shifted from Subdistrict {Kolayat} of District {BIKANER} to Sub district {Bajju} of District {BIKANER}"
953265,Nasuma 11 Twm Nasuma,नसूमा 11 टीडब्लूएम नसुमा,6913,Bajju,,000000,U,,,2025-06-03,2025-07-15,1,"Villages  {11 S.M.D. (MOOMBALA),17 KWD,1 CDY JAGAT SINGH PURA etc...} has  been shifted from Subdistrict {Kolayat} of District {BIKANER} to Sub district {Bajju} of District {BIKANER}"
953266,Phulasar Bara - 9 Psd,फुलासरबड़ा - 9 पीएसडी,6913,Bajju,,000000,U,,,2025-06-03,2025-07-15,1,"Villages  {11 S.M.D. (MOOMBALA),17 KWD,1 CDY JAGAT SINGH PURA etc...} has  been shifted from Subdistrict {Kolayat} of District {BIKANER} to Sub district {Bajju} of District {BIKANER}"
953268,Mankasar -1 Mdm B,माणकासर - 1 एमडीएम बी,6913,Bajju,,000000,U,,,2025-06-03,2025-07-15,1,"Villages  {11 S.M.D. (MOOMBALA),17 KWD,1 CDY JAGAT SINGH PURA etc...} has  been shifted from Subdistrict {Kolayat} of District {BIKANER} to Sub district {Bajju} of District {BIKANER}"
953269,Modayat 9 Mdm,मोडायत - 9 एमडीएम,6913,Bajju,,000000,U,,,2025-06-03,2025-07-15,1,"Villages  {11 S.M.D. (MOOMBALA),17 KWD,1 CDY JAGAT SINGH PURA etc...} has  been shifted from Subdistrict {Kolayat} of District {BIKANER} to Sub district {Bajju} of District {BIKANER}"
953272,Ranjeetpura - 8Psm (Nc),रणजीतपुरा - 8 पीएसएम (एनसी),6913,Bajju,,000000,U,,,2025-06-03,2025-07-15,1,"Villages  {11 S.M.D. (MOOMBALA),17 KWD,1 CDY JAGAT SINGH PURA etc...} has  been shifted from Subdistrict {Kolayat} of District {BIKANER} to Sub district {Bajju} of District {BIKANER}"
953273,Shashtrinagar - 2Gm,शास्त्रीनगर - 2 जीएम,6913,Bajju,,000000,U,,,2025-06-03,2025-07-15,1,"Villages  {11 S.M.D. (MOOMBALA),17 KWD,1 CDY JAGAT SINGH PURA etc...} has  been shifted from Subdistrict {Kolayat} of District {BIKANER} to Sub district {Bajju} of District {BIKANER}"
953274,Sukhpura - 2 Gwm(B),सुखपुरा - 2 जीडब्लूएम(बी),6913,Bajju,,000000,U,,,2025-06-03,2025-07-15,1,"Villages  {11 S.M.D. (MOOMBALA),17 KWD,1 CDY JAGAT SINGH PURA etc...} has  been shifted from Subdistrict {Kolayat} of District {BIKANER} to Sub district {Bajju} of District {BIKANER}"
953278,Gogariyawala - 1 Gwm,गोगड़ियावाला - 1 जीडब्लूएम,6913,Bajju,,000000,U,,,2025-06-03,2025-07-15,1,"Villages  {11 S.M.D. (MOOMBALA),17 KWD,1 CDY JAGAT SINGH PURA etc...} has  been shifted from Subdistrict {Kolayat} of District {BIKANER} to Sub district {Bajju} of District {BIKANER}"
953279,Tanwarewala - 5 Twm,तंवरेवाला- 5 टीडब्लूएम,6913,Bajju,,000000,U,,,2025-06-03,2025-07-15,1,"Villages  {11 S.M.D. (MOOMBALA),17 KWD,1 CDY JAGAT SINGH PURA etc...} has  been shifted from Subdistrict {Kolayat} of District {BIKANER} to Sub district {Bajju} of District {BIKANER}"
953280,Gokul - 2 Rm,गोकूल - 2 आरएम,6913,Bajju,,000000,U,,,2025-06-03,2025-07-15,1,"Villages  {11 S.M.D. (MOOMBALA),17 KWD,1 CDY JAGAT SINGH PURA etc...} has  been shifted from Subdistrict {Kolayat} of District {BIKANER} to Sub district {Bajju} of District {BIKANER}"
953281,Rawalotan Ka Tala -11 Psm,रावलोतान का तला - 11 पीएसएम ,6913,Bajju,,000000,U,,,2025-06-03,2025-07-15,1,"Villages  {11 S.M.D. (MOOMBALA),17 KWD,1 CDY JAGAT SINGH PURA etc...} has  been shifted from Subdistrict {Kolayat} of District {BIKANER} to Sub district {Bajju} of District {BIKANER}"
953285,Bajju - 1Bsm,बज्जू - 1 बीएसएम,6913,Bajju,,000000,U,,,2025-06-03,2025-07-15,1,"Villages  {11 S.M.D. (MOOMBALA),17 KWD,1 CDY JAGAT SINGH PURA etc...} has  been shifted from Subdistrict {Kolayat} of District {BIKANER} to Sub district {Bajju} of District {BIKANER}"
953286,Bhaloori -1 Bm,भलूरी - 1 बीएम,6913,Bajju,,000000,U,,,2025-06-03,2025-07-15,1,"Villages  {11 S.M.D. (MOOMBALA),17 KWD,1 CDY JAGAT SINGH PURA etc...} has  been shifted from Subdistrict {Kolayat} of District {BIKANER} to Sub district {Bajju} of District {BIKANER}"
953287,Bangarsar - 10 Dobb A,बांगड़सर - 10 डीओबीबी ए,6913,Bajju,,000000,U,,,2025-06-03,2025-07-15,1,"Villages  {11 S.M.D. (MOOMBALA),17 KWD,1 CDY JAGAT SINGH PURA etc...} has  been shifted from Subdistrict {Kolayat} of District {BIKANER} to Sub district {Bajju} of District {BIKANER}"
953289,Bhatiyon Ki Dhani - 2 Mdsm,भाटियों की ढाणी - 2 एमडीएसएम,6913,Bajju,,000000,U,,,2025-06-03,2025-07-15,1,"Villages  {11 S.M.D. (MOOMBALA),17 KWD,1 CDY JAGAT SINGH PURA etc...} has  been shifted from Subdistrict {Kolayat} of District {BIKANER} to Sub district {Bajju} of District {BIKANER}"
953291,Bhiyewala -7 Bsd,भिंयेवाला - 7 बीएसडी,6913,Bajju,,000000,U,,,2025-06-03,2025-07-15,1,"Villages  {11 S.M.D. (MOOMBALA),17 KWD,1 CDY JAGAT SINGH PURA etc...} has  been shifted from Subdistrict {Kolayat} of District {BIKANER} to Sub district {Bajju} of District {BIKANER}"
953293,Bikendri - 1 Kwm,बिकेन्द्री - 1 केडब्लूएम,6913,Bajju,,000000,U,,,2025-06-03,2025-07-15,1,"Villages  {11 S.M.D. (MOOMBALA),17 KWD,1 CDY JAGAT SINGH PURA etc...} has  been shifted from Subdistrict {Kolayat} of District {BIKANER} to Sub district {Bajju} of District {BIKANER}"
953294,Charanwala - 9 Psm 1,चारणवाला - 9 पीएसएम 1,6913,Bajju,,000000,U,,,2025-06-03,2025-07-15,1,"Villages  {11 S.M.D. (MOOMBALA),17 KWD,1 CDY JAGAT SINGH PURA etc...} has  been shifted from Subdistrict {Kolayat} of District {BIKANER} to Sub district {Bajju} of District {BIKANER}"
953296,2 Blm Naya Gaon - 3 Blm Malpura,2 बीएलएम नया गांव - 3 बीएलएम मालणपुरा,6913,Bajju,,000000,U,,,2025-06-03,2025-07-15,1,"Villages  {11 S.M.D. (MOOMBALA),17 KWD,1 CDY JAGAT SINGH PURA etc...} has  been shifted from Subdistrict {Kolayat} of District {BIKANER} to Sub district {Bajju} of District {BIKANER}"
953297,Bangarsar - 3 Dobb,बांगड़सर - 3 डीओबीबी,6913,Bajju,,000000,U,,,2025-06-03,2025-07-15,1,"Villages  {11 S.M.D. (MOOMBALA),17 KWD,1 CDY JAGAT SINGH PURA etc...} has  been shifted from Subdistrict {Kolayat} of District {BIKANER} to Sub district {Bajju} of District {BIKANER}"
953298,Modiya - 2 Twm,मोडिया - 2 टीडब्लूएम,6913,Bajju,,000000,U,,,2025-06-03,2025-07-15,1,"Villages  {11 S.M.D. (MOOMBALA),17 KWD,1 CDY JAGAT SINGH PURA etc...} has  been shifted from Subdistrict {Kolayat} of District {BIKANER} to Sub district {Bajju} of District {BIKANER}"
953299,Bhaloori - 3 Mkd,भलूरी - 3 एमकेडी,6913,Bajju,,000000,U,,,2025-06-03,2025-07-15,1,"Villages  {11 S.M.D. (MOOMBALA),17 KWD,1 CDY JAGAT SINGH PURA etc...} has  been shifted from Subdistrict {Kolayat} of District {BIKANER} to Sub district {Bajju} of District {BIKANER}"
953302,Gokal - 3 Tm,गोकल - 3 टीएम,6913,Bajju,,000000,U,,,2025-06-03,2025-07-15,1,"Villages  {11 S.M.D. (MOOMBALA),17 KWD,1 CDY JAGAT SINGH PURA etc...} has  been shifted from Subdistrict {Kolayat} of District {BIKANER} to Sub district {Bajju} of District {BIKANER}"
953304,Bangarsar - 4 Dobb,बांगड़सर - 4 डीओबीबी,6913,Bajju,,000000,U,,,2025-06-03,2025-07-15,1,"Villages  {11 S.M.D. (MOOMBALA),17 KWD,1 CDY JAGAT SINGH PURA etc...} has  been shifted from Subdistrict {Kolayat} of District {BIKANER} to Sub district {Bajju} of District {BIKANER}"
953305,Bhaloori - 2 Tm,भलूरी - 2 टीएम,6913,Bajju,,000000,U,,,2025-06-03,2025-07-15,1,"Villages  {11 S.M.D. (MOOMBALA),17 KWD,1 CDY JAGAT SINGH PURA etc...} has  been shifted from Subdistrict {Kolayat} of District {BIKANER} to Sub district {Bajju} of District {BIKANER}"
953307,Gajjewala -21-24 Kwd,गज्जेवाला - 21-24 केडब्लूडी,6913,Bajju,,000000,U,,,2025-06-03,2025-07-15,1,"Villages  {11 S.M.D. (MOOMBALA),17 KWD,1 CDY JAGAT SINGH PURA etc...} has  been shifted from Subdistrict {Kolayat} of District {BIKANER} to Sub district {Bajju} of District {BIKANER}"
953308,6-8 Am Santoshnagar - 5 Am,6-8 एएम संतोषनगर - 5 ऐएम,6913,Bajju,,000000,U,,,2025-06-03,2025-07-15,1,"Villages  {11 S.M.D. (MOOMBALA),17 KWD,1 CDY JAGAT SINGH PURA etc...} has  been shifted from Subdistrict {Kolayat} of District {BIKANER} to Sub district {Bajju} of District {BIKANER}"
953311,Bhaloori - 2 Bm,भलूरी - 2 बीएम,6913,Bajju,,000000,U,,,2025-06-03,2025-07-15,1,"Villages  {11 S.M.D. (MOOMBALA),17 KWD,1 CDY JAGAT SINGH PURA etc...} has  been shifted from Subdistrict {Kolayat} of District {BIKANER} to Sub district {Bajju} of District {BIKANER}"
953312,Godoo - 3 Gmr,गोडू - 3 जीएमआर,6913,Bajju,,000000,U,,,2025-06-03,2025-07-15,1,"Villages  {11 S.M.D. (MOOMBALA),17 KWD,1 CDY JAGAT SINGH PURA etc...} has  been shifted from Subdistrict {Kolayat} of District {BIKANER} to Sub district {Bajju} of District {BIKANER}"
953313,Modiya - 5 Bsd,मोडिया - 5 बीएसडी,6913,Bajju,,000000,U,,,2025-06-03,2025-07-15,1,"Villages  {11 S.M.D. (MOOMBALA),17 KWD,1 CDY JAGAT SINGH PURA etc...} has  been shifted from Subdistrict {Kolayat} of District {BIKANER} to Sub district {Bajju} of District {BIKANER}"
953314,Bhaloori - 4 Mkd A,भलूरी - 4 एमकेडी ए,6913,Bajju,,000000,U,,,2025-06-03,2025-07-15,1,"Villages  {11 S.M.D. (MOOMBALA),17 KWD,1 CDY JAGAT SINGH PURA etc...} has  been shifted from Subdistrict {Kolayat} of District {BIKANER} to Sub district {Bajju} of District {BIKANER}"
953315,Bhaloori - 4 Mkd,भलूरी - 4 एमकेडी,6913,Bajju,,000000,U,,,2025-06-03,2025-07-15,1,"Villages  {11 S.M.D. (MOOMBALA),17 KWD,1 CDY JAGAT SINGH PURA etc...} has  been shifted from Subdistrict {Kolayat} of District {BIKANER} to Sub district {Bajju} of District {BIKANER}"
953317,Modiya - 6 Bsd,मोडिया - 6 बीएसडी,6913,Bajju,,000000,U,,,2025-06-03,2025-07-15,1,"Villages  {11 S.M.D. (MOOMBALA),17 KWD,1 CDY JAGAT SINGH PURA etc...} has  been shifted from Subdistrict {Kolayat} of District {BIKANER} to Sub district {Bajju} of District {BIKANER}"
953319,Bangarsar - 7 Dobb A,बांगड़सर - 7 डीओबीबी ए,6913,Bajju,,000000,U,,,2025-06-03,2025-07-15,1,"Villages  {11 S.M.D. (MOOMBALA),17 KWD,1 CDY JAGAT SINGH PURA etc...} has  been shifted from Subdistrict {Kolayat} of District {BIKANER} to Sub district {Bajju} of District {BIKANER}"
953321,Bhaloori - 5 Mkd,भलूरी - 5 एम के डी,6913,Bajju,,000000,I,,,2025-06-03,2025-07-15,1,"Villages  {11 S.M.D. (MOOMBALA),17 KWD,1 CDY JAGAT SINGH PURA etc...} has  been shifted from Subdistrict {Kolayat} of District {BIKANER} to Sub district {Bajju} of District {BIKANER}"
953322,Bikendri - 8 Mkd,बिकेन्द्री - 8 एमकेडी,6913,Bajju,,000000,U,,,2025-06-03,2025-07-15,1,"Villages  {11 S.M.D. (MOOMBALA),17 KWD,1 CDY JAGAT SINGH PURA etc...} has  been shifted from Subdistrict {Kolayat} of District {BIKANER} to Sub district {Bajju} of District {BIKANER}"
953326,Ranjeetpura - 11 Rdy,रणजीतपुरा - 11 आरडीवाई,6913,Bajju,,000000,U,,,2025-06-03,2025-07-15,1,"Villages  {11 S.M.D. (MOOMBALA),17 KWD,1 CDY JAGAT SINGH PURA etc...} has  been shifted from Subdistrict {Kolayat} of District {BIKANER} to Sub district {Bajju} of District {BIKANER}"
953333,6-8 Am Santoshnagar - 7 Am,6-8 एएम संतोषनगर - 7 एएम,6913,Bajju,,000000,U,,,2025-06-03,2025-07-15,1,"Villages  {11 S.M.D. (MOOMBALA),17 KWD,1 CDY JAGAT SINGH PURA etc...} has  been shifted from Subdistrict {Kolayat} of District {BIKANER} to Sub district {Bajju} of District {BIKANER}"
953338,Phulasar Chota - 5 Cwb A,फूलासरछोटा - 5 सीडब्लूबी ए,6913,Bajju,,000000,U,,,2025-06-03,2025-07-15,1,"Villages  {11 S.M.D. (MOOMBALA),17 KWD,1 CDY JAGAT SINGH PURA etc...} has  been shifted from Subdistrict {Kolayat} of District {BIKANER} to Sub district {Bajju} of District {BIKANER}"
953339,Modiya - 8 Bsd,मोडिया - 8 बीएसडी,6913,Bajju,,000000,U,,,2025-06-03,2025-07-15,1,"Villages  {11 S.M.D. (MOOMBALA),17 KWD,1 CDY JAGAT SINGH PURA etc...} has  been shifted from Subdistrict {Kolayat} of District {BIKANER} to Sub district {Bajju} of District {BIKANER}"
953341,Mithriya - 2 Mtrm,मिठडीया - 2 एमटीआरएम,6913,Bajju,,000000,U,,,2025-06-03,2025-07-15,1,"Villages  {11 S.M.D. (MOOMBALA),17 KWD,1 CDY JAGAT SINGH PURA etc...} has  been shifted from Subdistrict {Kolayat} of District {BIKANER} to Sub district {Bajju} of District {BIKANER}"
953343,Bikampur - 8 Gwm (A),बीकमपुर - 8 जीडब्लूएम ए,6913,Bajju,,000000,U,,,2025-06-03,2025-07-15,1,"Villages  {11 S.M.D. (MOOMBALA),17 KWD,1 CDY JAGAT SINGH PURA etc...} has  been shifted from Subdistrict {Kolayat} of District {BIKANER} to Sub district {Bajju} of District {BIKANER}"
953344,Bikendri - 9 Mkd,बिकेन्द्री - 9 एमकेडी,6913,Bajju,,000000,U,,,2025-06-03,2025-07-15,1,"Villages  {11 S.M.D. (MOOMBALA),17 KWD,1 CDY JAGAT SINGH PURA etc...} has  been shifted from Subdistrict {Kolayat} of District {BIKANER} to Sub district {Bajju} of District {BIKANER}"
953345,Bangarsar - 7 Dobb B,बांगड़सर - 7 डीओबीबी बी,6913,Bajju,,000000,U,,,2025-06-03,2025-07-15,1,"Villages  {11 S.M.D. (MOOMBALA),17 KWD,1 CDY JAGAT SINGH PURA etc...} has  been shifted from Subdistrict {Kolayat} of District {BIKANER} to Sub district {Bajju} of District {BIKANER}"
953346,Bhaloori - 6 Mkd,भलूरी - 6 एमकेडी,6913,Bajju,,000000,U,,,2025-06-03,2025-07-15,1,"Villages  {11 S.M.D. (MOOMBALA),17 KWD,1 CDY JAGAT SINGH PURA etc...} has  been shifted from Subdistrict {Kolayat} of District {BIKANER} to Sub district {Bajju} of District {BIKANER}"
953347,Charanwala - 24 Cwb,चारणवाला - 24 सीडब्लुबी,6913,Bajju,,000000,U,,,2025-06-03,2025-07-15,1,"Villages  {11 S.M.D. (MOOMBALA),17 KWD,1 CDY JAGAT SINGH PURA etc...} has  been shifted from Subdistrict {Kolayat} of District {BIKANER} to Sub district {Bajju} of District {BIKANER}"
953349,15 - 17 Psd Abadi - 19 Psd,15-17 पीएसडी आबादी - 19 पीएसडी,6913,Bajju,,000000,U,,,2025-06-03,2025-07-15,1,"Villages  {11 S.M.D. (MOOMBALA),17 KWD,1 CDY JAGAT SINGH PURA etc...} has  been shifted from Subdistrict {Kolayat} of District {BIKANER} to Sub district {Bajju} of District {BIKANER}"
953350,Bajju Khalsa - 3 Bjm,बज्जू खालसा - 3 बीजीएम,6913,Bajju,,000000,U,,,2025-06-03,2025-07-15,1,"Villages  {11 S.M.D. (MOOMBALA),17 KWD,1 CDY JAGAT SINGH PURA etc...} has  been shifted from Subdistrict {Kolayat} of District {BIKANER} to Sub district {Bajju} of District {BIKANER}"
953351,Gokul -1 Blm,गोकुल - 1 बीएलएम,6913,Bajju,,000000,U,,,2025-06-03,2025-07-15,1,"Villages  {11 S.M.D. (MOOMBALA),17 KWD,1 CDY JAGAT SINGH PURA etc...} has  been shifted from Subdistrict {Kolayat} of District {BIKANER} to Sub district {Bajju} of District {BIKANER}"
953353,Charanwala -14-15-17- Khd,चारणवाला - 14-15-17 केएचडी,6913,Bajju,,000000,U,,,2025-06-03,2025-07-15,1,"Villages  {11 S.M.D. (MOOMBALA),17 KWD,1 CDY JAGAT SINGH PURA etc...} has  been shifted from Subdistrict {Kolayat} of District {BIKANER} to Sub district {Bajju} of District {BIKANER}"
953394,Gokul - 2 Blm,गोकुल - 2 बीएलएम,6913,Bajju,,000000,U,,,2025-06-03,2025-07-16,1,"Villages  {11 S.M.D. (MOOMBALA),17 KWD,1 CDY JAGAT SINGH PURA etc...} has  been shifted from Subdistrict {Kolayat} of District {BIKANER} to Sub district {Bajju} of District {BIKANER}"
953396,Kandharli -17 Dobb,काँधरली - 17 डीओबीबी,6913,Bajju,,000000,U,,,2025-06-03,2025-07-16,1,"Villages  {11 S.M.D. (MOOMBALA),17 KWD,1 CDY JAGAT SINGH PURA etc...} has  been shifted from Subdistrict {Kolayat} of District {BIKANER} to Sub district {Bajju} of District {BIKANER}"
953399,Phulasar Chota - 5 Cwb B,फूलासरछोटा - 5 सीडब्लूबी बी,6913,Bajju,,000000,U,,,2025-06-03,2025-07-16,1,"Villages  {11 S.M.D. (MOOMBALA),17 KWD,1 CDY JAGAT SINGH PURA etc...} has  been shifted from Subdistrict {Kolayat} of District {BIKANER} to Sub district {Bajju} of District {BIKANER}"
953400,Kabrewala Barani - 7 Bmr,कब्रेवाला बारानी - 7 बीएमआर,6913,Bajju,,000000,U,,,2025-06-03,2025-07-16,1,"Villages  {11 S.M.D. (MOOMBALA),17 KWD,1 CDY JAGAT SINGH PURA etc...} has  been shifted from Subdistrict {Kolayat} of District {BIKANER} to Sub district {Bajju} of District {BIKANER}"
953404,Raowala - 3 Rwm,राववाला - 3 आरडब्लूएम,6913,Bajju,,000000,U,,,2025-06-03,2025-07-16,1,"Villages  {11 S.M.D. (MOOMBALA),17 KWD,1 CDY JAGAT SINGH PURA etc...} has  been shifted from Subdistrict {Kolayat} of District {BIKANER} to Sub district {Bajju} of District {BIKANER}"
953405,Deriya - 12-13 Bsd,डेरीया - 12-13 बीएसडी,6913,Bajju,,000000,I,,,2025-06-03,2025-07-16,1,"Villages  {11 S.M.D. (MOOMBALA),17 KWD,1 CDY JAGAT SINGH PURA etc...} has  been shifted from Subdistrict {Kolayat} of District {BIKANER} to Sub district {Bajju} of District {BIKANER}"
953406,Kabrewala Barani - 20 Bsm,कब्रेवाला बारानी- 20 बीएसएम,6913,Bajju,,000000,U,,,2025-06-03,2025-07-16,1,"Villages  {11 S.M.D. (MOOMBALA),17 KWD,1 CDY JAGAT SINGH PURA etc...} has  been shifted from Subdistrict {Kolayat} of District {BIKANER} to Sub district {Bajju} of District {BIKANER}"
953408,Sanchubarani - 9 Mrm A,साँचु बारानी - 9 एमआरएम ए,6913,Bajju,,000000,U,,,2025-06-03,2025-07-16,1,"Villages  {11 S.M.D. (MOOMBALA),17 KWD,1 CDY JAGAT SINGH PURA etc...} has  been shifted from Subdistrict {Kolayat} of District {BIKANER} to Sub district {Bajju} of District {BIKANER}"
953409,Raowala - 1 Rwm,राववाला - 1 आरडब्लूएम,6913,Bajju,,000000,U,,,2025-06-03,2025-07-16,1,"Villages  {11 S.M.D. (MOOMBALA),17 KWD,1 CDY JAGAT SINGH PURA etc...} has  been shifted from Subdistrict {Kolayat} of District {BIKANER} to Sub district {Bajju} of District {BIKANER}"
953410,15-17 Psd Abadi - 19 Psd (Nc),15-17 पीएसडी आबादी - 19 पीएसडी (एनसी),6913,Bajju,,000000,U,,,2025-06-03,2025-07-16,1,"Villages  {11 S.M.D. (MOOMBALA),17 KWD,1 CDY JAGAT SINGH PURA etc...} has  been shifted from Subdistrict {Kolayat} of District {BIKANER} to Sub district {Bajju} of District {BIKANER}"
953411,Dandkala - 2 Gsm,दंडकला - 2 जीएसएम,6913,Bajju,,000000,U,,,2025-06-03,2025-07-16,1,"Villages  {11 S.M.D. (MOOMBALA),17 KWD,1 CDY JAGAT SINGH PURA etc...} has  been shifted from Subdistrict {Kolayat} of District {BIKANER} to Sub district {Bajju} of District {BIKANER}"
953412,Charanwala - 25 Cwb,चारणवाला - 25 सीडब्लुबी,6913,Bajju,,000000,U,,,2025-06-03,2025-07-16,1,"Villages  {11 S.M.D. (MOOMBALA),17 KWD,1 CDY JAGAT SINGH PURA etc...} has  been shifted from Subdistrict {Kolayat} of District {BIKANER} to Sub district {Bajju} of District {BIKANER}"
953413,Akhusar Barani - 9 Ady,अखुसर बारानी - 9 एडीवाई,6913,Bajju,,000000,U,,,2025-06-03,2025-07-16,1,"Villages  {11 S.M.D. (MOOMBALA),17 KWD,1 CDY JAGAT SINGH PURA etc...} has  been shifted from Subdistrict {Kolayat} of District {BIKANER} to Sub district {Bajju} of District {BIKANER}"
953414,Kabrewala Barani - 28 Mgm,कब्रेवाला बारानी - 28 एमजीएम,6913,Bajju,,000000,U,,,2025-06-03,2025-07-16,1,"Villages  {11 S.M.D. (MOOMBALA),17 KWD,1 CDY JAGAT SINGH PURA etc...} has  been shifted from Subdistrict {Kolayat} of District {BIKANER} to Sub district {Bajju} of District {BIKANER}"
953416,Karnisar - 6 Mgm,करणीसर - 6 एमजीएम,6913,Bajju,,000000,U,,,2025-06-03,2025-07-16,1,"Villages  {11 S.M.D. (MOOMBALA),17 KWD,1 CDY JAGAT SINGH PURA etc...} has  been shifted from Subdistrict {Kolayat} of District {BIKANER} to Sub district {Bajju} of District {BIKANER}"
953417,Bajju Khalsa - 4 Bjm,बज्जू खालसा - 4 बीजएम,6913,Bajju,,000000,U,,,2025-06-03,2025-07-16,1,"Villages  {11 S.M.D. (MOOMBALA),17 KWD,1 CDY JAGAT SINGH PURA etc...} has  been shifted from Subdistrict {Kolayat} of District {BIKANER} to Sub district {Bajju} of District {BIKANER}"
953418,Bikampur - 8 Gwm (B),बीकमपुर - 8 जीडब्लूएम (बी),6913,Bajju,,000000,U,,,2025-06-03,2025-07-16,1,"Villages  {11 S.M.D. (MOOMBALA),17 KWD,1 CDY JAGAT SINGH PURA etc...} has  been shifted from Subdistrict {Kolayat} of District {BIKANER} to Sub district {Bajju} of District {BIKANER}"
953419,Bangarsar - 2-3 Pwm,बांगड़सर - 2-3 पीडब्लूएम,6913,Bajju,,000000,U,,,2025-06-03,2025-07-16,1,"Villages  {11 S.M.D. (MOOMBALA),17 KWD,1 CDY JAGAT SINGH PURA etc...} has  been shifted from Subdistrict {Kolayat} of District {BIKANER} to Sub district {Bajju} of District {BIKANER}"
953420,Barsalpur - 11 Blm,बरसलपुर - 11 बीएलएम,6913,Bajju,,000000,U,,,2025-06-03,2025-07-16,1,"Villages  {11 S.M.D. (MOOMBALA),17 KWD,1 CDY JAGAT SINGH PURA etc...} has  been shifted from Subdistrict {Kolayat} of District {BIKANER} to Sub district {Bajju} of District {BIKANER}"
953421,Kayamwala - 13 Bsm,कायमवाला- 13 बीएसएम,6913,Bajju,,000000,U,,,2025-06-03,2025-07-16,1,"Villages  {11 S.M.D. (MOOMBALA),17 KWD,1 CDY JAGAT SINGH PURA etc...} has  been shifted from Subdistrict {Kolayat} of District {BIKANER} to Sub district {Bajju} of District {BIKANER}"
953423,Maganwala - 24 Kld Ignp,मगनवाला - 24 केएलडी आईजीएनपी,6913,Bajju,,000000,U,,,2025-06-03,2025-07-16,1,"Villages  {11 S.M.D. (MOOMBALA),17 KWD,1 CDY JAGAT SINGH PURA etc...} has  been shifted from Subdistrict {Kolayat} of District {BIKANER} to Sub district {Bajju} of District {BIKANER}"
953426,Bhurasar - 27 Mgm,भूरासर - 27 एमजीएम,6913,Bajju,,000000,U,,,2025-06-03,2025-07-16,1,"Villages  {11 S.M.D. (MOOMBALA),17 KWD,1 CDY JAGAT SINGH PURA etc...} has  been shifted from Subdistrict {Kolayat} of District {BIKANER} to Sub district {Bajju} of District {BIKANER}"
953427,Moosewala - 20 Bsd,मूसेवाला - 20 बीएसडी,6913,Bajju,,000000,U,,,2025-06-03,2025-07-16,1,"Villages  {11 S.M.D. (MOOMBALA),17 KWD,1 CDY JAGAT SINGH PURA etc...} has  been shifted from Subdistrict {Kolayat} of District {BIKANER} to Sub district {Bajju} of District {BIKANER}"
953431,Maganwala - 24 Kld Cad,मगनवाला - 24 केएलडी सीएडी,6913,Bajju,,000000,U,,,2025-06-03,2025-07-16,1,"Villages  {11 S.M.D. (MOOMBALA),17 KWD,1 CDY JAGAT SINGH PURA etc...} has  been shifted from Subdistrict {Kolayat} of District {BIKANER} to Sub district {Bajju} of District {BIKANER}"
953432,Jaggasar - 9 Dm,जग्गासर - 9 डीएम,6913,Bajju,,000000,U,,,2025-06-03,2025-07-16,1,"Villages  {11 S.M.D. (MOOMBALA),17 KWD,1 CDY JAGAT SINGH PURA etc...} has  been shifted from Subdistrict {Kolayat} of District {BIKANER} to Sub district {Bajju} of District {BIKANER}"
953433,Barsalpur -17 Bsd,बरसलपुर - 17 बीएसडी,6913,Bajju,,000000,U,,,2025-06-03,2025-07-16,1,"Villages  {11 S.M.D. (MOOMBALA),17 KWD,1 CDY JAGAT SINGH PURA etc...} has  been shifted from Subdistrict {Kolayat} of District {BIKANER} to Sub district {Bajju} of District {BIKANER}"
953436,Sheruwala - 2 Shm B,शेरूवाला- 2 एसएचएम बी,6913,Bajju,,000000,U,,,2025-06-03,2025-07-16,1,"Villages  {11 S.M.D. (MOOMBALA),17 KWD,1 CDY JAGAT SINGH PURA etc...} has  been shifted from Subdistrict {Kolayat} of District {BIKANER} to Sub district {Bajju} of District {BIKANER}"
953438,Jaganwala - 3 Am,जागणवाला - 3 एएम,6913,Bajju,,000000,U,,,2025-06-03,2025-07-16,1,"Villages  {11 S.M.D. (MOOMBALA),17 KWD,1 CDY JAGAT SINGH PURA etc...} has  been shifted from Subdistrict {Kolayat} of District {BIKANER} to Sub district {Bajju} of District {BIKANER}"
953440,Gulamwala - 7 Dm,गुलामवाला - 7 डीएम,6913,Bajju,,000000,U,,,2025-06-03,2025-07-16,1,"Villages  {11 S.M.D. (MOOMBALA),17 KWD,1 CDY JAGAT SINGH PURA etc...} has  been shifted from Subdistrict {Kolayat} of District {BIKANER} to Sub district {Bajju} of District {BIKANER}"
953441,Karnisar - 2 Mgm,करणीसर - 2 एमजीएम,6913,Bajju,,000000,U,,,2025-06-03,2025-07-16,1,"Villages  {11 S.M.D. (MOOMBALA),17 KWD,1 CDY JAGAT SINGH PURA etc...} has  been shifted from Subdistrict {Kolayat} of District {BIKANER} to Sub district {Bajju} of District {BIKANER}"
953443,Dandkhurd - 21 Bm,दण्डखुर्द - 21 बीएम,6913,Bajju,,000000,U,,,2025-06-03,2025-07-16,1,"Villages  {11 S.M.D. (MOOMBALA),17 KWD,1 CDY JAGAT SINGH PURA etc...} has  been shifted from Subdistrict {Kolayat} of District {BIKANER} to Sub district {Bajju} of District {BIKANER}"
953444,Karnisar - 11 Bsd,करणीसर - 11 बीएसडी,6913,Bajju,,000000,U,,,2025-06-03,2025-07-16,1,"Villages  {11 S.M.D. (MOOMBALA),17 KWD,1 CDY JAGAT SINGH PURA etc...} has  been shifted from Subdistrict {Kolayat} of District {BIKANER} to Sub district {Bajju} of District {BIKANER}"
953445,Miranwala - 15 Twm,मिरणवाला - 15 टीडब्लूएम,6913,Bajju,,000000,U,,,2025-06-03,2025-07-16,1,"Villages  {11 S.M.D. (MOOMBALA),17 KWD,1 CDY JAGAT SINGH PURA etc...} has  been shifted from Subdistrict {Kolayat} of District {BIKANER} to Sub district {Bajju} of District {BIKANER}"
953446,Bijeri - 3 Kwm,बि जेरी - 3 केडब्लूएम,6913,Bajju,,000000,U,,,2025-06-03,2025-07-16,1,"Villages  {11 S.M.D. (MOOMBALA),17 KWD,1 CDY JAGAT SINGH PURA etc...} has  been shifted from Subdistrict {Kolayat} of District {BIKANER} to Sub district {Bajju} of District {BIKANER}"
953447,Tanwarewala - 7 Twm,तंवरेवाला - 7 टीडब्लूएम,6913,Bajju,,000000,U,,,2025-06-03,2025-07-16,1,"Villages  {11 S.M.D. (MOOMBALA),17 KWD,1 CDY JAGAT SINGH PURA etc...} has  been shifted from Subdistrict {Kolayat} of District {BIKANER} to Sub district {Bajju} of District {BIKANER}"
953449,Bhiyewala - 10 Bsd,भियेवाला - 10 बीएसडी,6913,Bajju,,000000,U,,,2025-06-03,2025-07-16,1,"Villages  {11 S.M.D. (MOOMBALA),17 KWD,1 CDY JAGAT SINGH PURA etc...} has  been shifted from Subdistrict {Kolayat} of District {BIKANER} to Sub district {Bajju} of District {BIKANER}"
953450,Miranwala - 13 Twm Miranwala,मिरणवाला - 13 टीडब्लूएम मिरणवाला,6913,Bajju,,000000,U,,,2025-06-03,2025-07-16,1,"Villages  {11 S.M.D. (MOOMBALA),17 KWD,1 CDY JAGAT SINGH PURA etc...} has  been shifted from Subdistrict {Kolayat} of District {BIKANER} to Sub district {Bajju} of District {BIKANER}"
953451,Gogariyawala - 4 Gwm (A),गोगड़ि यावाला - 4 जीडब्लूएम (ए),6913,Bajju,,000000,U,,,2025-06-03,2025-07-16,1,"Villages  {11 S.M.D. (MOOMBALA),17 KWD,1 CDY JAGAT SINGH PURA etc...} has  been shifted from Subdistrict {Kolayat} of District {BIKANER} to Sub district {Bajju} of District {BIKANER}"
953452,Narayansar - 3 Nsm,नारायणसर - 3 एनएसएम,6913,Bajju,,000000,U,,,2025-06-03,2025-07-16,1,"Villages  {11 S.M.D. (MOOMBALA),17 KWD,1 CDY JAGAT SINGH PURA etc...} has  been shifted from Subdistrict {Kolayat} of District {BIKANER} to Sub district {Bajju} of District {BIKANER}"
953453,Sukhpura - 2Gwm (A),सुखपुरा - 2 जीडब्लूएम (ए) ,6913,Bajju,,000000,U,,,2025-06-03,2025-07-16,1,"Villages  {11 S.M.D. (MOOMBALA),17 KWD,1 CDY JAGAT SINGH PURA etc...} has  been shifted from Subdistrict {Kolayat} of District {BIKANER} to Sub district {Bajju} of District {BIKANER}"
953454,Miranwala - 24 Smd,मिरणवाला - 24 एसएमडी,6913,Bajju,,000000,U,,,2025-06-03,2025-07-16,1,"Villages  {11 S.M.D. (MOOMBALA),17 KWD,1 CDY JAGAT SINGH PURA etc...} has  been shifted from Subdistrict {Kolayat} of District {BIKANER} to Sub district {Bajju} of District {BIKANER}"
953456,Bhiyewala - 9 Bsd Bhiyewala,भियेवाला - 9 बीएसडी भियेवाला,6913,Bajju,,000000,U,,,2025-06-03,2025-07-16,1,"Villages  {11 S.M.D. (MOOMBALA),17 KWD,1 CDY JAGAT SINGH PURA etc...} has  been shifted from Subdistrict {Kolayat} of District {BIKANER} to Sub district {Bajju} of District {BIKANER}"
953457,Gogariyawala - 5 Gwm (A),Gogariyawala - 5 GWM (A),6913,Bajju,,000000,U,,,2025-06-03,2025-07-16,1,"Villages  {11 S.M.D. (MOOMBALA),17 KWD,1 CDY JAGAT SINGH PURA etc...} has  been shifted from Subdistrict {Kolayat} of District {BIKANER} to Sub district {Bajju} of District {BIKANER}"
953458,Narayansar - 8 Khd (B),नारायणसर - 8 केएचडी (बी),6913,Bajju,,000000,U,,,2025-06-03,2025-07-16,1,"Villages  {11 S.M.D. (MOOMBALA),17 KWD,1 CDY JAGAT SINGH PURA etc...} has  been shifted from Subdistrict {Kolayat} of District {BIKANER} to Sub district {Bajju} of District {BIKANER}"
953459,Godoo - 4 Gmr,गोडू - 4 जीएमआर,6913,Bajju,,000000,U,,,2025-06-03,2025-07-16,1,"Villages  {11 S.M.D. (MOOMBALA),17 KWD,1 CDY JAGAT SINGH PURA etc...} has  been shifted from Subdistrict {Kolayat} of District {BIKANER} to Sub district {Bajju} of District {BIKANER}"
953465,Phulasar Bara - 7 Psd,फुलासरबड़ा - 7 पीएसडी,6913,Bajju,,000000,U,,,2025-06-03,2025-07-16,1,"Villages  {11 S.M.D. (MOOMBALA),17 KWD,1 CDY JAGAT SINGH PURA etc...} has  been shifted from Subdistrict {Kolayat} of District {BIKANER} to Sub district {Bajju} of District {BIKANER}"
953466,Godoo - 3 Gsmr,गोडू - 3 जीएसएमआर,6913,Bajju,,000000,U,,,2025-06-03,2025-07-16,1,"Villages  {11 S.M.D. (MOOMBALA),17 KWD,1 CDY JAGAT SINGH PURA etc...} has  been shifted from Subdistrict {Kolayat} of District {BIKANER} to Sub district {Bajju} of District {BIKANER}"
953468,Gajjewala - 20 Kwd,गज्जेवाला - 20 केडब्लूडी,6913,Bajju,,000000,U,,,2025-06-03,2025-07-16,1,"Villages  {11 S.M.D. (MOOMBALA),17 KWD,1 CDY JAGAT SINGH PURA etc...} has  been shifted from Subdistrict {Kolayat} of District {BIKANER} to Sub district {Bajju} of District {BIKANER}"
953469,Rawalotan Ka Tala -12 Psm Ignp,रावलोतान का तला - 12 पी एस एम आईजीएनपी,6913,Bajju,,000000,U,,,2025-06-03,2025-07-16,1,"Villages  {11 S.M.D. (MOOMBALA),17 KWD,1 CDY JAGAT SINGH PURA etc...} has  been shifted from Subdistrict {Kolayat} of District {BIKANER} to Sub district {Bajju} of District {BIKANER}"
953470,Mankasar - 1 Mdm A,माणकासर - 1 एमडीएम ए,6913,Bajju,,000000,U,,,2025-06-03,2025-07-16,1,"Villages  {11 S.M.D. (MOOMBALA),17 KWD,1 CDY JAGAT SINGH PURA etc...} has  been shifted from Subdistrict {Kolayat} of District {BIKANER} to Sub district {Bajju} of District {BIKANER}"
953471,Charanwala -10 Psm 1,चारणवाला - 10 पीएसएम 1,6913,Bajju,,000000,U,,,2025-06-03,2025-07-16,1,"Villages  {11 S.M.D. (MOOMBALA),17 KWD,1 CDY JAGAT SINGH PURA etc...} has  been shifted from Subdistrict {Kolayat} of District {BIKANER} to Sub district {Bajju} of District {BIKANER}"
953472,Bhatiyon Ki Dhani - 3Mdsm,भाटियों की ढाणी - 3 एमडीएसएम,6913,Bajju,,000000,U,,,2025-06-03,2025-07-16,1,"Villages  {11 S.M.D. (MOOMBALA),17 KWD,1 CDY JAGAT SINGH PURA etc...} has  been shifted from Subdistrict {Kolayat} of District {BIKANER} to Sub district {Bajju} of District {BIKANER}"
953473,Modiya - 2-3 Twsm,मोडि या - 2-3 टीडब्लूएसएम,6913,Bajju,,000000,U,,,2025-06-03,2025-07-16,1,"Villages  {11 S.M.D. (MOOMBALA),17 KWD,1 CDY JAGAT SINGH PURA etc...} has  been shifted from Subdistrict {Kolayat} of District {BIKANER} to Sub district {Bajju} of District {BIKANER}"
953474,Bikendri - 10 Mkd,बिकेन्द्री - 10 एमकेडी,6913,Bajju,,000000,U,,,2025-06-03,2025-07-16,1,"Villages  {11 S.M.D. (MOOMBALA),17 KWD,1 CDY JAGAT SINGH PURA etc...} has  been shifted from Subdistrict {Kolayat} of District {BIKANER} to Sub district {Bajju} of District {BIKANER}"
953475,Bhaloori 1 Gm,भलूरी - 1 जीएम,6913,Bajju,,000000,U,,,2025-06-03,2025-07-16,1,"Villages  {11 S.M.D. (MOOMBALA),17 KWD,1 CDY JAGAT SINGH PURA etc...} has  been shifted from Subdistrict {Kolayat} of District {BIKANER} to Sub district {Bajju} of District {BIKANER}"
953476,Bajju - 1 Bjm,बज्जू - 1 बीजेएम,6913,Bajju,,000000,U,,,2025-06-03,2025-07-16,1,"Villages  {11 S.M.D. (MOOMBALA),17 KWD,1 CDY JAGAT SINGH PURA etc...} has  been shifted from Subdistrict {Kolayat} of District {BIKANER} to Sub district {Bajju} of District {BIKANER}"
953477,6-8 Am Santoshnagar - 8 Am,6-8 एएम संतोषनगर - 8 ऐएम,6913,Bajju,,000000,U,,,2025-06-03,2025-07-16,1,"Villages  {11 S.M.D. (MOOMBALA),17 KWD,1 CDY JAGAT SINGH PURA etc...} has  been shifted from Subdistrict {Kolayat} of District {BIKANER} to Sub district {Bajju} of District {BIKANER}"
953478,Ranjeetpura - 12 Rdy,रणजीतपुरा - 12 आरडीवाई,6913,Bajju,,000000,U,,,2025-06-03,2025-07-16,1,"Villages  {11 S.M.D. (MOOMBALA),17 KWD,1 CDY JAGAT SINGH PURA etc...} has  been shifted from Subdistrict {Kolayat} of District {BIKANER} to Sub district {Bajju} of District {BIKANER}"
953479,Phulasar Chota - 5 Cwb Ignp,फूलासरछोटा - 5 सीडब्लूबी आईजीएनपी,6913,Bajju,,000000,U,,,2025-06-03,2025-07-16,1,"Villages  {11 S.M.D. (MOOMBALA),17 KWD,1 CDY JAGAT SINGH PURA etc...} has  been shifted from Subdistrict {Kolayat} of District {BIKANER} to Sub district {Bajju} of District {BIKANER}"
953482,15 - 17 Psd Abadi - 20 Psd,15-17 पीएसडी आबादी - 20 पीएसडी,6913,Bajju,,000000,U,,,2025-06-03,2025-07-16,1,"Villages  {11 S.M.D. (MOOMBALA),17 KWD,1 CDY JAGAT SINGH PURA etc...} has  been shifted from Subdistrict {Kolayat} of District {BIKANER} to Sub district {Bajju} of District {BIKANER}"
953483,Dandkala - 3 Gsm,दंडकला - 3 जीएसएम,6913,Bajju,,000000,U,,,2025-06-03,2025-07-16,1,"Villages  {11 S.M.D. (MOOMBALA),17 KWD,1 CDY JAGAT SINGH PURA etc...} has  been shifted from Subdistrict {Kolayat} of District {BIKANER} to Sub district {Bajju} of District {BIKANER}"
953484,Bikampur -8 Gwm Non Cad,बीकमपुर - 8 जीडब्लूएम नॉन सीएडी,6913,Bajju,,000000,U,,,2025-06-03,2025-07-16,1,"Villages  {11 S.M.D. (MOOMBALA),17 KWD,1 CDY JAGAT SINGH PURA etc...} has  been shifted from Subdistrict {Kolayat} of District {BIKANER} to Sub district {Bajju} of District {BIKANER}"
953486,Charanwala - 26 Cwb,चारणवाला - 26 सीडब्लुबी,6913,Bajju,,000000,U,,,2025-06-03,2025-07-16,1,"Villages  {11 S.M.D. (MOOMBALA),17 KWD,1 CDY JAGAT SINGH PURA etc...} has  been shifted from Subdistrict {Kolayat} of District {BIKANER} to Sub district {Bajju} of District {BIKANER}"
953487,Gokul - 4 Rm (B),गोकुल - 4 आरएम (बी),6913,Bajju,,000000,U,,,2025-06-03,2025-07-16,1,"Villages  {11 S.M.D. (MOOMBALA),17 KWD,1 CDY JAGAT SINGH PURA etc...} has  been shifted from Subdistrict {Kolayat} of District {BIKANER} to Sub district {Bajju} of District {BIKANER}"
953489,Kandharli - 18 Dobb,काँधरली - 18 डीओबीबी,6913,Bajju,,000000,U,,,2025-06-03,2025-07-16,1,"Villages  {11 S.M.D. (MOOMBALA),17 KWD,1 CDY JAGAT SINGH PURA etc...} has  been shifted from Subdistrict {Kolayat} of District {BIKANER} to Sub district {Bajju} of District {BIKANER}"
953491,Barasalpur 13 Blm,बरसलपुर - 13 बीएलएम,6913,Bajju,,000000,U,,,2025-06-03,2025-07-16,1,"Villages  {11 S.M.D. (MOOMBALA),17 KWD,1 CDY JAGAT SINGH PURA etc...} has  been shifted from Subdistrict {Kolayat} of District {BIKANER} to Sub district {Bajju} of District {BIKANER}"
953494,Raowala - 3 Ady,राववाला - 3 एडीवाई,6913,Bajju,,000000,U,,,2025-06-03,2025-07-16,1,"Villages  {11 S.M.D. (MOOMBALA),17 KWD,1 CDY JAGAT SINGH PURA etc...} has  been shifted from Subdistrict {Kolayat} of District {BIKANER} to Sub district {Bajju} of District {BIKANER}"
953497,Sanchubarani - 9 Mrm B,साँचु बारानी - 9 एमआरएम B,6913,Bajju,,000000,U,,,2025-06-03,2025-07-16,1,"Villages  {11 S.M.D. (MOOMBALA),17 KWD,1 CDY JAGAT SINGH PURA etc...} has  been shifted from Subdistrict {Kolayat} of District {BIKANER} to Sub district {Bajju} of District {BIKANER}"
953499,Akhusar Barani - 9 Am 1,अखुसर बारानी - 9 एएम प्रथम,6913,Bajju,,000000,U,,,2025-06-03,2025-07-16,1,"Villages  {11 S.M.D. (MOOMBALA),17 KWD,1 CDY JAGAT SINGH PURA etc...} has  been shifted from Subdistrict {Kolayat} of District {BIKANER} to Sub district {Bajju} of District {BIKANER}"
953501,Deriya - 15-16 Bsd,डेरीया - 15-16 बीएसडी,6913,Bajju,,000000,U,,,2025-06-03,2025-07-16,1,"Villages  {11 S.M.D. (MOOMBALA),17 KWD,1 CDY JAGAT SINGH PURA etc...} has  been shifted from Subdistrict {Kolayat} of District {BIKANER} to Sub district {Bajju} of District {BIKANER}"
953503,Barsalpur -10 Bdy,बरसलपुर - 10 बीडीवाई,6913,Bajju,,000000,U,,,2025-06-03,2025-07-16,1,"Villages  {11 S.M.D. (MOOMBALA),17 KWD,1 CDY JAGAT SINGH PURA etc...} has  been shifted from Subdistrict {Kolayat} of District {BIKANER} to Sub district {Bajju} of District {BIKANER}"
953504,15-17 Psd Abadi - 20 Psd (Nc),15-17 पीएसडी आबादी - 20 पीएसडी (एनसी),6913,Bajju,,000000,U,,,2025-06-03,2025-07-16,1,"Villages  {11 S.M.D. (MOOMBALA),17 KWD,1 CDY JAGAT SINGH PURA etc...} has  been shifted from Subdistrict {Kolayat} of District {BIKANER} to Sub district {Bajju} of District {BIKANER}"
953507,Charanwala - 27 Cwb,चारणवाला - 27 सीडब्लुबी,6913,Bajju,,000000,U,,,2025-06-03,2025-07-16,1,"Villages  {11 S.M.D. (MOOMBALA),17 KWD,1 CDY JAGAT SINGH PURA etc...} has  been shifted from Subdistrict {Kolayat} of District {BIKANER} to Sub district {Bajju} of District {BIKANER}"
953509,Gokul - 7 Rm,गोकुल - 7 आरएम,6913,Bajju,,000000,U,,,2025-06-03,2025-07-16,1,"Villages  {11 S.M.D. (MOOMBALA),17 KWD,1 CDY JAGAT SINGH PURA etc...} has  been shifted from Subdistrict {Kolayat} of District {BIKANER} to Sub district {Bajju} of District {BIKANER}"
953510,Raowala - 25 Dobb,राववाला - 25 डीओबीबी,6913,Bajju,,000000,U,,,2025-06-03,2025-07-16,1,"Villages  {11 S.M.D. (MOOMBALA),17 KWD,1 CDY JAGAT SINGH PURA etc...} has  been shifted from Subdistrict {Kolayat} of District {BIKANER} to Sub district {Bajju} of District {BIKANER}"
953512,Barsalpur -2 Blsm,बरसलपुर - 2 बीएलएसएम,6913,Bajju,,000000,U,,,2025-06-03,2025-07-16,1,"Villages  {11 S.M.D. (MOOMBALA),17 KWD,1 CDY JAGAT SINGH PURA etc...} has  been shifted from Subdistrict {Kolayat} of District {BIKANER} to Sub district {Bajju} of District {BIKANER}"
953514,Sanchubarani - 9 Mrm,साँचु बारानी - 9 एमआरएम,6913,Bajju,,000000,U,,,2025-06-03,2025-07-16,1,"Villages  {11 S.M.D. (MOOMBALA),17 KWD,1 CDY JAGAT SINGH PURA etc...} has  been shifted from Subdistrict {Kolayat} of District {BIKANER} to Sub district {Bajju} of District {BIKANER}"
953516,Dandkala - 4 Bsd,दंडकला - 4 बीएसडी,6913,Bajju,,000000,U,,,2025-06-03,2025-07-16,1,"Villages  {11 S.M.D. (MOOMBALA),17 KWD,1 CDY JAGAT SINGH PURA etc...} has  been shifted from Subdistrict {Kolayat} of District {BIKANER} to Sub district {Bajju} of District {BIKANER}"
953517,Bikampur -8 Nsm (Ignp),बीकमपुर - 8 एनएसएम (आईजीएनपी),6913,Bajju,,000000,U,,,2025-06-03,2025-07-16,1,"Villages  {11 S.M.D. (MOOMBALA),17 KWD,1 CDY JAGAT SINGH PURA etc...} has  been shifted from Subdistrict {Kolayat} of District {BIKANER} to Sub district {Bajju} of District {BIKANER}"
953518,Barsalpur - 12 Blm,बरसलपुर - 12 बीएलएम,6913,Bajju,,000000,U,,,2025-06-03,2025-07-16,1,"Villages  {11 S.M.D. (MOOMBALA),17 KWD,1 CDY JAGAT SINGH PURA etc...} has  been shifted from Subdistrict {Kolayat} of District {BIKANER} to Sub district {Bajju} of District {BIKANER}"
953520,Akhusar Barani - 10 Am 1,अखुसर बारानी - 10 एएम प्रथम,6913,Bajju,,000000,U,,,2025-06-03,2025-07-16,1,"Villages  {11 S.M.D. (MOOMBALA),17 KWD,1 CDY JAGAT SINGH PURA etc...} has  been shifted from Subdistrict {Kolayat} of District {BIKANER} to Sub district {Bajju} of District {BIKANER}"
953521,Akhusar Barani - 11 Am 1,अखुसर बारानी - 11 एएम प्रथम,6913,Bajju,,000000,U,,,2025-06-03,2025-07-16,1,"Villages  {11 S.M.D. (MOOMBALA),17 KWD,1 CDY JAGAT SINGH PURA etc...} has  been shifted from Subdistrict {Kolayat} of District {BIKANER} to Sub district {Bajju} of District {BIKANER}"
953523,Dandkhurd - 22-24 Bm,दण्डखुर्द - 22-24 बीएम,6913,Bajju,,000000,U,,,2025-06-03,2025-07-16,1,"Villages  {11 S.M.D. (MOOMBALA),17 KWD,1 CDY JAGAT SINGH PURA etc...} has  been shifted from Subdistrict {Kolayat} of District {BIKANER} to Sub district {Bajju} of District {BIKANER}"
953524,Gajjewala - 19 Kwd,गज्जेवाला - 19 केडब्लूडी,6913,Bajju,,000000,U,,,2025-06-03,2025-07-16,1,"Villages  {11 S.M.D. (MOOMBALA),17 KWD,1 CDY JAGAT SINGH PURA etc...} has  been shifted from Subdistrict {Kolayat} of District {BIKANER} to Sub district {Bajju} of District {BIKANER}"
953525,Bijeri - 10 Cdy,बिजेरी - 10 सीडीवाई,6913,Bajju,,000000,U,,,2025-06-03,2025-07-16,1,"Villages  {11 S.M.D. (MOOMBALA),17 KWD,1 CDY JAGAT SINGH PURA etc...} has  been shifted from Subdistrict {Kolayat} of District {BIKANER} to Sub district {Bajju} of District {BIKANER}"
953526,Gulamwala - 10 Bm,गुलामवाला - 10 बीएम,6913,Bajju,,000000,U,,,2025-06-03,2025-07-16,1,"Villages  {11 S.M.D. (MOOMBALA),17 KWD,1 CDY JAGAT SINGH PURA etc...} has  been shifted from Subdistrict {Kolayat} of District {BIKANER} to Sub district {Bajju} of District {BIKANER}"
953527,Bhatiyon Ki Dhani - 3Mdm,भाटियों की ढाणी - 3 एमडीएम,6913,Bajju,,000000,U,,,2025-06-03,2025-07-16,1,"Villages  {11 S.M.D. (MOOMBALA),17 KWD,1 CDY JAGAT SINGH PURA etc...} has  been shifted from Subdistrict {Kolayat} of District {BIKANER} to Sub district {Bajju} of District {BIKANER}"
953528,Bhurasar - 2-3 Bsm,भूरासर - 2-3 बीएसएम,6913,Bajju,,000000,U,,,2025-06-03,2025-07-16,1,"Villages  {11 S.M.D. (MOOMBALA),17 KWD,1 CDY JAGAT SINGH PURA etc...} has  been shifted from Subdistrict {Kolayat} of District {BIKANER} to Sub district {Bajju} of District {BIKANER}"
953529,Godoo - 1 Gmr,गोडू - 1 जीएमआर,6913,Bajju,,000000,U,,,2025-06-03,2025-07-16,1,"Villages  {11 S.M.D. (MOOMBALA),17 KWD,1 CDY JAGAT SINGH PURA etc...} has  been shifted from Subdistrict {Kolayat} of District {BIKANER} to Sub district {Bajju} of District {BIKANER}"
953530,Gogariyawala - 5 Gwm (B),गोगड़ियावाला - 5 जीडब्लूएम (बी),6913,Bajju,,000000,U,,,2025-06-03,2025-07-16,1,"Villages  {11 S.M.D. (MOOMBALA),17 KWD,1 CDY JAGAT SINGH PURA etc...} has  been shifted from Subdistrict {Kolayat} of District {BIKANER} to Sub district {Bajju} of District {BIKANER}"
953531,Gokul - 6 Gm,गोकुल - 6 जीएम,6913,Bajju,,000000,U,,,2025-06-03,2025-07-16,1,"Villages  {11 S.M.D. (MOOMBALA),17 KWD,1 CDY JAGAT SINGH PURA etc...} has  been shifted from Subdistrict {Kolayat} of District {BIKANER} to Sub district {Bajju} of District {BIKANER}"
953532,6-8 Am Santoshnagar - 9 Am,6-8 एएम संतोषनगर - 9 एएम,6913,Bajju,,000000,U,,,2025-06-03,2025-07-16,1,"Villages  {11 S.M.D. (MOOMBALA),17 KWD,1 CDY JAGAT SINGH PURA etc...} has  been shifted from Subdistrict {Kolayat} of District {BIKANER} to Sub district {Bajju} of District {BIKANER}"
953533,Jaggasar - 10 Dm A,जग्गासर - 10 डीएम ए,6913,Bajju,,000000,U,,,2025-06-03,2025-07-16,1,"Villages  {11 S.M.D. (MOOMBALA),17 KWD,1 CDY JAGAT SINGH PURA etc...} has  been shifted from Subdistrict {Kolayat} of District {BIKANER} to Sub district {Bajju} of District {BIKANER}"
953536,Narayansar - 8 Khd (A),नारायणसर - 8 केएचडी (ए),6913,Bajju,,000000,U,,,2025-06-03,2025-07-16,1,"Villages  {11 S.M.D. (MOOMBALA),17 KWD,1 CDY JAGAT SINGH PURA etc...} has  been shifted from Subdistrict {Kolayat} of District {BIKANER} to Sub district {Bajju} of District {BIKANER}"
953537,Kayamwala - 13 Bdy,कायमवाला- 13 बीडीवाई,6913,Bajju,,000000,U,,,2025-06-03,2025-07-16,1,"Villages  {11 S.M.D. (MOOMBALA),17 KWD,1 CDY JAGAT SINGH PURA etc...} has  been shifted from Subdistrict {Kolayat} of District {BIKANER} to Sub district {Bajju} of District {BIKANER}"
953538,Maganwala - 25 Kld,मगनवाला - 25 केएलडी,6913,Bajju,,000000,U,,,2025-06-03,2025-07-16,1,"Villages  {11 S.M.D. (MOOMBALA),17 KWD,1 CDY JAGAT SINGH PURA etc...} has  been shifted from Subdistrict {Kolayat} of District {BIKANER} to Sub district {Bajju} of District {BIKANER}"
953540,Raowala - 6 Rm,राववाला - 6 आरएम,6913,Bajju,,000000,U,,,2025-06-03,2025-07-16,1,"Villages  {11 S.M.D. (MOOMBALA),17 KWD,1 CDY JAGAT SINGH PURA etc...} has  been shifted from Subdistrict {Kolayat} of District {BIKANER} to Sub district {Bajju} of District {BIKANER}"
953542,Mankasar - 1 Mkd B,माणकासर - 1 एमकेडी बी,6913,Bajju,,000000,U,,,2025-06-03,2025-07-16,1,"Villages  {11 S.M.D. (MOOMBALA),17 KWD,1 CDY JAGAT SINGH PURA etc...} has  been shifted from Subdistrict {Kolayat} of District {BIKANER} to Sub district {Bajju} of District {BIKANER}"
953544,Sanchubarani - 22 Bsm,साँचुबारानी - 22 बीएसएम,6913,Bajju,,000000,U,,,2025-06-03,2025-07-16,1,"Villages  {11 S.M.D. (MOOMBALA),17 KWD,1 CDY JAGAT SINGH PURA etc...} has  been shifted from Subdistrict {Kolayat} of District {BIKANER} to Sub district {Bajju} of District {BIKANER}"
953545,Phulasar Bara - 11 Psd,फुलासरबड़ा - 11 पीएसडी,6913,Bajju,,000000,U,,,2025-06-03,2025-07-16,1,"Villages  {11 S.M.D. (MOOMBALA),17 KWD,1 CDY JAGAT SINGH PURA etc...} has  been shifted from Subdistrict {Kolayat} of District {BIKANER} to Sub district {Bajju} of District {BIKANER}"
953546,Sheruwala - 3-4 Shm,शेरूवाला- 3-4 एसएचएम,6913,Bajju,,000000,U,,,2025-06-03,2025-07-16,1,"Villages  {11 S.M.D. (MOOMBALA),17 KWD,1 CDY JAGAT SINGH PURA etc...} has  been shifted from Subdistrict {Kolayat} of District {BIKANER} to Sub district {Bajju} of District {BIKANER}"
953547,Ranjeetpura - 13 Rdy (A),रणजीतपुरा - 13 आरडीवाई (ए),6913,Bajju,,000000,U,,,2025-06-03,2025-07-16,1,"Villages  {11 S.M.D. (MOOMBALA),17 KWD,1 CDY JAGAT SINGH PURA etc...} has  been shifted from Subdistrict {Kolayat} of District {BIKANER} to Sub district {Bajju} of District {BIKANER}"
953550,Jaganwala - 4 Am,जागणवाला - 4 एएम,6913,Bajju,,000000,U,,,2025-06-03,2025-07-16,1,"Villages  {11 S.M.D. (MOOMBALA),17 KWD,1 CDY JAGAT SINGH PURA etc...} has  been shifted from Subdistrict {Kolayat} of District {BIKANER} to Sub district {Bajju} of District {BIKANER}"
953551,Tanwarewala - 6-8 Twm,तंवरेवाला- 6-8 टीडब्लूएम,6913,Bajju,,000000,U,,,2025-06-03,2025-07-16,1,"Villages  {11 S.M.D. (MOOMBALA),17 KWD,1 CDY JAGAT SINGH PURA etc...} has  been shifted from Subdistrict {Kolayat} of District {BIKANER} to Sub district {Bajju} of District {BIKANER}"
953552,Rawalotan Ka Tala -12 Psm,रावलोतान का तला - 12 पीएसएम,6913,Bajju,,000000,U,,,2025-06-03,2025-07-16,1,"Villages  {11 S.M.D. (MOOMBALA),17 KWD,1 CDY JAGAT SINGH PURA etc...} has  been shifted from Subdistrict {Kolayat} of District {BIKANER} to Sub district {Bajju} of District {BIKANER}"
953553,Bhaloori - 7 Mkd,भलूरी - 7 एमकेडी,6913,Bajju,,000000,U,,,2025-06-03,2025-07-16,1,"Villages  {11 S.M.D. (MOOMBALA),17 KWD,1 CDY JAGAT SINGH PURA etc...} has  been shifted from Subdistrict {Kolayat} of District {BIKANER} to Sub district {Bajju} of District {BIKANER}"
953555,Shashtrinagar -3Gm,शास्त्री नगर - 3 जीएम,6913,Bajju,,000000,U,,,2025-06-03,2025-07-16,1,"Villages  {11 S.M.D. (MOOMBALA),17 KWD,1 CDY JAGAT SINGH PURA etc...} has  been shifted from Subdistrict {Kolayat} of District {BIKANER} to Sub district {Bajju} of District {BIKANER}"
953556,Barsalpur - 3 Bdy,बरसलपुर - 3 बीडीवाई,6913,Bajju,,000000,U,,,2025-06-03,2025-07-16,1,"Villages  {11 S.M.D. (MOOMBALA),17 KWD,1 CDY JAGAT SINGH PURA etc...} has  been shifted from Subdistrict {Kolayat} of District {BIKANER} to Sub district {Bajju} of District {BIKANER}"
953573,15- 17 Psd Abadi- 1 Psm 1,15-17 पीएसडी आबादी - 1 पीएसएम प्रथम,6913,Bajju,,000000,U,,,2025-06-03,2025-07-17,1,"Villages  {11 S.M.D. (MOOMBALA),17 KWD,1 CDY JAGAT SINGH PURA etc...} has  been shifted from Subdistrict {Kolayat} of District {BIKANER} to Sub district {Bajju} of District {BIKANER}"
953575,Bikampur - 8-9 Nsm (Bikampur),बीकमपुर - 8-9 एनएसएम,6913,Bajju,,000000,U,,,2025-06-03,2025-07-17,1,"Villages  {11 S.M.D. (MOOMBALA),17 KWD,1 CDY JAGAT SINGH PURA etc...} has  been shifted from Subdistrict {Kolayat} of District {BIKANER} to Sub district {Bajju} of District {BIKANER}"
953580,Bajju Khalsa - 5-6 Bjm,बज्जूखालसा - 5-6 बीजेएम,6913,Bajju,,000000,U,,,2025-06-03,2025-07-17,1,"Villages  {11 S.M.D. (MOOMBALA),17 KWD,1 CDY JAGAT SINGH PURA etc...} has  been shifted from Subdistrict {Kolayat} of District {BIKANER} to Sub district {Bajju} of District {BIKANER}"
953586,Viveknagar (12 Cwb),विवेकनगर (12 सीडब्‍लूबी),6913,Bajju,,000000,I,,,2025-06-03,2025-07-17,3,"Villages  {11 S.M.D. (MOOMBALA),17 KWD,1 CDY JAGAT SINGH PURA etc...} has  been shifted from Subdistrict {Kolayat} of District {BIKANER} to Sub district {Bajju} of District {BIKANER}"
953587,Bikampur - 9 Gwm A,बीकमपुर - 9 जीडब्लूएम ए,6913,Bajju,,000000,U,,,2025-06-03,2025-07-17,1,"Villages  {11 S.M.D. (MOOMBALA),17 KWD,1 CDY JAGAT SINGH PURA etc...} has  been shifted from Subdistrict {Kolayat} of District {BIKANER} to Sub district {Bajju} of District {BIKANER}"
953588,Gokul - 1 Cm,गोकुल - 1 सीएम,6913,Bajju,,000000,U,,,2025-06-03,2025-07-17,1,"Villages  {11 S.M.D. (MOOMBALA),17 KWD,1 CDY JAGAT SINGH PURA etc...} has  been shifted from Subdistrict {Kolayat} of District {BIKANER} to Sub district {Bajju} of District {BIKANER}"
953589,Raowala - 4 Ady,राववाला - 4 एडीवाई,6913,Bajju,,000000,U,,,2025-06-03,2025-07-17,1,"Villages  {11 S.M.D. (MOOMBALA),17 KWD,1 CDY JAGAT SINGH PURA etc...} has  been shifted from Subdistrict {Kolayat} of District {BIKANER} to Sub district {Bajju} of District {BIKANER}"
953591,Charanwala- 28 Cwb,चारणवाला - 28 सीडब्लुबी,6913,Bajju,,000000,U,,,2025-06-03,2025-07-17,1,"Villages  {11 S.M.D. (MOOMBALA),17 KWD,1 CDY JAGAT SINGH PURA etc...} has  been shifted from Subdistrict {Kolayat} of District {BIKANER} to Sub district {Bajju} of District {BIKANER}"
953592,Kabrewala Barani - 17 Bsm,कब्रेवाला बारानी - 17 बीएसएम,6913,Bajju,,000000,U,,,2025-06-03,2025-07-17,1,"Villages  {11 S.M.D. (MOOMBALA),17 KWD,1 CDY JAGAT SINGH PURA etc...} has  been shifted from Subdistrict {Kolayat} of District {BIKANER} to Sub district {Bajju} of District {BIKANER}"
953593,Brahmano Ki Dhani,ब्राहम्णों की ढाणी,6913,Bajju,,000000,I,,,2025-03-04,2025-07-17,1,"Villages  {11 S.M.D. (MOOMBALA),17 KWD,1 CDY JAGAT SINGH PURA etc...} has  been shifted from Subdistrict {Kolayat} of District {BIKANER} to Sub district {Bajju} of District {BIKANER}"
953594,Sanchubarani - 23 Bsm,साँचुबारानी- 23 बीएसएम,6913,Bajju,,000000,U,,,2025-06-03,2025-07-17,1,"Villages  {11 S.M.D. (MOOMBALA),17 KWD,1 CDY JAGAT SINGH PURA etc...} has  been shifted from Subdistrict {Kolayat} of District {BIKANER} to Sub district {Bajju} of District {BIKANER}"
953595,Raowala - 24 Dobb,राववाला - 24 डीओबीबी,6913,Bajju,,000000,U,,,2025-06-03,2025-07-17,1,"Villages  {11 S.M.D. (MOOMBALA),17 KWD,1 CDY JAGAT SINGH PURA etc...} has  been shifted from Subdistrict {Kolayat} of District {BIKANER} to Sub district {Bajju} of District {BIKANER}"
953596,Kayamwala - 12 Bdy,कायमवाला- 12 बीडीवाई,6913,Bajju,,000000,U,,,2025-06-03,2025-07-17,1,"Villages  {11 S.M.D. (MOOMBALA),17 KWD,1 CDY JAGAT SINGH PURA etc...} has  been shifted from Subdistrict {Kolayat} of District {BIKANER} to Sub district {Bajju} of District {BIKANER}"
953597,Maganwala 2 Mgsm,मगनवाला - 2 एमजीएसएम,6913,Bajju,,000000,U,,,2025-06-03,2025-07-17,1,"Villages  {11 S.M.D. (MOOMBALA),17 KWD,1 CDY JAGAT SINGH PURA etc...} has  been shifted from Subdistrict {Kolayat} of District {BIKANER} to Sub district {Bajju} of District {BIKANER}"
953598,Jembheswar Tala Tundiya,जम्भेश्वर तला तुण्डिया,6913,Bajju,,000000,I,,,2025-03-04,2025-07-17,1,"Villages  {11 S.M.D. (MOOMBALA),17 KWD,1 CDY JAGAT SINGH PURA etc...} has  been shifted from Subdistrict {Kolayat} of District {BIKANER} to Sub district {Bajju} of District {BIKANER}"
953599,Bikampur - 9 Gwm (B),बीकमपुर - 9 जीडब्लूएम बी,6913,Bajju,,000000,U,,,2025-06-03,2025-07-17,1,"Villages  {11 S.M.D. (MOOMBALA),17 KWD,1 CDY JAGAT SINGH PURA etc...} has  been shifted from Subdistrict {Kolayat} of District {BIKANER} to Sub district {Bajju} of District {BIKANER}"
953600,Bhurasar - 3 Mgsm,भूरासर - 3 एमजीएसएम,6913,Bajju,,000000,U,,,2025-06-03,2025-07-17,1,"Villages  {11 S.M.D. (MOOMBALA),17 KWD,1 CDY JAGAT SINGH PURA etc...} has  been shifted from Subdistrict {Kolayat} of District {BIKANER} to Sub district {Bajju} of District {BIKANER}"
953630,Sanchubarani - 24 Bsm,साँचुबारानी -24 बीएसएम,6913,Bajju,,000000,U,,,2024-06-03,2025-07-17,1,"Villages  {11 S.M.D. (MOOMBALA),17 KWD,1 CDY JAGAT SINGH PURA etc...} has  been shifted from Subdistrict {Kolayat} of District {BIKANER} to Sub district {Bajju} of District {BIKANER}"
953633,Raowala - 26 Dobb,राववाला - 26 डीओबीबी,6913,Bajju,,000000,U,,,2025-06-03,2025-07-17,1,"Villages  {11 S.M.D. (MOOMBALA),17 KWD,1 CDY JAGAT SINGH PURA etc...} has  been shifted from Subdistrict {Kolayat} of District {BIKANER} to Sub district {Bajju} of District {BIKANER}"
953635,Moosewala -21 Bsd,मूसेवाला - 21 बीएसडी,6913,Bajju,,000000,U,,,2025-06-03,2025-07-17,1,"Villages  {11 S.M.D. (MOOMBALA),17 KWD,1 CDY JAGAT SINGH PURA etc...} has  been shifted from Subdistrict {Kolayat} of District {BIKANER} to Sub district {Bajju} of District {BIKANER}"
953643,Sheruwala - 5 Shm,शेरूवाला- 5 एसएचएम,6913,Bajju,,000000,U,,,2025-06-03,2025-07-17,1,"Villages  {11 S.M.D. (MOOMBALA),17 KWD,1 CDY JAGAT SINGH PURA etc...} has  been shifted from Subdistrict {Kolayat} of District {BIKANER} to Sub district {Bajju} of District {BIKANER}"
953646,Maganwala - 4 Mgsm A,मगनवाला - 4 एमजीएसएम ए,6913,Bajju,,000000,U,,,2025-06-03,2025-07-17,1,"Villages  {11 S.M.D. (MOOMBALA),17 KWD,1 CDY JAGAT SINGH PURA etc...} has  been shifted from Subdistrict {Kolayat} of District {BIKANER} to Sub district {Bajju} of District {BIKANER}"
953649,Kayamwala - 11 Bsm,कायमवाला- 11 बीएसएम,6913,Bajju,,000000,U,,,2025-06-03,2025-07-17,1,"Villages  {11 S.M.D. (MOOMBALA),17 KWD,1 CDY JAGAT SINGH PURA etc...} has  been shifted from Subdistrict {Kolayat} of District {BIKANER} to Sub district {Bajju} of District {BIKANER}"
953656,Jethmal Nagar,जेठमाल नगर,6913,Bajju,,000000,I,,,2025-03-04,2025-07-17,1,"Villages  {11 S.M.D. (MOOMBALA),17 KWD,1 CDY JAGAT SINGH PURA etc...} has  been shifted from Subdistrict {Kolayat} of District {BIKANER} to Sub district {Bajju} of District {BIKANER}"
953662,Narayansar - 7 Khd,नारायणसर - 7 केएचडी,6913,Bajju,,000000,U,,,2025-06-03,2025-07-17,1,"Villages  {11 S.M.D. (MOOMBALA),17 KWD,1 CDY JAGAT SINGH PURA etc...} has  been shifted from Subdistrict {Kolayat} of District {BIKANER} to Sub district {Bajju} of District {BIKANER}"
953666,Jaggasar - 10 Twm,जग्गासर - 10 टीडब्लूएम,6913,Bajju,,000000,U,,,2025-06-03,2025-07-17,1,"Villages  {11 S.M.D. (MOOMBALA),17 KWD,1 CDY JAGAT SINGH PURA etc...} has  been shifted from Subdistrict {Kolayat} of District {BIKANER} to Sub district {Bajju} of District {BIKANER}"
953669,Gulamwala - 11 Bm,गुलामवाला - 11 बीएम,6913,Bajju,,000000,U,,,2025-06-03,2025-07-17,1,"Villages  {11 S.M.D. (MOOMBALA),17 KWD,1 CDY JAGAT SINGH PURA etc...} has  been shifted from Subdistrict {Kolayat} of District {BIKANER} to Sub district {Bajju} of District {BIKANER}"
953672,Gogariyawala - 6 Gwm (A),गोगड़ियावाला - 6  जीडब्लूएम(ए),6913,Bajju,,000000,U,,,2025-06-03,2025-07-17,1,"Villages  {11 S.M.D. (MOOMBALA),17 KWD,1 CDY JAGAT SINGH PURA etc...} has  been shifted from Subdistrict {Kolayat} of District {BIKANER} to Sub district {Bajju} of District {BIKANER}"
953674,Phulasar Bara - 1 Cwb,फुलासरबड़ा - 1 सीडब्लूबी,6913,Bajju,,000000,U,,,2025-06-03,2025-07-17,1,"Villages  {11 S.M.D. (MOOMBALA),17 KWD,1 CDY JAGAT SINGH PURA etc...} has  been shifted from Subdistrict {Kolayat} of District {BIKANER} to Sub district {Bajju} of District {BIKANER}"
953677,Godoo - 2 Gmr,गोडू - 2 जीएमआर,6913,Bajju,,000000,U,,,2025-06-03,2025-07-17,1,"Villages  {11 S.M.D. (MOOMBALA),17 KWD,1 CDY JAGAT SINGH PURA etc...} has  been shifted from Subdistrict {Kolayat} of District {BIKANER} to Sub district {Bajju} of District {BIKANER}"
953682,Niranjannagar (12-13 Khd),निरंजननगर (12-13 केएचडी),6913,Bajju,,000000,I,,,2025-06-03,2025-07-17,2,"Villages  {11 S.M.D. (MOOMBALA),17 KWD,1 CDY JAGAT SINGH PURA etc...} has  been shifted from Subdistrict {Kolayat} of District {BIKANER} to Sub district {Bajju} of District {BIKANER}"
953685,Mankasar -8Dobb,माणकासर - 8 डीओबीबी,6913,Bajju,,000000,U,,,2025-06-03,2025-07-17,1,"Villages  {11 S.M.D. (MOOMBALA),17 KWD,1 CDY JAGAT SINGH PURA etc...} has  been shifted from Subdistrict {Kolayat} of District {BIKANER} to Sub district {Bajju} of District {BIKANER}"
953689,Bijeri - 12 Bm,बिजेरी - 12 बीएम,6913,Bajju,,000000,U,,,2025-06-03,2025-07-17,1,"Villages  {11 S.M.D. (MOOMBALA),17 KWD,1 CDY JAGAT SINGH PURA etc...} has  been shifted from Subdistrict {Kolayat} of District {BIKANER} to Sub district {Bajju} of District {BIKANER}"
953698,Chak 14 Dobb Aabadi,चक 14 डीओबीबी आबादी,6913,Bajju,,000000,I,,,2025-06-03,2025-07-21,3,"Villages  {11 S.M.D. (MOOMBALA),17 KWD,1 CDY JAGAT SINGH PURA etc...} has  been shifted from Subdistrict {Kolayat} of District {BIKANER} to Sub district {Bajju} of District {BIKANER}"
953705,Bajju Khalsa - 7 Bjm,बज्जूखालसा - 7 बीजएम,6913,Bajju,,000000,U,,,2025-06-03,2025-07-17,1,"Villages  {11 S.M.D. (MOOMBALA),17 KWD,1 CDY JAGAT SINGH PURA etc...} has  been shifted from Subdistrict {Kolayat} of District {BIKANER} to Sub district {Bajju} of District {BIKANER}"
953709,Barsalpur 4 Bdy,बरसलपुर - 4 बीडीवाई,6913,Bajju,,000000,U,,,2025-06-03,2025-07-17,1,"Villages  {11 S.M.D. (MOOMBALA),17 KWD,1 CDY JAGAT SINGH PURA etc...} has  been shifted from Subdistrict {Kolayat} of District {BIKANER} to Sub district {Bajju} of District {BIKANER}"
953714,Bhatiyon Ki Dhani - 3 Mdm A,भाटियों की ढाणी - 3 एमडीएम ए,6913,Bajju,,000000,U,,,2025-06-03,2025-07-17,1,"Villages  {11 S.M.D. (MOOMBALA),17 KWD,1 CDY JAGAT SINGH PURA etc...} has  been shifted from Subdistrict {Kolayat} of District {BIKANER} to Sub district {Bajju} of District {BIKANER}"
953716,Bhurasar - 5 Bsm A,भूरासर - 5 बीएसएम ए,6913,Bajju,,000000,U,,,2025-06-03,2025-07-17,1,"Villages  {11 S.M.D. (MOOMBALA),17 KWD,1 CDY JAGAT SINGH PURA etc...} has  been shifted from Subdistrict {Kolayat} of District {BIKANER} to Sub district {Bajju} of District {BIKANER}"
953717,Gajjewala - 18 Kwd,गज्जेवाला - 18 केडब्लूडी,6913,Bajju,,000000,U,,,2025-06-03,2025-07-17,1,"Villages  {11 S.M.D. (MOOMBALA),17 KWD,1 CDY JAGAT SINGH PURA etc...} has  been shifted from Subdistrict {Kolayat} of District {BIKANER} to Sub district {Bajju} of District {BIKANER}"
953718,Beniwalpura Aabadi,बेनीवालपुरा आबादी,6913,Bajju,,000000,I,,,2025-03-04,2025-07-17,1,"Villages  {11 S.M.D. (MOOMBALA),17 KWD,1 CDY JAGAT SINGH PURA etc...} has  been shifted from Subdistrict {Kolayat} of District {BIKANER} to Sub district {Bajju} of District {BIKANER}"
953719,Ranjeetpura - 13 Rdy (B),रणजीतपुरा - 13 आरडीवाई (बी),6913,Bajju,,000000,U,,,2025-06-03,2025-07-17,1,"Villages  {11 S.M.D. (MOOMBALA),17 KWD,1 CDY JAGAT SINGH PURA etc...} has  been shifted from Subdistrict {Kolayat} of District {BIKANER} to Sub district {Bajju} of District {BIKANER}"
953720,Viveknagar 12 Cwb - 10 Cwb,विवेक नगर 12 सीडब्ल्यूबी - 10 सीडब्लूबी,6913,Bajju,,000000,U,,,2025-06-03,2025-07-17,1,"Villages  {11 S.M.D. (MOOMBALA),17 KWD,1 CDY JAGAT SINGH PURA etc...} has  been shifted from Subdistrict {Kolayat} of District {BIKANER} to Sub district {Bajju} of District {BIKANER}"
953721,Charanwala- 29 Cwb,चारणवाला - 29 सीडब्लुबी,6913,Bajju,,000000,U,,,2025-06-03,2025-07-17,1,"Villages  {11 S.M.D. (MOOMBALA),17 KWD,1 CDY JAGAT SINGH PURA etc...} has  been shifted from Subdistrict {Kolayat} of District {BIKANER} to Sub district {Bajju} of District {BIKANER}"
953722,6-8 Am Santoshnagar- 10 Am,6-8 एएम संतोषनगर - 10 एएम,6913,Bajju,,000000,U,,,2025-06-03,2025-07-17,1,"Villages  {11 S.M.D. (MOOMBALA),17 KWD,1 CDY JAGAT SINGH PURA etc...} has  been shifted from Subdistrict {Kolayat} of District {BIKANER} to Sub district {Bajju} of District {BIKANER}"
953723,Ayodhyanagari (15 Puli Maruti Miner),अयोध्या नगरी (15 पुली मारुति माईनर),6913,Bajju,,000000,I,,,2026-07-15,2026-08-17,3,"Villages  {11 S.M.D. (MOOMBALA),17 KWD,1 CDY JAGAT SINGH PURA etc...} has  been shifted from Subdistrict {Kolayat} of District {BIKANER} to Sub district {Bajju} of District {BIKANER}"
953724,Rawalotan Ka Tala - 13 Psm 1,रावलोतान का तला - 13 पीएसएम 1,6913,Bajju,,000000,U,,,2025-06-03,2025-07-17,1,"Villages  {11 S.M.D. (MOOMBALA),17 KWD,1 CDY JAGAT SINGH PURA etc...} has  been shifted from Subdistrict {Kolayat} of District {BIKANER} to Sub district {Bajju} of District {BIKANER}"
953726,Shivnagar (5 Ady),शिवनगर (5 एडीवाई),6913,Bajju,,000000,I,,,2025-06-03,2025-07-18,3,"Villages  {11 S.M.D. (MOOMBALA),17 KWD,1 CDY JAGAT SINGH PURA etc...} has  been shifted from Subdistrict {Kolayat} of District {BIKANER} to Sub district {Bajju} of District {BIKANER}"
953727,Bhutto Ki Dhani (Aabadi 1 Mkd),भुट्टों की ढाणी (आबादी 1 एमकेडी),6913,Bajju,,000000,I,,,2025-06-03,2025-07-17,3,"Villages  {11 S.M.D. (MOOMBALA),17 KWD,1 CDY JAGAT SINGH PURA etc...} has  been shifted from Subdistrict {Kolayat} of District {BIKANER} to Sub district {Bajju} of District {BIKANER}"
953728,Bangarsar - 9 Dobb,बांगड़सर - 9 डीओबीबी,6913,Bajju,,000000,U,,,2025-06-03,2025-07-17,1,"Villages  {11 S.M.D. (MOOMBALA),17 KWD,1 CDY JAGAT SINGH PURA etc...} has  been shifted from Subdistrict {Kolayat} of District {BIKANER} to Sub district {Bajju} of District {BIKANER}"
953736,Bangarsar - 2 Bjm,बांगड़सर - 2 बीजेएम,6913,Bajju,,000000,U,,,2025-06-03,2025-07-17,1,"Villages  {11 S.M.D. (MOOMBALA),17 KWD,1 CDY JAGAT SINGH PURA etc...} has  been shifted from Subdistrict {Kolayat} of District {BIKANER} to Sub district {Bajju} of District {BIKANER}"
953737,Bikampur - 9 Gwm Non Cad,बीकमपुर -9 जीडब्लूएम नॉन सीएडी,6913,Bajju,,000000,U,,,2025-06-03,2025-07-17,1,"Villages  {11 S.M.D. (MOOMBALA),17 KWD,1 CDY JAGAT SINGH PURA etc...} has  been shifted from Subdistrict {Kolayat} of District {BIKANER} to Sub district {Bajju} of District {BIKANER}"
953738,Barsalpur 5 Bdy,बरसलपुर - 5 बीडीवाई,6913,Bajju,,000000,U,,,2025-06-03,2025-07-17,1,"Villages  {11 S.M.D. (MOOMBALA),17 KWD,1 CDY JAGAT SINGH PURA etc...} has  been shifted from Subdistrict {Kolayat} of District {BIKANER} to Sub district {Bajju} of District {BIKANER}"
953739,Ayodhya Nagri 15 Puli Maruti Minor - 7 Mrm,अयोध्यानगरी 15 पुली मारूति माईनर - 7 एमआरएम,6913,Bajju,,000000,U,,,2025-06-03,2025-07-17,1,"Villages  {11 S.M.D. (MOOMBALA),17 KWD,1 CDY JAGAT SINGH PURA etc...} has  been shifted from Subdistrict {Kolayat} of District {BIKANER} to Sub district {Bajju} of District {BIKANER}"
953740,Charanwala - 30 Cwb,चारणवाला - 30 सीडब्लुबी,6913,Bajju,,000000,U,,,2025-06-03,2025-07-17,1,"Villages  {11 S.M.D. (MOOMBALA),17 KWD,1 CDY JAGAT SINGH PURA etc...} has  been shifted from Subdistrict {Kolayat} of District {BIKANER} to Sub district {Bajju} of District {BIKANER}"
953741,Gemarsinghpura (Chak 1Cd Aabadi),गेमरसिंहपुरा (चक 1 सीडी आबादी),6913,Bajju,,000000,I,,,2025-06-03,2025-07-18,5,"Villages  {11 S.M.D. (MOOMBALA),17 KWD,1 CDY JAGAT SINGH PURA etc...} has  been shifted from Subdistrict {Kolayat} of District {BIKANER} to Sub district {Bajju} of District {BIKANER}"
953742,Godu Ji Ki Dhani (Chak 2 Mm),गोडू जी की ढाणी (चक 2 एमएम),6913,Bajju,,000000,I,,,2025-06-03,2025-07-21,2,"Villages  {11 S.M.D. (MOOMBALA),17 KWD,1 CDY JAGAT SINGH PURA etc...} has  been shifted from Subdistrict {Kolayat} of District {BIKANER} to Sub district {Bajju} of District {BIKANER}"
953743,Bhinyanagar,भींयानगर,6913,Bajju,,000000,I,,,2025-02-03,2025-07-17,1,"Villages  {11 S.M.D. (MOOMBALA),17 KWD,1 CDY JAGAT SINGH PURA etc...} has  been shifted from Subdistrict {Kolayat} of District {BIKANER} to Sub district {Bajju} of District {BIKANER}"
953744,Bhurasar - 5 Bsm,भूरासर - 5 बीएसएम,6913,Bajju,,000000,U,,,2025-06-03,2025-07-17,1,"Villages  {11 S.M.D. (MOOMBALA),17 KWD,1 CDY JAGAT SINGH PURA etc...} has  been shifted from Subdistrict {Kolayat} of District {BIKANER} to Sub district {Bajju} of District {BIKANER}"
953745,1 Gmr Aabadi,1 जीएमआर आबादी,6913,Bajju,,000000,I,,,2025-02-03,2025-07-17,1,"Villages  {11 S.M.D. (MOOMBALA),17 KWD,1 CDY JAGAT SINGH PURA etc...} has  been shifted from Subdistrict {Kolayat} of District {BIKANER} to Sub district {Bajju} of District {BIKANER}"
953746,Bangarsar - 3 Bsm,बांगड़सर - 3 बीएसएम,6913,Bajju,,000000,U,,,2025-06-03,2025-07-17,1,"Villages  {11 S.M.D. (MOOMBALA),17 KWD,1 CDY JAGAT SINGH PURA etc...} has  been shifted from Subdistrict {Kolayat} of District {BIKANER} to Sub district {Bajju} of District {BIKANER}"
953747,Bhatiyon Ki Dhani - 5 Mdm,भाटियों की ढाणी - 5 एमडीएम,6913,Bajju,,000000,U,,,2025-06-03,2025-07-17,1,"Villages  {11 S.M.D. (MOOMBALA),17 KWD,1 CDY JAGAT SINGH PURA etc...} has  been shifted from Subdistrict {Kolayat} of District {BIKANER} to Sub district {Bajju} of District {BIKANER}"
953748,Bhurasar Naya,भुरासर नया,6913,Bajju,,000000,I,,,2025-06-03,2025-07-18,5,"Villages  {11 S.M.D. (MOOMBALA),17 KWD,1 CDY JAGAT SINGH PURA etc...} has  been shifted from Subdistrict {Kolayat} of District {BIKANER} to Sub district {Bajju} of District {BIKANER}"
953749,Bhutton Ki Dhani - 1 Mkd A,भुट्टों की ढाणी - 1 एमकेडी ए,6913,Bajju,,000000,U,,,2025-06-03,2025-07-17,1,"Villages  {11 S.M.D. (MOOMBALA),17 KWD,1 CDY JAGAT SINGH PURA etc...} has  been shifted from Subdistrict {Kolayat} of District {BIKANER} to Sub district {Bajju} of District {BIKANER}"
953750,Bijeri - 13 Bm,बिजेरी - 13 बीएम,6913,Bajju,,000000,U,,,2025-06-03,2025-07-17,1,"Villages  {11 S.M.D. (MOOMBALA),17 KWD,1 CDY JAGAT SINGH PURA etc...} has  been shifted from Subdistrict {Kolayat} of District {BIKANER} to Sub district {Bajju} of District {BIKANER}"
953751,Dudhiya (Chak 3 Mtr),दूधिया (चक 3 एमटीआर),6913,Bajju,,000000,I,,,2025-02-03,2025-07-17,1,"Villages  {11 S.M.D. (MOOMBALA),17 KWD,1 CDY JAGAT SINGH PURA etc...} has  been shifted from Subdistrict {Kolayat} of District {BIKANER} to Sub district {Bajju} of District {BIKANER}"
953752,Gajjewala - 9 Gwm,गज्जेवाला - 9 जीडब्लूएम,6913,Bajju,,000000,U,,,2025-06-03,2025-07-17,1,"Villages  {11 S.M.D. (MOOMBALA),17 KWD,1 CDY JAGAT SINGH PURA etc...} has  been shifted from Subdistrict {Kolayat} of District {BIKANER} to Sub district {Bajju} of District {BIKANER}"
953753,Ganpatsinghpura (Chak 4 Mm),गणपतसिंहपुरा (चक 4 एमएम),6913,Bajju,,000000,I,,,2025-06-03,2025-07-21,5,"Villages  {11 S.M.D. (MOOMBALA),17 KWD,1 CDY JAGAT SINGH PURA etc...} has  been shifted from Subdistrict {Kolayat} of District {BIKANER} to Sub district {Bajju} of District {BIKANER}"
953754,Godoo - 5 Gmr,गोडू - 5 जीएमआर,6913,Bajju,,000000,U,,,2025-06-03,2025-07-17,1,"Villages  {11 S.M.D. (MOOMBALA),17 KWD,1 CDY JAGAT SINGH PURA etc...} has  been shifted from Subdistrict {Kolayat} of District {BIKANER} to Sub district {Bajju} of District {BIKANER}"
953756,Gogariyawala - 4 Gwm (B),गोगड़ियावाला - 4 जीडब्लूएम (बी),6913,Bajju,,000000,U,,,2025-06-03,2025-07-17,1,"Villages  {11 S.M.D. (MOOMBALA),17 KWD,1 CDY JAGAT SINGH PURA etc...} has  been shifted from Subdistrict {Kolayat} of District {BIKANER} to Sub district {Bajju} of District {BIKANER}"
953757,Gokul - 3-5 Cm,गोकुल - 3-5 सीएम,6913,Bajju,,000000,U,,,2025-06-03,2025-07-17,1,"Villages  {11 S.M.D. (MOOMBALA),17 KWD,1 CDY JAGAT SINGH PURA etc...} has  been shifted from Subdistrict {Kolayat} of District {BIKANER} to Sub district {Bajju} of District {BIKANER}"
953759,Bikampur - 9 Nsm (Ignp),बीकमपुर - 9 एनएसएम (आईजीएनपी),6913,Bajju,,000000,U,,,2025-06-03,2025-07-17,1,"Villages  {11 S.M.D. (MOOMBALA),17 KWD,1 CDY JAGAT SINGH PURA etc...} has  been shifted from Subdistrict {Kolayat} of District {BIKANER} to Sub district {Bajju} of District {BIKANER}"
953760,Gulamwala - 14 Bm,गुलामवाला - 14 बीएम,6913,Bajju,,000000,U,,,2025-06-03,2025-07-17,1,"Villages  {11 S.M.D. (MOOMBALA),17 KWD,1 CDY JAGAT SINGH PURA etc...} has  been shifted from Subdistrict {Kolayat} of District {BIKANER} to Sub district {Bajju} of District {BIKANER}"
953764,Bhurasar - 7 Bsm,भूरासर - 7 बीएसएम,6913,Bajju,,000000,U,,,2025-06-03,2025-07-17,1,"Villages  {11 S.M.D. (MOOMBALA),17 KWD,1 CDY JAGAT SINGH PURA etc...} has  been shifted from Subdistrict {Kolayat} of District {BIKANER} to Sub district {Bajju} of District {BIKANER}"
953765,4 Rdy Aabadi,4 आरडीवाई आबादी,6913,Bajju,,000000,I,,,2025-06-03,2025-07-18,5,"Villages  {11 S.M.D. (MOOMBALA),17 KWD,1 CDY JAGAT SINGH PURA etc...} has  been shifted from Subdistrict {Kolayat} of District {BIKANER} to Sub district {Bajju} of District {BIKANER}"
953766,Bangarsar - 6 Dobb,बांगड़सर - 6 डीओबीबी,6913,Bajju,,000000,U,,,2025-06-03,2025-07-17,1,"Villages  {11 S.M.D. (MOOMBALA),17 KWD,1 CDY JAGAT SINGH PURA etc...} has  been shifted from Subdistrict {Kolayat} of District {BIKANER} to Sub district {Bajju} of District {BIKANER}"
953767,Bhurasar Naya - 28 Kld B,भूरासरनया - 28 के एलडी बी,6913,Bajju,,000000,U,,,2025-06-03,2025-07-17,1,"Villages  {11 S.M.D. (MOOMBALA),17 KWD,1 CDY JAGAT SINGH PURA etc...} has  been shifted from Subdistrict {Kolayat} of District {BIKANER} to Sub district {Bajju} of District {BIKANER}"
953768,Bijeri 17 Bm A,बिजेरी - 17 बीएम ए,6913,Bajju,,000000,U,,,2025-06-03,2025-07-17,1,"Villages  {11 S.M.D. (MOOMBALA),17 KWD,1 CDY JAGAT SINGH PURA etc...} has  been shifted from Subdistrict {Kolayat} of District {BIKANER} to Sub district {Bajju} of District {BIKANER}"
953769,Gogariyawala - 2 Nsm,गोगड़ियावाला - 2 एनएसएम,6913,Bajju,,000000,U,,,2025-06-03,2025-07-17,1,"Villages  {11 S.M.D. (MOOMBALA),17 KWD,1 CDY JAGAT SINGH PURA etc...} has  been shifted from Subdistrict {Kolayat} of District {BIKANER} to Sub district {Bajju} of District {BIKANER}"
953770,Gulamwala - 15 Bm,गुलामवाला - 15 बीएम,6913,Bajju,,000000,U,,,2025-06-03,2025-07-17,1,"Villages  {11 S.M.D. (MOOMBALA),17 KWD,1 CDY JAGAT SINGH PURA etc...} has  been shifted from Subdistrict {Kolayat} of District {BIKANER} to Sub district {Bajju} of District {BIKANER}"
953773,Godoo - 7 Gmr,गोडू - 7 जीएमआर,6913,Bajju,,000000,U,,,2025-06-03,2025-07-17,1,"Villages  {11 S.M.D. (MOOMBALA),17 KWD,1 CDY JAGAT SINGH PURA etc...} has  been shifted from Subdistrict {Kolayat} of District {BIKANER} to Sub district {Bajju} of District {BIKANER}"
953774,Viveknagar (12 Cwb),विवेकनगर (12 सीडब्ल्यूबी),6913,Bajju,,000000,I,,,2025-02-03,2025-07-17,1,"Villages  {11 S.M.D. (MOOMBALA),17 KWD,1 CDY JAGAT SINGH PURA etc...} has  been shifted from Subdistrict {Kolayat} of District {BIKANER} to Sub district {Bajju} of District {BIKANER}"
953775,Jaggasar - 12 Dm,जग्गासर - 12 डीएम,6913,Bajju,,000000,U,,,2025-06-03,2025-07-17,1,"Villages  {11 S.M.D. (MOOMBALA),17 KWD,1 CDY JAGAT SINGH PURA etc...} has  been shifted from Subdistrict {Kolayat} of District {BIKANER} to Sub district {Bajju} of District {BIKANER}"
953777,Bangarsar - 2Bsm,बांगड़सर - 2 बीएसएम,6913,Bajju,,000000,U,,,2025-06-03,2025-07-17,1,"Villages  {11 S.M.D. (MOOMBALA),17 KWD,1 CDY JAGAT SINGH PURA etc...} has  been shifted from Subdistrict {Kolayat} of District {BIKANER} to Sub district {Bajju} of District {BIKANER}"
953782,Gemarsinghpura Chak 1 Cd Abadi - 21Dobb A,गेमरसिंहपुरा चक 1 सीडी आबादी- 21 डीओबीबी ए,6913,Bajju,,000000,U,,,2025-06-03,2025-07-17,1,"Villages  {11 S.M.D. (MOOMBALA),17 KWD,1 CDY JAGAT SINGH PURA etc...} has  been shifted from Subdistrict {Kolayat} of District {BIKANER} to Sub district {Bajju} of District {BIKANER}"
953784,Kalyansinghpura (Chak 2Mkd-A),कल्याणसिंहपुरा ( चक 2 एमकेडी-ए),6913,Bajju,,000000,I,,,2025-06-03,2025-07-21,3,"Villages  {11 S.M.D. (MOOMBALA),17 KWD,1 CDY JAGAT SINGH PURA etc...} has  been shifted from Subdistrict {Kolayat} of District {BIKANER} to Sub district {Bajju} of District {BIKANER}"
953786,Bhutton Ki Dhani - 1 Mkd,भुट्टों की ढाणी - 1 एमकेडी,6913,Bajju,,000000,U,,,2025-06-03,2025-07-17,1,"Villages  {11 S.M.D. (MOOMBALA),17 KWD,1 CDY JAGAT SINGH PURA etc...} has  been shifted from Subdistrict {Kolayat} of District {BIKANER} to Sub district {Bajju} of District {BIKANER}"
953788,Gajjewala - 8Gwm,गज्जेवाला - 8 जीडब्लूएम,6913,Bajju,,000000,U,,,2025-06-03,2025-07-17,1,"Villages  {11 S.M.D. (MOOMBALA),17 KWD,1 CDY JAGAT SINGH PURA etc...} has  been shifted from Subdistrict {Kolayat} of District {BIKANER} to Sub district {Bajju} of District {BIKANER}"
953789,Karninagar (36-38 Cwb),करणीनगर (36-38 सीडब्ल्यूबी),6913,Bajju,,000000,I,,,2025-06-03,2025-07-18,3,"Villages  {11 S.M.D. (MOOMBALA),17 KWD,1 CDY JAGAT SINGH PURA etc...} has  been shifted from Subdistrict {Kolayat} of District {BIKANER} to Sub district {Bajju} of District {BIKANER}"
953790,Maganwala - 4-5 Mgsm,मगनवाला - 4-5 एमजीएसएम,6913,Bajju,,000000,U,,,2025-06-03,2025-07-17,1,"Villages  {11 S.M.D. (MOOMBALA),17 KWD,1 CDY JAGAT SINGH PURA etc...} has  been shifted from Subdistrict {Kolayat} of District {BIKANER} to Sub district {Bajju} of District {BIKANER}"
953791,Moosewala - 1 Ksm,मूसेवाला - 1 केएसएम,6913,Bajju,,000000,U,,,2025-06-03,2025-07-17,1,"Villages  {11 S.M.D. (MOOMBALA),17 KWD,1 CDY JAGAT SINGH PURA etc...} has  been shifted from Subdistrict {Kolayat} of District {BIKANER} to Sub district {Bajju} of District {BIKANER}"
953792,Narayansar - 1 Nsm,नारायणसर - 1 एनएसएम,6913,Bajju,,000000,U,,,2025-06-03,2025-07-17,1,"Villages  {11 S.M.D. (MOOMBALA),17 KWD,1 CDY JAGAT SINGH PURA etc...} has  been shifted from Subdistrict {Kolayat} of District {BIKANER} to Sub district {Bajju} of District {BIKANER}"
953793,Niranjan Nagar 12-13 Khd - 1 Cwm,निरंजननगर 12-13 के एचडी - 1 सीडब्ल्यूएम,6913,Bajju,,000000,U,,,2025-06-03,2025-07-17,1,"Villages  {11 S.M.D. (MOOMBALA),17 KWD,1 CDY JAGAT SINGH PURA etc...} has  been shifted from Subdistrict {Kolayat} of District {BIKANER} to Sub district {Bajju} of District {BIKANER}"
953794,Shivnagar 5 Ady - 6 Ady,शिवनगर 5 ADY - 6 एडीवाई,6913,Bajju,,000000,U,,,2025-06-03,2025-07-17,1,"Villages  {11 S.M.D. (MOOMBALA),17 KWD,1 CDY JAGAT SINGH PURA etc...} has  been shifted from Subdistrict {Kolayat} of District {BIKANER} to Sub district {Bajju} of District {BIKANER}"
953795,Taniyali,तनियाली,6913,Bajju,,000000,I,,,2025-06-03,2025-07-18,3,"Villages  {11 S.M.D. (MOOMBALA),17 KWD,1 CDY JAGAT SINGH PURA etc...} has  been shifted from Subdistrict {Kolayat} of District {BIKANER} to Sub district {Bajju} of District {BIKANER}"
953796,Phulasar Bara - 1 Cwb (A),फुलासरबड़ा - 1 सीडब्लूबी (ए),6913,Bajju,,000000,U,,,2025-06-03,2025-07-17,1,"Villages  {11 S.M.D. (MOOMBALA),17 KWD,1 CDY JAGAT SINGH PURA etc...} has  been shifted from Subdistrict {Kolayat} of District {BIKANER} to Sub district {Bajju} of District {BIKANER}"
953798,Sheruwala - 6 Shm,शेरूवाला- 6 एसएचएम,6913,Bajju,,000000,U,,,2025-06-03,2025-07-17,1,"Villages  {11 S.M.D. (MOOMBALA),17 KWD,1 CDY JAGAT SINGH PURA etc...} has  been shifted from Subdistrict {Kolayat} of District {BIKANER} to Sub district {Bajju} of District {BIKANER}"
953799,Raowala - 7 Rm,राववाला - 7 आरएम,6913,Bajju,,000000,U,,,2025-06-03,2025-07-17,1,"Villages  {11 S.M.D. (MOOMBALA),17 KWD,1 CDY JAGAT SINGH PURA etc...} has  been shifted from Subdistrict {Kolayat} of District {BIKANER} to Sub district {Bajju} of District {BIKANER}"
953800,Rawalotan Ka Tala - 14Psm 1,रावलोतान का तला - 14 पीएसएम 1,6913,Bajju,,000000,U,,,2025-06-03,2025-07-17,1,"Villages  {11 S.M.D. (MOOMBALA),17 KWD,1 CDY JAGAT SINGH PURA etc...} has  been shifted from Subdistrict {Kolayat} of District {BIKANER} to Sub district {Bajju} of District {BIKANER}"
953801,Viveknagar 12 Cwb - 12 Cwb A,विवेकनगर 12 सीडब्ल्यूबी - 12 सीडब्लूबीए,6913,Bajju,,000000,U,,,2025-06-03,2025-07-17,1,"Villages  {11 S.M.D. (MOOMBALA),17 KWD,1 CDY JAGAT SINGH PURA etc...} has  been shifted from Subdistrict {Kolayat} of District {BIKANER} to Sub district {Bajju} of District {BIKANER}"
953802,Sanchubarani - 25 Bsm,साँचुबारानी- 25 बीएसएम,6913,Bajju,,000000,U,,,2025-06-03,2025-07-17,1,"Villages  {11 S.M.D. (MOOMBALA),17 KWD,1 CDY JAGAT SINGH PURA etc...} has  been shifted from Subdistrict {Kolayat} of District {BIKANER} to Sub district {Bajju} of District {BIKANER}"
953803,Vishvakarma Nagar (Chak 7 Rdy Aabadi),विश्वकर्मा नगर (चक 7 आरडीवाई आबादी),6913,Bajju,,000000,I,,,2025-06-03,2025-07-18,3,"Villages  {11 S.M.D. (MOOMBALA),17 KWD,1 CDY JAGAT SINGH PURA etc...} has  been shifted from Subdistrict {Kolayat} of District {BIKANER} to Sub district {Bajju} of District {BIKANER}"
953804,Salasar City (Chak 5 Kpm Aabadi),सालासर सिटी (चक 5 आरपीएम आबादी),6913,Bajju,,000000,I,,,2025-06-03,2025-07-21,5,"Villages  {11 S.M.D. (MOOMBALA),17 KWD,1 CDY JAGAT SINGH PURA etc...} has  been shifted from Subdistrict {Kolayat} of District {BIKANER} to Sub district {Bajju} of District {BIKANER}"
953805,Rawatsinghpura (37Cwb),रावतसिंहपुरा (37 सीडब्ल्यूबी),6913,Bajju,,000000,I,,,2025-06-03,2025-07-18,3,"Villages  {11 S.M.D. (MOOMBALA),17 KWD,1 CDY JAGAT SINGH PURA etc...} has  been shifted from Subdistrict {Kolayat} of District {BIKANER} to Sub district {Bajju} of District {BIKANER}"
953806,Larewala,लारेवाला,6913,Bajju,,000000,I,,,2025-06-03,2025-07-18,2,"Villages  {11 S.M.D. (MOOMBALA),17 KWD,1 CDY JAGAT SINGH PURA etc...} has  been shifted from Subdistrict {Kolayat} of District {BIKANER} to Sub district {Bajju} of District {BIKANER}"
953807,Shivnagar 5 Ady - 7 Ady,शिवनगर 5 ADY - 7 एडीवाई,6913,Bajju,,000000,U,,,2025-06-03,2025-07-18,1,"Villages  {11 S.M.D. (MOOMBALA),17 KWD,1 CDY JAGAT SINGH PURA etc...} has  been shifted from Subdistrict {Kolayat} of District {BIKANER} to Sub district {Bajju} of District {BIKANER}"
953808,Shriram Nagari (Chak 10 Rdy Aabadi),श्रीराम नगरी (चक 10 आरडीवाई आबादी),6913,Bajju,,000000,I,,,2025-06-03,2025-07-18,3,"Villages  {11 S.M.D. (MOOMBALA),17 KWD,1 CDY JAGAT SINGH PURA etc...} has  been shifted from Subdistrict {Kolayat} of District {BIKANER} to Sub district {Bajju} of District {BIKANER}"
953809,Rawatsinghpura 37 Cwb - 35 Cwb,रावतसिंहपुरा 37 सीडब्ल्यूबी - 35 सीडब्ल्यूबी,6913,Bajju,,000000,U,,,2025-06-03,2025-07-18,1,"Villages  {11 S.M.D. (MOOMBALA),17 KWD,1 CDY JAGAT SINGH PURA etc...} has  been shifted from Subdistrict {Kolayat} of District {BIKANER} to Sub district {Bajju} of District {BIKANER}"
953811,Raowala - 8 Rm,राववाला - 8 आरएम,6913,Bajju,,000000,U,,,2025-06-03,2025-07-18,1,"Villages  {11 S.M.D. (MOOMBALA),17 KWD,1 CDY JAGAT SINGH PURA etc...} has  been shifted from Subdistrict {Kolayat} of District {BIKANER} to Sub district {Bajju} of District {BIKANER}"
953815,Rawalotan Ka Tala - 13 Psm A,रावलोतान का तला- 13 पीएसएम ए ,6913,Bajju,,000000,U,,,2025-06-03,2025-07-18,1,"Villages  {11 S.M.D. (MOOMBALA),17 KWD,1 CDY JAGAT SINGH PURA etc...} has  been shifted from Subdistrict {Kolayat} of District {BIKANER} to Sub district {Bajju} of District {BIKANER}"
953816,3-4 S.H.M. Aabadi,3-4 एस.एच.एम. आबादी,6913,Bajju,,000000,I,,,2025-03-12,2025-07-18,1,"Villages  {11 S.M.D. (MOOMBALA),17 KWD,1 CDY JAGAT SINGH PURA etc...} has  been shifted from Subdistrict {Kolayat} of District {BIKANER} to Sub district {Bajju} of District {BIKANER}"
953817,3 K.W.M Aabadi,3 के . डब्ल्यू. एम. आबादी,6913,Bajju,,000000,I,,,2025-03-12,2025-07-18,1,"Villages  {11 S.M.D. (MOOMBALA),17 KWD,1 CDY JAGAT SINGH PURA etc...} has  been shifted from Subdistrict {Kolayat} of District {BIKANER} to Sub district {Bajju} of District {BIKANER}"
953819,Taniyali - 5 Blm,तनियाली - 5 बीएलएम,6913,Bajju,,000000,U,,,2025-06-03,2025-07-18,1,"Villages  {11 S.M.D. (MOOMBALA),17 KWD,1 CDY JAGAT SINGH PURA etc...} has  been shifted from Subdistrict {Kolayat} of District {BIKANER} to Sub district {Bajju} of District {BIKANER}"
953820,Salasarcity Chak 5 Rpm Abadi - 1Rm,सालासरसिटी चक 5 आरपीएम आबादी - 1 आरएम,6913,Bajju,,000000,I,,,2025-06-03,2025-07-18,1,"Villages  {11 S.M.D. (MOOMBALA),17 KWD,1 CDY JAGAT SINGH PURA etc...} has  been shifted from Subdistrict {Kolayat} of District {BIKANER} to Sub district {Bajju} of District {BIKANER}"
953822,4 Rdy Abadi 1Km,4RDY आबादी - 1 केएम,6913,Bajju,,000000,U,,,2025-06-03,2025-07-18,1,"Villages  {11 S.M.D. (MOOMBALA),17 KWD,1 CDY JAGAT SINGH PURA etc...} has  been shifted from Subdistrict {Kolayat} of District {BIKANER} to Sub district {Bajju} of District {BIKANER}"
953823,Bangarsar - 871 - 300Rd,बांगड़सर - 871-300 आरडी ,6913,Bajju,,000000,U,,,2025-06-03,2025-07-18,1,"Villages  {11 S.M.D. (MOOMBALA),17 KWD,1 CDY JAGAT SINGH PURA etc...} has  been shifted from Subdistrict {Kolayat} of District {BIKANER} to Sub district {Bajju} of District {BIKANER}"
953824,Barsalpur - 6 Bdy,बरसलपुर - 6 बीडीवाई,6913,Bajju,,000000,U,,,2025-06-03,2025-07-18,1,"Villages  {11 S.M.D. (MOOMBALA),17 KWD,1 CDY JAGAT SINGH PURA etc...} has  been shifted from Subdistrict {Kolayat} of District {BIKANER} to Sub district {Bajju} of District {BIKANER}"
953825,Bhurasar - 9 Bsm,भूरासर - 9 बीएसएम,6913,Bajju,,000000,U,,,2025-06-03,2025-07-18,1,"Villages  {11 S.M.D. (MOOMBALA),17 KWD,1 CDY JAGAT SINGH PURA etc...} has  been shifted from Subdistrict {Kolayat} of District {BIKANER} to Sub district {Bajju} of District {BIKANER}"
953826,Bhurasar Naya - 21 Mgm,भूरासरनया - 21 एमजीएम,6913,Bajju,,000000,U,,,2025-06-03,2025-07-18,1,"Villages  {11 S.M.D. (MOOMBALA),17 KWD,1 CDY JAGAT SINGH PURA etc...} has  been shifted from Subdistrict {Kolayat} of District {BIKANER} to Sub district {Bajju} of District {BIKANER}"
953827,Shriramnagri Chak 10 Rdy Abadi - 9 Rdy(B),श्रीरामनगरी चक 10 आरडीवाई आबादी - 9 आरडीवाईबी,6913,Bajju,,000000,U,,,2025-06-03,2025-07-18,1,"Villages  {11 S.M.D. (MOOMBALA),17 KWD,1 CDY JAGAT SINGH PURA etc...} has  been shifted from Subdistrict {Kolayat} of District {BIKANER} to Sub district {Bajju} of District {BIKANER}"
953828,Bikampur - 10 Khd,बीकमपुर - 10 केएचडी,6913,Bajju,,000000,U,,,2025-06-03,2025-07-18,1,"Villages  {11 S.M.D. (MOOMBALA),17 KWD,1 CDY JAGAT SINGH PURA etc...} has  been shifted from Subdistrict {Kolayat} of District {BIKANER} to Sub district {Bajju} of District {BIKANER}"
953829,Bangarsar - 2 Rjm,बांगड़सर - 2 आरजीएम,6913,Bajju,,000000,U,,,2025-06-03,2025-07-18,1,"Villages  {11 S.M.D. (MOOMBALA),17 KWD,1 CDY JAGAT SINGH PURA etc...} has  been shifted from Subdistrict {Kolayat} of District {BIKANER} to Sub district {Bajju} of District {BIKANER}"
953830,Charanwala - 31 Cwb,चारणवाला - 31 सीडब्लुबी,6913,Bajju,,000000,U,,,2025-06-03,2025-07-18,1,"Villages  {11 S.M.D. (MOOMBALA),17 KWD,1 CDY JAGAT SINGH PURA etc...} has  been shifted from Subdistrict {Kolayat} of District {BIKANER} to Sub district {Bajju} of District {BIKANER}"
953832,Rd 860,आर डी 860,6913,Bajju,,000000,I,,,2025-03-28,2025-07-18,1,"Villages  {11 S.M.D. (MOOMBALA),17 KWD,1 CDY JAGAT SINGH PURA etc...} has  been shifted from Subdistrict {Kolayat} of District {BIKANER} to Sub district {Bajju} of District {BIKANER}"
953833,Barsalpur - 7 Bdy,बरसलपुर - 7 बीडीवाई,6913,Bajju,,000000,U,,,2025-06-03,2025-07-18,1,"Villages  {11 S.M.D. (MOOMBALA),17 KWD,1 CDY JAGAT SINGH PURA etc...} has  been shifted from Subdistrict {Kolayat} of District {BIKANER} to Sub district {Bajju} of District {BIKANER}"
953834,Taniyali - 6 Blm,तनियाली - 6 बीएलएम,6913,Bajju,,000000,U,,,2025-06-03,2025-07-18,1,"Villages  {11 S.M.D. (MOOMBALA),17 KWD,1 CDY JAGAT SINGH PURA etc...} has  been shifted from Subdistrict {Kolayat} of District {BIKANER} to Sub district {Bajju} of District {BIKANER}"
953835,Dharti Dhora Ri Chak 16 Gwm Aabadi,धरती धोरा री चक 16 जीडब् लयूएम आबादी,6913,Bajju,,000000,I,,,2025-06-03,2025-07-18,4,"Villages  {11 S.M.D. (MOOMBALA),17 KWD,1 CDY JAGAT SINGH PURA etc...} has  been shifted from Subdistrict {Kolayat} of District {BIKANER} to Sub district {Bajju} of District {BIKANER}"
953836,Gemarsinghpura Chak 1 Cd Abadi - 3 Cd,गेमरसिंहपुरा चक 1 सीडी आबादी - 3 सीडी,6913,Bajju,,000000,U,,,2025-06-03,2025-07-18,1,"Villages  {11 S.M.D. (MOOMBALA),17 KWD,1 CDY JAGAT SINGH PURA etc...} has  been shifted from Subdistrict {Kolayat} of District {BIKANER} to Sub district {Bajju} of District {BIKANER}"
953837,Godoo - 11Gmr,गोडू - 11 जीएमआर,6913,Bajju,,000000,U,,,2025-06-03,2025-07-18,1,"Villages  {11 S.M.D. (MOOMBALA),17 KWD,1 CDY JAGAT SINGH PURA etc...} has  been shifted from Subdistrict {Kolayat} of District {BIKANER} to Sub district {Bajju} of District {BIKANER}"
953838,Bhurasar Naya - 22 Mgm,भूरासरनया - 22 एमजीएम,6913,Bajju,,000000,U,,,2025-06-03,2025-07-18,1,"Villages  {11 S.M.D. (MOOMBALA),17 KWD,1 CDY JAGAT SINGH PURA etc...} has  been shifted from Subdistrict {Kolayat} of District {BIKANER} to Sub district {Bajju} of District {BIKANER}"
953839,Rawatsinghpura 37 Cwb - 37 Cwb(Nc),Rawatsinghpura 37 CWB - 37 CWB (NC),6913,Bajju,,000000,U,,,2025-06-03,2025-07-18,1,"Villages  {11 S.M.D. (MOOMBALA),17 KWD,1 CDY JAGAT SINGH PURA etc...} has  been shifted from Subdistrict {Kolayat} of District {BIKANER} to Sub district {Bajju} of District {BIKANER}"
953840,Raowala - 27 Dobb,राववाला - 27 डीओबीबी,6913,Bajju,,000000,U,,,2025-06-03,2025-07-18,1,"Villages  {11 S.M.D. (MOOMBALA),17 KWD,1 CDY JAGAT SINGH PURA etc...} has  been shifted from Subdistrict {Kolayat} of District {BIKANER} to Sub district {Bajju} of District {BIKANER}"
953841,Vishvakarmanagar Chak 7 Rdy Abadi - 2 Psm II,विश्वकर्मानगर चक 7 आरडीवाई आबादी - 2 पीएसएम 2,6913,Bajju,,000000,U,,,2025-06-03,2025-07-18,1,"Villages  {11 S.M.D. (MOOMBALA),17 KWD,1 CDY JAGAT SINGH PURA etc...} has  been shifted from Subdistrict {Kolayat} of District {BIKANER} to Sub district {Bajju} of District {BIKANER}"
953842,Ranjeetpura - 15 Rdy,रणजीतपुरा - 15 आरडीवाई,6913,Bajju,,000000,U,,,2025-06-03,2025-07-18,1,"Villages  {11 S.M.D. (MOOMBALA),17 KWD,1 CDY JAGAT SINGH PURA etc...} has  been shifted from Subdistrict {Kolayat} of District {BIKANER} to Sub district {Bajju} of District {BIKANER}"
953843,Bhurasar - 10 Bsm,भूरासर - 10 बीएसएम,6913,Bajju,,000000,U,,,2025-06-03,2025-07-18,1,"Villages  {11 S.M.D. (MOOMBALA),17 KWD,1 CDY JAGAT SINGH PURA etc...} has  been shifted from Subdistrict {Kolayat} of District {BIKANER} to Sub district {Bajju} of District {BIKANER}"
953844,Bhurasar Naya - 28 Kld A,भूरासर नया - 28 के एलडी ए,6913,Bajju,,000000,U,,,2025-06-03,2025-07-18,1,"Villages  {11 S.M.D. (MOOMBALA),17 KWD,1 CDY JAGAT SINGH PURA etc...} has  been shifted from Subdistrict {Kolayat} of District {BIKANER} to Sub district {Bajju} of District {BIKANER}"
953845,Phulasar Bara - 4 Cwb,फुलासरबड़ा - 4 सीडब्लूबी,6913,Bajju,,000000,U,,,2025-06-03,2025-07-18,1,"Villages  {11 S.M.D. (MOOMBALA),17 KWD,1 CDY JAGAT SINGH PURA etc...} has  been shifted from Subdistrict {Kolayat} of District {BIKANER} to Sub district {Bajju} of District {BIKANER}"
953846,Maganwala -26 Kld,मगनवाला - 26 केएलडी,6913,Bajju,,000000,U,,,2025-06-03,2025-07-18,1,"Villages  {11 S.M.D. (MOOMBALA),17 KWD,1 CDY JAGAT SINGH PURA etc...} has  been shifted from Subdistrict {Kolayat} of District {BIKANER} to Sub district {Bajju} of District {BIKANER}"
953847,Moosewala 1-4 Bsm,मूसेवाला - 1-4 बीएसएम,6913,Bajju,,000000,U,,,2025-06-03,2025-07-18,1,"Villages  {11 S.M.D. (MOOMBALA),17 KWD,1 CDY JAGAT SINGH PURA etc...} has  been shifted from Subdistrict {Kolayat} of District {BIKANER} to Sub district {Bajju} of District {BIKANER}"
953848,Karninagar 36-38 Cwb - 1-3 Khm,करणीनगर 36-38 सीडब्ल्यूबी - 1-3 के एचएम,6913,Bajju,,000000,U,,,2025-06-03,2025-07-18,1,"Villages  {11 S.M.D. (MOOMBALA),17 KWD,1 CDY JAGAT SINGH PURA etc...} has  been shifted from Subdistrict {Kolayat} of District {BIKANER} to Sub district {Bajju} of District {BIKANER}"
953849,Karni Nagar,करणी नगर,6913,Bajju,,000000,I,,,2025-03-04,2025-07-18,1,"Villages  {11 S.M.D. (MOOMBALA),17 KWD,1 CDY JAGAT SINGH PURA etc...} has  been shifted from Subdistrict {Kolayat} of District {BIKANER} to Sub district {Bajju} of District {BIKANER}"
953850,Larewala - 12 Mgm,लारेवाला - 12 एमजीएम,6913,Bajju,,000000,U,,,2025-06-03,2025-07-18,1,"Villages  {11 S.M.D. (MOOMBALA),17 KWD,1 CDY JAGAT SINGH PURA etc...} has  been shifted from Subdistrict {Kolayat} of District {BIKANER} to Sub district {Bajju} of District {BIKANER}"
953851,Bijeri 17 Bm,बिजेरी - 17 बीएम,6913,Bajju,,000000,U,,,2025-06-03,2025-07-18,1,"Villages  {11 S.M.D. (MOOMBALA),17 KWD,1 CDY JAGAT SINGH PURA etc...} has  been shifted from Subdistrict {Kolayat} of District {BIKANER} to Sub district {Bajju} of District {BIKANER}"
953852,Moosewala - 2 Adm,मूसेवाला - 2 एडीएम,6913,Bajju,,000000,U,,,2025-06-03,2025-07-18,1,"Villages  {11 S.M.D. (MOOMBALA),17 KWD,1 CDY JAGAT SINGH PURA etc...} has  been shifted from Subdistrict {Kolayat} of District {BIKANER} to Sub district {Bajju} of District {BIKANER}"
953853,Bhurasar - 12 Bsm,भूरासर - 12 बीएसएम,6913,Bajju,,000000,U,,,2025-06-03,2025-07-18,1,"Villages  {11 S.M.D. (MOOMBALA),17 KWD,1 CDY JAGAT SINGH PURA etc...} has  been shifted from Subdistrict {Kolayat} of District {BIKANER} to Sub district {Bajju} of District {BIKANER}"
953854,Gokul - 3 Bsd,गोकुल - 3 बीएसडी,6913,Bajju,,000000,U,,,2025-06-03,2025-07-18,1,"Villages  {11 S.M.D. (MOOMBALA),17 KWD,1 CDY JAGAT SINGH PURA etc...} has  been shifted from Subdistrict {Kolayat} of District {BIKANER} to Sub district {Bajju} of District {BIKANER}"
953855,Gulamwala - 16 Bm,गुलामवाला - 16 बीएम,6913,Bajju,,000000,U,,,2025-06-03,2025-07-18,1,"Villages  {11 S.M.D. (MOOMBALA),17 KWD,1 CDY JAGAT SINGH PURA etc...} has  been shifted from Subdistrict {Kolayat} of District {BIKANER} to Sub district {Bajju} of District {BIKANER}"
953857,Gemarsinghpura Chak 1 Cd Abadi - 21 Dobb B,गेमरसिंहपुरा चक 1 सीडी आबादी- 21 डीओबीबी बी,6913,Bajju,,000000,U,,,2025-06-03,2025-07-18,1,"Villages  {11 S.M.D. (MOOMBALA),17 KWD,1 CDY JAGAT SINGH PURA etc...} has  been shifted from Subdistrict {Kolayat} of District {BIKANER} to Sub district {Bajju} of District {BIKANER}"
953858,Sheruwala - 7 Shm,शेरूवाला- 7 एसएचएम,6913,Bajju,,000000,U,,,2025-06-03,2025-07-18,1,"Villages  {11 S.M.D. (MOOMBALA),17 KWD,1 CDY JAGAT SINGH PURA etc...} has  been shifted from Subdistrict {Kolayat} of District {BIKANER} to Sub district {Bajju} of District {BIKANER}"
953860,Jaggasar - 13 Smd,जग्गासर - 13 एसएमडी,6913,Bajju,,000000,U,,,2025-06-03,2025-07-18,1,"Villages  {11 S.M.D. (MOOMBALA),17 KWD,1 CDY JAGAT SINGH PURA etc...} has  been shifted from Subdistrict {Kolayat} of District {BIKANER} to Sub district {Bajju} of District {BIKANER}"
953862,Bhurasar - 13 -15 Mgm,भूरासर - 13-15 एमजीएम,6913,Bajju,,000000,U,,,2025-06-03,2025-07-18,1,"Villages  {11 S.M.D. (MOOMBALA),17 KWD,1 CDY JAGAT SINGH PURA etc...} has  been shifted from Subdistrict {Kolayat} of District {BIKANER} to Sub district {Bajju} of District {BIKANER}"
953863,Gemarsinghpura Chak 1 Cd Abadi - 22 Dobb,गेमरसिंहपुरा चक 1 सीडी आबादी- 22 डीओबीबी,6913,Bajju,,000000,U,,,2025-06-03,2025-07-18,1,"Villages  {11 S.M.D. (MOOMBALA),17 KWD,1 CDY JAGAT SINGH PURA etc...} has  been shifted from Subdistrict {Kolayat} of District {BIKANER} to Sub district {Bajju} of District {BIKANER}"
953864,Gogariyawala - 6 Gwm B,गोगड़ियावाला -6 जीडब्लूएम(बी),6913,Bajju,,000000,U,,,2025-06-03,2025-07-18,1,"Villages  {11 S.M.D. (MOOMBALA),17 KWD,1 CDY JAGAT SINGH PURA etc...} has  been shifted from Subdistrict {Kolayat} of District {BIKANER} to Sub district {Bajju} of District {BIKANER}"
953865,Bhurasar - 16 Mgm,भूरासर - 16 एमजीएम ,6913,Bajju,,000000,U,,,2025-06-03,2025-07-18,1,"Villages  {11 S.M.D. (MOOMBALA),17 KWD,1 CDY JAGAT SINGH PURA etc...} has  been shifted from Subdistrict {Kolayat} of District {BIKANER} to Sub district {Bajju} of District {BIKANER}"
953866,Moosewala - 2 Ksm,मूसेवाला - 2 केएसएम,6913,Bajju,,000000,U,,,2025-06-03,2025-07-18,1,"Villages  {11 S.M.D. (MOOMBALA),17 KWD,1 CDY JAGAT SINGH PURA etc...} has  been shifted from Subdistrict {Kolayat} of District {BIKANER} to Sub district {Bajju} of District {BIKANER}"
953867,Jaggasar - 15 Smd,जग्गासर - 15 एसएमडी,6913,Bajju,,000000,U,,,2025-06-03,2025-07-18,1,"Villages  {11 S.M.D. (MOOMBALA),17 KWD,1 CDY JAGAT SINGH PURA etc...} has  been shifted from Subdistrict {Kolayat} of District {BIKANER} to Sub district {Bajju} of District {BIKANER}"
953869,Bijeri - 18 Bm,बिजेरी - 18 बीएम,6913,Bajju,,000000,U,,,2025-06-03,2025-07-18,1,"Villages  {11 S.M.D. (MOOMBALA),17 KWD,1 CDY JAGAT SINGH PURA etc...} has  been shifted from Subdistrict {Kolayat} of District {BIKANER} to Sub district {Bajju} of District {BIKANER}"
953870,Chak 5 Pssm Aabadi,चक 5 पीएसएसएम आबादी,6913,Bajju,,000000,I,,,2025-06-03,2025-07-18,3,"Villages  {11 S.M.D. (MOOMBALA),17 KWD,1 CDY JAGAT SINGH PURA etc...} has  been shifted from Subdistrict {Kolayat} of District {BIKANER} to Sub district {Bajju} of District {BIKANER}"
953871,Moosewala - 6 Bsm,मूसेवाला - 6 बीएसएम,6913,Bajju,,000000,U,,,2025-06-03,2025-07-18,1,"Villages  {11 S.M.D. (MOOMBALA),17 KWD,1 CDY JAGAT SINGH PURA etc...} has  been shifted from Subdistrict {Kolayat} of District {BIKANER} to Sub district {Bajju} of District {BIKANER}"
953872,Jaggasar - 16 Smd,जग्गासर - 16 एसएमडी,6913,Bajju,,000000,U,,,2025-06-03,2025-07-18,1,"Villages  {11 S.M.D. (MOOMBALA),17 KWD,1 CDY JAGAT SINGH PURA etc...} has  been shifted from Subdistrict {Kolayat} of District {BIKANER} to Sub district {Bajju} of District {BIKANER}"
953873,Sheruwala - 8 Shm,शेरूवाला- 8 एसएचएम,6913,Bajju,,000000,U,,,2025-06-03,2025-07-18,1,"Villages  {11 S.M.D. (MOOMBALA),17 KWD,1 CDY JAGAT SINGH PURA etc...} has  been shifted from Subdistrict {Kolayat} of District {BIKANER} to Sub district {Bajju} of District {BIKANER}"
953874,Moosewala - 8 Bsm,मूसेवाला - 8 बीएसएम,6913,Bajju,,000000,U,,,2025-06-03,2025-07-18,1,"Villages  {11 S.M.D. (MOOMBALA),17 KWD,1 CDY JAGAT SINGH PURA etc...} has  been shifted from Subdistrict {Kolayat} of District {BIKANER} to Sub district {Bajju} of District {BIKANER}"
953875,Gogariyawala - 6 Khd,गोगड़ियावाला - 6 केएचडी,6913,Bajju,,000000,U,,,2025-06-03,2025-07-18,1,"Villages  {11 S.M.D. (MOOMBALA),17 KWD,1 CDY JAGAT SINGH PURA etc...} has  been shifted from Subdistrict {Kolayat} of District {BIKANER} to Sub district {Bajju} of District {BIKANER}"
953876,Godoo - 16 Gmr,गोडू - 16 जीएमआर,6913,Bajju,,000000,U,,,2025-06-03,2025-07-18,1,"Villages  {11 S.M.D. (MOOMBALA),17 KWD,1 CDY JAGAT SINGH PURA etc...} has  been shifted from Subdistrict {Kolayat} of District {BIKANER} to Sub district {Bajju} of District {BIKANER}"
953877,4 Bmr Aabadi,4 बीएमआर आबादी,6913,Bajju,,000000,I,,,2025-06-03,2025-07-18,3,"Villages  {11 S.M.D. (MOOMBALA),17 KWD,1 CDY JAGAT SINGH PURA etc...} has  been shifted from Subdistrict {Kolayat} of District {BIKANER} to Sub district {Bajju} of District {BIKANER}"
953878,Bhurasar - 17 Mgm,भूरासर - 17 एमजीएम,6913,Bajju,,000000,U,,,2025-06-03,2025-07-18,1,"Villages  {11 S.M.D. (MOOMBALA),17 KWD,1 CDY JAGAT SINGH PURA etc...} has  been shifted from Subdistrict {Kolayat} of District {BIKANER} to Sub district {Bajju} of District {BIKANER}"
953879,Bijeri - 19 Bm A,बिजेरी - 19 बीएम ए,6913,Bajju,,000000,U,,,2025-06-03,2025-07-18,1,"Villages  {11 S.M.D. (MOOMBALA),17 KWD,1 CDY JAGAT SINGH PURA etc...} has  been shifted from Subdistrict {Kolayat} of District {BIKANER} to Sub district {Bajju} of District {BIKANER}"
953881,Godoo - 15 Gmr,गोडू - 15 जीएमआर,6913,Bajju,,000000,U,,,2025-06-03,2025-07-18,1,"Villages  {11 S.M.D. (MOOMBALA),17 KWD,1 CDY JAGAT SINGH PURA etc...} has  been shifted from Subdistrict {Kolayat} of District {BIKANER} to Sub district {Bajju} of District {BIKANER}"
953882,Bhurasar - 18 Mgm,भूरासर - 18 एमजीएम,6913,Bajju,,000000,U,,,2025-06-03,2025-07-18,1,"Villages  {11 S.M.D. (MOOMBALA),17 KWD,1 CDY JAGAT SINGH PURA etc...} has  been shifted from Subdistrict {Kolayat} of District {BIKANER} to Sub district {Bajju} of District {BIKANER}"
953883,Phulasar Bara - 6 Cwb,फुलासरबड़ा - 6 सीडब्लूबी,6913,Bajju,,000000,U,,,2025-06-03,2025-07-18,1,"Villages  {11 S.M.D. (MOOMBALA),17 KWD,1 CDY JAGAT SINGH PURA etc...} has  been shifted from Subdistrict {Kolayat} of District {BIKANER} to Sub district {Bajju} of District {BIKANER}"
953885,Moosewala - 14 Bsd,मूसेवाला - 14 बीएसडी,6913,Bajju,,000000,U,,,2025-06-03,2025-07-18,1,"Villages  {11 S.M.D. (MOOMBALA),17 KWD,1 CDY JAGAT SINGH PURA etc...} has  been shifted from Subdistrict {Kolayat} of District {BIKANER} to Sub district {Bajju} of District {BIKANER}"
953886,Bhurasar - 19 Mgm,भूरासर - 19 एमजीएम,6913,Bajju,,000000,U,,,2025-06-03,2025-07-18,1,"Villages  {11 S.M.D. (MOOMBALA),17 KWD,1 CDY JAGAT SINGH PURA etc...} has  been shifted from Subdistrict {Kolayat} of District {BIKANER} to Sub district {Bajju} of District {BIKANER}"
953888,Jaggasar - 17 Smd A,जग्गासर - 17 एसएमडी ए,6913,Bajju,,000000,U,,,2025-06-03,2025-07-18,1,"Villages  {11 S.M.D. (MOOMBALA),17 KWD,1 CDY JAGAT SINGH PURA etc...} has  been shifted from Subdistrict {Kolayat} of District {BIKANER} to Sub district {Bajju} of District {BIKANER}"
953890,Bijeri -20 Bm A,बिजेरी - 20 बीएम ए,6913,Bajju,,000000,U,,,2025-06-03,2025-07-18,1,"Villages  {11 S.M.D. (MOOMBALA),17 KWD,1 CDY JAGAT SINGH PURA etc...} has  been shifted from Subdistrict {Kolayat} of District {BIKANER} to Sub district {Bajju} of District {BIKANER}"
953891,Gogariyawala - 4 Khd,गोगड़ियावाला - 4 केएचडी,6913,Bajju,,000000,U,,,2025-06-03,2025-07-18,1,"Villages  {11 S.M.D. (MOOMBALA),17 KWD,1 CDY JAGAT SINGH PURA etc...} has  been shifted from Subdistrict {Kolayat} of District {BIKANER} to Sub district {Bajju} of District {BIKANER}"
953892,Sheruwala - 2 Cdy,शेरूवाला- 2 सीडीवाई,6913,Bajju,,000000,U,,,2025-06-03,2025-07-18,1,"Villages  {11 S.M.D. (MOOMBALA),17 KWD,1 CDY JAGAT SINGH PURA etc...} has  been shifted from Subdistrict {Kolayat} of District {BIKANER} to Sub district {Bajju} of District {BIKANER}"
953893,Godoo - 19 Gmr,गोडू - 19 जीएमआर,6913,Bajju,,000000,U,,,2025-06-03,2025-07-18,1,"Villages  {11 S.M.D. (MOOMBALA),17 KWD,1 CDY JAGAT SINGH PURA etc...} has  been shifted from Subdistrict {Kolayat} of District {BIKANER} to Sub district {Bajju} of District {BIKANER}"
953894,Jaggasar - 17 Smd,जग्गासर - 17 एसएमडी,6913,Bajju,,000000,U,,,2025-06-03,2025-07-18,1,"Villages  {11 S.M.D. (MOOMBALA),17 KWD,1 CDY JAGAT SINGH PURA etc...} has  been shifted from Subdistrict {Kolayat} of District {BIKANER} to Sub district {Bajju} of District {BIKANER}"
953895,Marudhar Nagar,मरूधर नगर,6913,Bajju,,000000,I,,,2025-03-12,2025-07-18,1,"Villages  {11 S.M.D. (MOOMBALA),17 KWD,1 CDY JAGAT SINGH PURA etc...} has  been shifted from Subdistrict {Kolayat} of District {BIKANER} to Sub district {Bajju} of District {BIKANER}"
953896,Barsalpur 9 Bdy (Ignp),बरसलपुर - 9 बीडीवाई (आईजीएनपी),6913,Bajju,,000000,U,,,2025-06-03,2025-07-18,1,"Villages  {11 S.M.D. (MOOMBALA),17 KWD,1 CDY JAGAT SINGH PURA etc...} has  been shifted from Subdistrict {Kolayat} of District {BIKANER} to Sub district {Bajju} of District {BIKANER}"
953897,Bijeri - 20 Bm B,बिजेरी - 20 बीएम बी,6913,Bajju,,000000,U,,,2025-06-03,2025-07-18,1,"Villages  {11 S.M.D. (MOOMBALA),17 KWD,1 CDY JAGAT SINGH PURA etc...} has  been shifted from Subdistrict {Kolayat} of District {BIKANER} to Sub district {Bajju} of District {BIKANER}"
953898,4 Rdy Abadi 1 Km,4RDY आबादी - 1 केएम,6913,Bajju,,000000,U,,,2025-06-03,2025-07-18,1,"Villages  {11 S.M.D. (MOOMBALA),17 KWD,1 CDY JAGAT SINGH PURA etc...} has  been shifted from Subdistrict {Kolayat} of District {BIKANER} to Sub district {Bajju} of District {BIKANER}"
953899,Phulasar Bara - 7 Cwb,फुलासरबड़ा - 7 सीडब्लूबी,6913,Bajju,,000000,U,,,2025-06-03,2025-07-18,1,"Villages  {11 S.M.D. (MOOMBALA),17 KWD,1 CDY JAGAT SINGH PURA etc...} has  been shifted from Subdistrict {Kolayat} of District {BIKANER} to Sub district {Bajju} of District {BIKANER}"
953900,Godoo - 1 Gsmr,गोडू - 1 जीएसएमआर,6913,Bajju,,000000,U,,,2025-06-03,2025-07-18,1,"Villages  {11 S.M.D. (MOOMBALA),17 KWD,1 CDY JAGAT SINGH PURA etc...} has  been shifted from Subdistrict {Kolayat} of District {BIKANER} to Sub district {Bajju} of District {BIKANER}"
953901,4 Bmr Abadi - 1 Bmr,4BMR आबादी - 1 बीएमआर,6913,Bajju,,000000,U,,,2025-06-03,2025-07-18,1,"Villages  {11 S.M.D. (MOOMBALA),17 KWD,1 CDY JAGAT SINGH PURA etc...} has  been shifted from Subdistrict {Kolayat} of District {BIKANER} to Sub district {Bajju} of District {BIKANER}"
953902,Bhurasar - 20 Mgm,भूरासर - 20 एमजीएम,6913,Bajju,,000000,U,,,2025-06-03,2025-07-18,1,"Villages  {11 S.M.D. (MOOMBALA),17 KWD,1 CDY JAGAT SINGH PURA etc...} has  been shifted from Subdistrict {Kolayat} of District {BIKANER} to Sub district {Bajju} of District {BIKANER}"
953903,Gajjewala - 7 Gwm B,गज्जेवाला - 7 जीडब्लूएम बी,6913,Bajju,,000000,U,,,2025-06-03,2025-07-18,1,"Villages  {11 S.M.D. (MOOMBALA),17 KWD,1 CDY JAGAT SINGH PURA etc...} has  been shifted from Subdistrict {Kolayat} of District {BIKANER} to Sub district {Bajju} of District {BIKANER}"
953904,Rawalotan Ka Tala - 15 Psm A,रावलोतान का तला - 15 पीएसएम ए,6913,Bajju,,000000,U,,,2025-06-03,2025-07-18,1,"Villages  {11 S.M.D. (MOOMBALA),17 KWD,1 CDY JAGAT SINGH PURA etc...} has  been shifted from Subdistrict {Kolayat} of District {BIKANER} to Sub district {Bajju} of District {BIKANER}"
953905,Vishvakarmanagar Chak 7 Rdy Abadi - 8 Rdy,विश्वकर्मानगर चक 7 आरडीवाई आबादी - 8 आरडीवाई,6913,Bajju,,000000,U,,,2025-06-03,2025-07-18,1,"Villages  {11 S.M.D. (MOOMBALA),17 KWD,1 CDY JAGAT SINGH PURA etc...} has  been shifted from Subdistrict {Kolayat} of District {BIKANER} to Sub district {Bajju} of District {BIKANER}"
953906,Salasar City Chak 5 Rpm Abadi - 2 Rm,सालासरसिटी चक 5 आरपीएम आबादी - 2 आरएम,6913,Bajju,,000000,U,,,2025-06-03,2025-07-18,1,"Villages  {11 S.M.D. (MOOMBALA),17 KWD,1 CDY JAGAT SINGH PURA etc...} has  been shifted from Subdistrict {Kolayat} of District {BIKANER} to Sub district {Bajju} of District {BIKANER}"
953907,Chak 5 Pssm Abadi - 3 Pssm,चक 5 पीएसएसएम आबादी - 3 पीएसएसएम,6913,Bajju,,000000,U,,,2025-06-03,2025-07-18,1,"Villages  {11 S.M.D. (MOOMBALA),17 KWD,1 CDY JAGAT SINGH PURA etc...} has  been shifted from Subdistrict {Kolayat} of District {BIKANER} to Sub district {Bajju} of District {BIKANER}"
953908,Shriramnagri Chak 10 Rdy Abadi - 9 Rdy,श्रीरामनगरी चक 10 आरडीवाई आबादी - 9 आरडीवाई,6913,Bajju,,000000,U,,,2025-06-03,2025-07-18,1,"Villages  {11 S.M.D. (MOOMBALA),17 KWD,1 CDY JAGAT SINGH PURA etc...} has  been shifted from Subdistrict {Kolayat} of District {BIKANER} to Sub district {Bajju} of District {BIKANER}"
953909,Gajjewala - 7 Gwm A,गज्जेवाला - 7 जीडब्लूएम ए,6913,Bajju,,000000,U,,,2025-06-03,2025-07-18,1,"Villages  {11 S.M.D. (MOOMBALA),17 KWD,1 CDY JAGAT SINGH PURA etc...} has  been shifted from Subdistrict {Kolayat} of District {BIKANER} to Sub district {Bajju} of District {BIKANER}"
953910,Chak 5 Pssm Abadi - 6 Pssm Cad,चक 5 पीएसएसएम आबादी - 6 पीएसएसएम सीएडी,6913,Bajju,,000000,U,,,2025-06-03,2025-07-18,1,"Villages  {11 S.M.D. (MOOMBALA),17 KWD,1 CDY JAGAT SINGH PURA etc...} has  been shifted from Subdistrict {Kolayat} of District {BIKANER} to Sub district {Bajju} of District {BIKANER}"
953911,Dharti Dhorari Chak - 16 Gwm Abadi - 15 Gwm,धरती धोरारी चक 16 GWM आबादी - 15 जीडब्लूएम,6913,Bajju,,000000,U,,,2025-06-03,2025-07-18,1,"Villages  {11 S.M.D. (MOOMBALA),17 KWD,1 CDY JAGAT SINGH PURA etc...} has  been shifted from Subdistrict {Kolayat} of District {BIKANER} to Sub district {Bajju} of District {BIKANER}"
953912,Gajjewala - 6 Gwm,गज्जेवाला - 6 जीडब्लूएम,6913,Bajju,,000000,U,,,2025-06-03,2025-07-18,1,"Villages  {11 S.M.D. (MOOMBALA),17 KWD,1 CDY JAGAT SINGH PURA etc...} has  been shifted from Subdistrict {Kolayat} of District {BIKANER} to Sub district {Bajju} of District {BIKANER}"
953913,Charanwala -31 Cwb,चारणवाला - 30 सीडब्लुबी,6913,Bajju,,000000,U,,,2025-06-03,2025-07-18,1,"Villages  {11 S.M.D. (MOOMBALA),17 KWD,1 CDY JAGAT SINGH PURA etc...} has  been shifted from Subdistrict {Kolayat} of District {BIKANER} to Sub district {Bajju} of District {BIKANER}"
953914,Karninagar 36 - 38 Cwb - 16 Khd,करणीनगर 36-38 सीडब्ल्यूबी - 16 केएचडी,6913,Bajju,,000000,U,,,2025-06-03,2025-07-18,1,"Villages  {11 S.M.D. (MOOMBALA),17 KWD,1 CDY JAGAT SINGH PURA etc...} has  been shifted from Subdistrict {Kolayat} of District {BIKANER} to Sub district {Bajju} of District {BIKANER}"
953915,Ranjeetpura -16 Rdy,रणजीतपुरा - 16 आरडीवाई,6913,Bajju,,000000,U,,,2025-06-03,2025-07-18,1,"Villages  {11 S.M.D. (MOOMBALA),17 KWD,1 CDY JAGAT SINGH PURA etc...} has  been shifted from Subdistrict {Kolayat} of District {BIKANER} to Sub district {Bajju} of District {BIKANER}"
953916,Barsalpur - 8 Bdy,बरसलपुर - 8 बीडीवाई,6913,Bajju,,000000,U,,,2025-06-03,2025-07-18,1,"Villages  {11 S.M.D. (MOOMBALA),17 KWD,1 CDY JAGAT SINGH PURA etc...} has  been shifted from Subdistrict {Kolayat} of District {BIKANER} to Sub district {Bajju} of District {BIKANER}"
953917,Gokul -2 Cm,गोकुल - 2 सीएम,6913,Bajju,,000000,U,,,2025-06-03,2025-07-18,1,"Villages  {11 S.M.D. (MOOMBALA),17 KWD,1 CDY JAGAT SINGH PURA etc...} has  been shifted from Subdistrict {Kolayat} of District {BIKANER} to Sub district {Bajju} of District {BIKANER}"
953918,4 Bmr Abadi - 3 Bmr,4 BMR आबादी - 3 बीएमआर,6913,Bajju,,000000,U,,,2025-06-03,2025-07-18,1,"Villages  {11 S.M.D. (MOOMBALA),17 KWD,1 CDY JAGAT SINGH PURA etc...} has  been shifted from Subdistrict {Kolayat} of District {BIKANER} to Sub district {Bajju} of District {BIKANER}"
953919,Bhurasar - 23 Mgm,भूरासर - 23 एमजीएम,6913,Bajju,,000000,U,,,2025-06-03,2025-07-18,1,"Villages  {11 S.M.D. (MOOMBALA),17 KWD,1 CDY JAGAT SINGH PURA etc...} has  been shifted from Subdistrict {Kolayat} of District {BIKANER} to Sub district {Bajju} of District {BIKANER}"
953920,Charanwala - 32 Cwb,चारणवाला - 32 सीडब्लुबी,6913,Bajju,,000000,U,,,2025-06-03,2025-07-18,1,"Villages  {11 S.M.D. (MOOMBALA),17 KWD,1 CDY JAGAT SINGH PURA etc...} has  been shifted from Subdistrict {Kolayat} of District {BIKANER} to Sub district {Bajju} of District {BIKANER}"
953921,Bhurasar - 24 Mgm,भूरासर - 24 एमजीएम,6913,Bajju,,000000,U,,,2025-06-03,2025-07-18,1,"Villages  {11 S.M.D. (MOOMBALA),17 KWD,1 CDY JAGAT SINGH PURA etc...} has  been shifted from Subdistrict {Kolayat} of District {BIKANER} to Sub district {Bajju} of District {BIKANER}"
953922,Jaggasar - 18 Smd,जग्गासर - 18 एसएमडी,6913,Bajju,,000000,U,,,2025-06-03,2025-07-18,1,"Villages  {11 S.M.D. (MOOMBALA),17 KWD,1 CDY JAGAT SINGH PURA etc...} has  been shifted from Subdistrict {Kolayat} of District {BIKANER} to Sub district {Bajju} of District {BIKANER}"
953923,Jaggasar - 23 Bm,जग्गासर - 23 बीएम,6913,Bajju,,000000,U,,,2025-06-03,2025-07-18,1,"Villages  {11 S.M.D. (MOOMBALA),17 KWD,1 CDY JAGAT SINGH PURA etc...} has  been shifted from Subdistrict {Kolayat} of District {BIKANER} to Sub district {Bajju} of District {BIKANER}"
953924,Bijeri - 20 Bm,बिजेरी - 20 बीएम,6913,Bajju,,000000,I,,,2025-06-03,2025-07-18,1,"Villages  {11 S.M.D. (MOOMBALA),17 KWD,1 CDY JAGAT SINGH PURA etc...} has  been shifted from Subdistrict {Kolayat} of District {BIKANER} to Sub district {Bajju} of District {BIKANER}"
953925,Sheruwala - 3 Cdy,शेरूवाला- 3 सीडीवाई,6913,Bajju,,000000,U,,,2025-06-03,2025-07-18,1,"Villages  {11 S.M.D. (MOOMBALA),17 KWD,1 CDY JAGAT SINGH PURA etc...} has  been shifted from Subdistrict {Kolayat} of District {BIKANER} to Sub district {Bajju} of District {BIKANER}"
953926,Charanwala 33 Cwb,चारणवाला - 33 सीडब्लुबी,6913,Bajju,,000000,U,,,2025-06-03,2025-07-18,1,"Villages  {11 S.M.D. (MOOMBALA),17 KWD,1 CDY JAGAT SINGH PURA etc...} has  been shifted from Subdistrict {Kolayat} of District {BIKANER} to Sub district {Bajju} of District {BIKANER}"
953927,Sheruwala - 4 Cdy,शेरूवाला- 4 सीडीवाई,6913,Bajju,,000000,U,,,2025-06-03,2025-07-18,1,"Villages  {11 S.M.D. (MOOMBALA),17 KWD,1 CDY JAGAT SINGH PURA etc...} has  been shifted from Subdistrict {Kolayat} of District {BIKANER} to Sub district {Bajju} of District {BIKANER}"
953928,Charanwala - 34 Cwb (Nc),चारणवाला - 34 सीडब्लुबीएनसी,6913,Bajju,,000000,U,,,2025-06-03,2025-07-18,1,"Villages  {11 S.M.D. (MOOMBALA),17 KWD,1 CDY JAGAT SINGH PURA etc...} has  been shifted from Subdistrict {Kolayat} of District {BIKANER} to Sub district {Bajju} of District {BIKANER}"
953929,Sheruwala - 5 Cdy,शेरूवाला- 5 सीडीवाई,6913,Bajju,,000000,U,,,2025-06-03,2025-07-18,1,"Villages  {11 S.M.D. (MOOMBALA),17 KWD,1 CDY JAGAT SINGH PURA etc...} has  been shifted from Subdistrict {Kolayat} of District {BIKANER} to Sub district {Bajju} of District {BIKANER}"
953930,Bijeri - 9 Cdy,बिजेरी - 9 सीडीवाई,6913,Bajju,,000000,U,,,2025-06-03,2025-07-18,1,"Villages  {11 S.M.D. (MOOMBALA),17 KWD,1 CDY JAGAT SINGH PURA etc...} has  been shifted from Subdistrict {Kolayat} of District {BIKANER} to Sub district {Bajju} of District {BIKANER}"
953931,Sheruwala - 3 Bjm,शेरूवाला- 3 बीजएम,6913,Bajju,,000000,U,,,2025-06-03,2025-07-18,1,"Villages  {11 S.M.D. (MOOMBALA),17 KWD,1 CDY JAGAT SINGH PURA etc...} has  been shifted from Subdistrict {Kolayat} of District {BIKANER} to Sub district {Bajju} of District {BIKANER}"
953932,Phulasar Bara - 8 Cwb,फुलासरबड़ा - 8 सीडब्लूबी ,6913,Bajju,,000000,U,,,2025-06-03,2025-07-18,1,"Villages  {11 S.M.D. (MOOMBALA),17 KWD,1 CDY JAGAT SINGH PURA etc...} has  been shifted from Subdistrict {Kolayat} of District {BIKANER} to Sub district {Bajju} of District {BIKANER}"
953933,4 Rdy - 2 Rdy,4 RDY - 2 आरडीवाई,6913,Bajju,,000000,U,,,2025-06-03,2025-07-18,1,"Villages  {11 S.M.D. (MOOMBALA),17 KWD,1 CDY JAGAT SINGH PURA etc...} has  been shifted from Subdistrict {Kolayat} of District {BIKANER} to Sub district {Bajju} of District {BIKANER}"
953934,Dharti Dhorari Chak - 16 Gwm Abadi - 17 Gwm (A),धरती धोरारी चक 16 GWM आबादी - 17 जीडब्लूएम ए,6913,Bajju,,000000,U,,,2025-06-03,2025-07-18,1,"Villages  {11 S.M.D. (MOOMBALA),17 KWD,1 CDY JAGAT SINGH PURA etc...} has  been shifted from Subdistrict {Kolayat} of District {BIKANER} to Sub district {Bajju} of District {BIKANER}"
953936,Charanwala - 2 Cwm,चारणवाला - 2 सीडब्लूएम,6913,Bajju,,000000,U,,,2025-06-03,2025-07-18,1,"Villages  {11 S.M.D. (MOOMBALA),17 KWD,1 CDY JAGAT SINGH PURA etc...} has  been shifted from Subdistrict {Kolayat} of District {BIKANER} to Sub district {Bajju} of District {BIKANER}"
953937,Sheruwala - 6 Rm,शेरूवाला- 6 आरएम,6913,Bajju,,000000,U,,,2025-06-03,2025-07-18,1,"Villages  {11 S.M.D. (MOOMBALA),17 KWD,1 CDY JAGAT SINGH PURA etc...} has  been shifted from Subdistrict {Kolayat} of District {BIKANER} to Sub district {Bajju} of District {BIKANER}"
953938,Phulasar Bara 8 Cwb,फुलासरबड़ा - 8 सीडब्लूबी,6913,Bajju,,000000,U,,,2025-06-03,2025-07-18,1,"Villages  {11 S.M.D. (MOOMBALA),17 KWD,1 CDY JAGAT SINGH PURA etc...} has  been shifted from Subdistrict {Kolayat} of District {BIKANER} to Sub district {Bajju} of District {BIKANER}"
953940,Dharti Dhorari Chak -16 Gwm Abadi - 17 Gwm,धरती धोरारी चक 16 GWM आबादी - 17 जीडब्लूएम,6913,Bajju,,000000,U,,,2025-06-03,2025-07-18,1,"Villages  {11 S.M.D. (MOOMBALA),17 KWD,1 CDY JAGAT SINGH PURA etc...} has  been shifted from Subdistrict {Kolayat} of District {BIKANER} to Sub district {Bajju} of District {BIKANER}"
953941,Gogariyawala - 6 Gwm (C),गोगड़ियावाला- 8 जीडब्लूएम (सी) ,6913,Bajju,,000000,U,,,2025-06-03,2025-07-18,1,"Villages  {11 S.M.D. (MOOMBALA),17 KWD,1 CDY JAGAT SINGH PURA etc...} has  been shifted from Subdistrict {Kolayat} of District {BIKANER} to Sub district {Bajju} of District {BIKANER}"
953943,Phulasar Bara - 9 Cwb,फुलासरबड़ा - 9 सीडब्लूबी,6913,Bajju,,000000,U,,,2025-06-03,2025-07-18,1,"Villages  {11 S.M.D. (MOOMBALA),17 KWD,1 CDY JAGAT SINGH PURA etc...} has  been shifted from Subdistrict {Kolayat} of District {BIKANER} to Sub district {Bajju} of District {BIKANER}"
953944,Godoo - Gsmr,गोडू - 2 जीएसएमआर,6913,Bajju,,000000,U,,,2025-06-03,2025-07-18,1,"Villages  {11 S.M.D. (MOOMBALA),17 KWD,1 CDY JAGAT SINGH PURA etc...} has  been shifted from Subdistrict {Kolayat} of District {BIKANER} to Sub district {Bajju} of District {BIKANER}"
953946,4 Rdy - 6 Rdy,4 RDY - 6 आरडीवाई,6913,Bajju,,000000,U,,,2025-06-03,2025-07-18,1,"Villages  {11 S.M.D. (MOOMBALA),17 KWD,1 CDY JAGAT SINGH PURA etc...} has  been shifted from Subdistrict {Kolayat} of District {BIKANER} to Sub district {Bajju} of District {BIKANER}"
953947,Gajjewala - 6 Gwm A,गज्जेवाला - 6 जीडब्लूएम ए,6913,Bajju,,000000,U,,,2025-06-03,2025-07-18,1,"Villages  {11 S.M.D. (MOOMBALA),17 KWD,1 CDY JAGAT SINGH PURA etc...} has  been shifted from Subdistrict {Kolayat} of District {BIKANER} to Sub district {Bajju} of District {BIKANER}"
953950,Charanwala - 3 Cwm,चारणवाला - 3 सी डब्लू एम,6913,Bajju,,000000,U,,,2025-06-03,2025-07-18,1,"Villages  {11 S.M.D. (MOOMBALA),17 KWD,1 CDY JAGAT SINGH PURA etc...} has  been shifted from Subdistrict {Kolayat} of District {BIKANER} to Sub district {Bajju} of District {BIKANER}"
953953,Ranjeetpura - 17 Rdy,रणजीतपुरा - 17 आरडीवाई,6913,Bajju,,000000,U,,,2025-06-03,2025-07-18,1,"Villages  {11 S.M.D. (MOOMBALA),17 KWD,1 CDY JAGAT SINGH PURA etc...} has  been shifted from Subdistrict {Kolayat} of District {BIKANER} to Sub district {Bajju} of District {BIKANER}"
953954,Charanwala - 11 Khd (A),चारणवाला - 11 केएचडी (ए),6913,Bajju,,000000,U,,,2025-06-03,2025-07-18,1,"Villages  {11 S.M.D. (MOOMBALA),17 KWD,1 CDY JAGAT SINGH PURA etc...} has  been shifted from Subdistrict {Kolayat} of District {BIKANER} to Sub district {Bajju} of District {BIKANER}"
953955,Ranjeetpura - 3 - 4 Psm 2,P.9(85)Rev-1/2025-27404,6913,Bajju,,000000,U,,,2025-06-03,2025-07-18,1,"Villages  {11 S.M.D. (MOOMBALA),17 KWD,1 CDY JAGAT SINGH PURA etc...} has  been shifted from Subdistrict {Kolayat} of District {BIKANER} to Sub district {Bajju} of District {BIKANER}"
953956,Charanwala - 11 Khd (B),चारणवाला - 11 के एचडी (बी),6913,Bajju,,000000,U,,,2025-06-03,2025-07-18,1,"Villages  {11 S.M.D. (MOOMBALA),17 KWD,1 CDY JAGAT SINGH PURA etc...} has  been shifted from Subdistrict {Kolayat} of District {BIKANER} to Sub district {Bajju} of District {BIKANER}"
953957,Ranjeetpura - 4 Pssm (Ignp),रणजीतपुरा - 4 पीएसएसएम (आईजीएनपी),6913,Bajju,,000000,U,,,2025-06-03,2025-07-18,1,"Villages  {11 S.M.D. (MOOMBALA),17 KWD,1 CDY JAGAT SINGH PURA etc...} has  been shifted from Subdistrict {Kolayat} of District {BIKANER} to Sub district {Bajju} of District {BIKANER}"
953958,Charanwala - 3 Psm 1,चारणवाला - 3 पीएसएमप्रथम,6913,Bajju,,000000,U,,,2025-06-03,2025-07-18,1,"Villages  {11 S.M.D. (MOOMBALA),17 KWD,1 CDY JAGAT SINGH PURA etc...} has  been shifted from Subdistrict {Kolayat} of District {BIKANER} to Sub district {Bajju} of District {BIKANER}"
953959,Godoo - 4 Gsmr,गोडू - 4 जीएसएमआर,6913,Bajju,,000000,U,,,2025-06-03,2025-07-18,1,"Villages  {11 S.M.D. (MOOMBALA),17 KWD,1 CDY JAGAT SINGH PURA etc...} has  been shifted from Subdistrict {Kolayat} of District {BIKANER} to Sub district {Bajju} of District {BIKANER}"
953960,Phulasar Bara - 1 Psd,फुलासरबड़ा - 1 पीएसडी,6913,Bajju,,000000,U,,,2025-06-03,2025-07-18,1,"Villages  {11 S.M.D. (MOOMBALA),17 KWD,1 CDY JAGAT SINGH PURA etc...} has  been shifted from Subdistrict {Kolayat} of District {BIKANER} to Sub district {Bajju} of District {BIKANER}"
953961,Gajjewala - 4 Gwm,गज्जेवाला - 4 जीडब्लूएम,6913,Bajju,,000000,U,,,2025-06-03,2025-07-18,1,"Villages  {11 S.M.D. (MOOMBALA),17 KWD,1 CDY JAGAT SINGH PURA etc...} has  been shifted from Subdistrict {Kolayat} of District {BIKANER} to Sub district {Bajju} of District {BIKANER}"
953963,Ranjeetpura- 3 Mrm,रणजीतपुरा - 3 एमआरएम,6913,Bajju,,000000,U,,,2025-06-03,2025-07-18,1,"Villages  {11 S.M.D. (MOOMBALA),17 KWD,1 CDY JAGAT SINGH PURA etc...} has  been shifted from Subdistrict {Kolayat} of District {BIKANER} to Sub district {Bajju} of District {BIKANER}"
953964,Charanwala - 1 Psm 2 (Ab),चारणवाला-1 पीएसएम दितीय एबी,6913,Bajju,,000000,U,,,2025-06-03,2025-07-18,1,"Villages  {11 S.M.D. (MOOMBALA),17 KWD,1 CDY JAGAT SINGH PURA etc...} has  been shifted from Subdistrict {Kolayat} of District {BIKANER} to Sub district {Bajju} of District {BIKANER}"
953965,Salasarcity Chak 5 Rpm Abadi - 3 Rm,सालासरसिटी चक 5 आरपीएम आबादी - 3 आरएम,6913,Bajju,,000000,U,,,2025-06-03,2025-07-18,1,"Villages  {11 S.M.D. (MOOMBALA),17 KWD,1 CDY JAGAT SINGH PURA etc...} has  been shifted from Subdistrict {Kolayat} of District {BIKANER} to Sub district {Bajju} of District {BIKANER}"
953966,Gajjewala - 3 Gwm,गज्जेवाला - 3 जीडब्लूएम,6913,Bajju,,000000,U,,,2025-06-03,2025-07-18,1,"Villages  {11 S.M.D. (MOOMBALA),17 KWD,1 CDY JAGAT SINGH PURA etc...} has  been shifted from Subdistrict {Kolayat} of District {BIKANER} to Sub district {Bajju} of District {BIKANER}"
953967,Charanwala - 1-3 Kwd,चारणवाला - 1-3 के डब्ल्यूडी,6913,Bajju,,000000,U,,,2025-06-03,2025-08-06,2,"Villages  {11 S.M.D. (MOOMBALA),17 KWD,1 CDY JAGAT SINGH PURA etc...} has  been shifted from Subdistrict {Kolayat} of District {BIKANER} to Sub district {Bajju} of District {BIKANER}"
953968,Charanwala - 1 Pssm (A),चारणवाला - 1 पीएसएसएम ए,6913,Bajju,,000000,U,,,2025-06-03,2025-07-18,1,"Villages  {11 S.M.D. (MOOMBALA),17 KWD,1 CDY JAGAT SINGH PURA etc...} has  been shifted from Subdistrict {Kolayat} of District {BIKANER} to Sub district {Bajju} of District {BIKANER}"
953969,Gajjewala - 3 Gwm Nc,गज्जेवाला - 3 जीडब्लूएम (एनसी),6913,Bajju,,000000,U,,,2025-06-03,2025-07-18,1,"Villages  {11 S.M.D. (MOOMBALA),17 KWD,1 CDY JAGAT SINGH PURA etc...} has  been shifted from Subdistrict {Kolayat} of District {BIKANER} to Sub district {Bajju} of District {BIKANER}"
953970,Charanwala - 4-6-7 Psm 1,चारणवाला - 4-6-7 पीएसएम प्रथम,6913,Bajju,,000000,U,,,2025-06-03,2025-07-18,1,"Villages  {11 S.M.D. (MOOMBALA),17 KWD,1 CDY JAGAT SINGH PURA etc...} has  been shifted from Subdistrict {Kolayat} of District {BIKANER} to Sub district {Bajju} of District {BIKANER}"
953973,Ranjeetpura - 4 Mrm,रणजीतपुरा - 4 एमआरएम,6913,Bajju,,000000,U,,,2025-06-03,2025-07-21,1,"Villages  {11 S.M.D. (MOOMBALA),17 KWD,1 CDY JAGAT SINGH PURA etc...} has  been shifted from Subdistrict {Kolayat} of District {BIKANER} to Sub district {Bajju} of District {BIKANER}"
953989,Charanwala - 5 Psm 1,चारणवाला - 5 पीएसएम प्रथम,6913,Bajju,,000000,U,,,2025-06-03,2025-07-21,1,"Villages  {11 S.M.D. (MOOMBALA),17 KWD,1 CDY JAGAT SINGH PURA etc...} has  been shifted from Subdistrict {Kolayat} of District {BIKANER} to Sub district {Bajju} of District {BIKANER}"
953990,Godoo - 6 Gsmr,गोडू - 6 जीएसएमआर,6913,Bajju,,000000,U,,,2025-06-03,2025-07-21,1,"Villages  {11 S.M.D. (MOOMBALA),17 KWD,1 CDY JAGAT SINGH PURA etc...} has  been shifted from Subdistrict {Kolayat} of District {BIKANER} to Sub district {Bajju} of District {BIKANER}"
953993,Gajjewala - 3 Gwsm B,गज्जेवाला - 3 जीडब्लूएसएम बी,6913,Bajju,,000000,U,,,2025-06-03,2025-07-21,1,"Villages  {11 S.M.D. (MOOMBALA),17 KWD,1 CDY JAGAT SINGH PURA etc...} has  been shifted from Subdistrict {Kolayat} of District {BIKANER} to Sub district {Bajju} of District {BIKANER}"
953994,Salasarcity Chak 5 Rpm Abadi - 4 Rm,सालासरसि टी चक 5 आरपीएम आबादी - 4 आरएम,6913,Bajju,,000000,U,,,2025-06-03,2025-07-21,1,"Villages  {11 S.M.D. (MOOMBALA),17 KWD,1 CDY JAGAT SINGH PURA etc...} has  been shifted from Subdistrict {Kolayat} of District {BIKANER} to Sub district {Bajju} of District {BIKANER}"
953995,Ranjeetpura - 5 Mrm,रणजीतपुरा - 5 एमआरएम,6913,Bajju,,000000,U,,,2025-06-03,2025-07-21,1,"Villages  {11 S.M.D. (MOOMBALA),17 KWD,1 CDY JAGAT SINGH PURA etc...} has  been shifted from Subdistrict {Kolayat} of District {BIKANER} to Sub district {Bajju} of District {BIKANER}"
953996,Charanwala - 4 Psm 1,चारणवाला - 4 पीएसएमप्रथम,6913,Bajju,,000000,U,,,2025-06-03,2025-07-21,1,"Villages  {11 S.M.D. (MOOMBALA),17 KWD,1 CDY JAGAT SINGH PURA etc...} has  been shifted from Subdistrict {Kolayat} of District {BIKANER} to Sub district {Bajju} of District {BIKANER}"
953998,2 Mm Godu Ji Ki Dhani - 1 Mm,2 एमएम गोडू जी की ढाणी - 1 एमएम,6913,Bajju,,000000,U,,,2025-06-03,2025-07-21,1,"Villages  {11 S.M.D. (MOOMBALA),17 KWD,1 CDY JAGAT SINGH PURA etc...} has  been shifted from Subdistrict {Kolayat} of District {BIKANER} to Sub district {Bajju} of District {BIKANER}"
953999,2 Mkd A Kalyanisinghpura - 1 Mkd B,2 एमकेडी ए कल्याणसिंहपुरा - 1 एम के डी बी,6913,Bajju,,000000,U,,,2025-06-03,2025-07-21,1,"Villages  {11 S.M.D. (MOOMBALA),17 KWD,1 CDY JAGAT SINGH PURA etc...} has  been shifted from Subdistrict {Kolayat} of District {BIKANER} to Sub district {Bajju} of District {BIKANER}"
954000,Ranjeetpura - 2 Pssm,रणजीतपुरा - 2 पीएसएसएम,6913,Bajju,,000000,U,,,2025-06-03,2025-07-21,1,"Villages  {11 S.M.D. (MOOMBALA),17 KWD,1 CDY JAGAT SINGH PURA etc...} has  been shifted from Subdistrict {Kolayat} of District {BIKANER} to Sub district {Bajju} of District {BIKANER}"
954001,Godoo - 4 Psd,गोडू - 4 पीएसडी,6913,Bajju,,000000,U,,,2025-07-03,2025-07-21,1,"Villages  {11 S.M.D. (MOOMBALA),17 KWD,1 CDY JAGAT SINGH PURA etc...} has  been shifted from Subdistrict {Kolayat} of District {BIKANER} to Sub district {Bajju} of District {BIKANER}"
954003,4 Am Ganpatsinghpura - 3 Mm A,4 एमएम गणपतसिंहपुरा - 3 एम एम ए,6913,Bajju,,000000,U,,,2025-06-03,2025-07-21,1,"Villages  {11 S.M.D. (MOOMBALA),17 KWD,1 CDY JAGAT SINGH PURA etc...} has  been shifted from Subdistrict {Kolayat} of District {BIKANER} to Sub district {Bajju} of District {BIKANER}"
954004,2 Mkd A Kalyansinghpura - 2 Mkd,2 एमकेडी ए कल्याणसिहपुरा - 2 एमकेडी,6913,Bajju,,000000,U,,,2025-06-03,2025-07-21,1,"Villages  {11 S.M.D. (MOOMBALA),17 KWD,1 CDY JAGAT SINGH PURA etc...} has  been shifted from Subdistrict {Kolayat} of District {BIKANER} to Sub district {Bajju} of District {BIKANER}"
954005,Godoo - 6 Psd,गोडू - 6 पीएसडी,6913,Bajju,,000000,U,,,2025-06-03,2025-07-21,1,"Villages  {11 S.M.D. (MOOMBALA),17 KWD,1 CDY JAGAT SINGH PURA etc...} has  been shifted from Subdistrict {Kolayat} of District {BIKANER} to Sub district {Bajju} of District {BIKANER}"
954006,14 Dobb Abadi - 15 Dobb,14 DOBB आबादी- 15 डीओबीबी,6913,Bajju,,000000,U,,,2025-06-03,2025-07-21,1,"Villages  {11 S.M.D. (MOOMBALA),17 KWD,1 CDY JAGAT SINGH PURA etc...} has  been shifted from Subdistrict {Kolayat} of District {BIKANER} to Sub district {Bajju} of District {BIKANER}"
954007,Ranjeetpura - 8 Psm 1,रणजीतपुरा - 8 पीएसएमप्रथम,6913,Bajju,,000000,U,,,2025-06-03,2025-07-21,1,"Villages  {11 S.M.D. (MOOMBALA),17 KWD,1 CDY JAGAT SINGH PURA etc...} has  been shifted from Subdistrict {Kolayat} of District {BIKANER} to Sub district {Bajju} of District {BIKANER}"
954008,Gajjewala - 3 Gwsm A,गज्जेवाला - 3 जीडब्लूएसएम ए,6913,Bajju,,000000,U,,,2025-06-03,2025-07-21,1,"Villages  {11 S.M.D. (MOOMBALA),17 KWD,1 CDY JAGAT SINGH PURA etc...} has  been shifted from Subdistrict {Kolayat} of District {BIKANER} to Sub district {Bajju} of District {BIKANER}"
954009,Charanwala - 5 Psm 1 Ignp,चारणवाला - 5 पीएसएमप्रथम (आईजीएनपी),6913,Bajju,,000000,U,,,2025-06-03,2025-07-21,1,"Villages  {11 S.M.D. (MOOMBALA),17 KWD,1 CDY JAGAT SINGH PURA etc...} has  been shifted from Subdistrict {Kolayat} of District {BIKANER} to Sub district {Bajju} of District {BIKANER}"
954011,Godoo - 3 Psd,गोडू - 3 पीएसडी,6913,Bajju,,000000,U,,,2025-06-03,2025-07-21,1,"Villages  {11 S.M.D. (MOOMBALA),17 KWD,1 CDY JAGAT SINGH PURA etc...} has  been shifted from Subdistrict {Kolayat} of District {BIKANER} to Sub district {Bajju} of District {BIKANER}"
954012,Charanwala - 6 Psm 1 Ignp,चारणवाला - 6 पीएसएम प्रथम (आईजीएनपी),6913,Bajju,,000000,U,,,2025-06-03,2025-07-21,1,"Villages  {11 S.M.D. (MOOMBALA),17 KWD,1 CDY JAGAT SINGH PURA etc...} has  been shifted from Subdistrict {Kolayat} of District {BIKANER} to Sub district {Bajju} of District {BIKANER}"
954013,4 Mm Ganpatsinghpura - 6 Mm,4 एमएम गणपतसिहपुरा - 6 एम एम,6913,Bajju,,000000,U,,,2025-06-03,2025-07-21,1,"Villages  {11 S.M.D. (MOOMBALA),17 KWD,1 CDY JAGAT SINGH PURA etc...} has  been shifted from Subdistrict {Kolayat} of District {BIKANER} to Sub district {Bajju} of District {BIKANER}"
954016,Godoo - 6 Gmr,गोडू - 6 जीएमआर,6913,Bajju,,000000,U,,,2025-06-03,2025-07-21,1,"Villages  {11 S.M.D. (MOOMBALA),17 KWD,1 CDY JAGAT SINGH PURA etc...} has  been shifted from Subdistrict {Kolayat} of District {BIKANER} to Sub district {Bajju} of District {BIKANER}"
954017,Gajjewala - 2 Gwm,गज्जेवाला - 2 जीडब्लूएम,6913,Bajju,,000000,U,,,2025-06-03,2025-07-21,1,"Villages  {11 S.M.D. (MOOMBALA),17 KWD,1 CDY JAGAT SINGH PURA etc...} has  been shifted from Subdistrict {Kolayat} of District {BIKANER} to Sub district {Bajju} of District {BIKANER}"
954019,Ranjeetpura - 4 Pssm (Cad),रणजीतपुरा - 4 पीएसएसएम (सीएडी),6913,Bajju,,000000,U,,,2025-06-03,2025-07-21,1,"Villages  {11 S.M.D. (MOOMBALA),17 KWD,1 CDY JAGAT SINGH PURA etc...} has  been shifted from Subdistrict {Kolayat} of District {BIKANER} to Sub district {Bajju} of District {BIKANER}"
954020,4 Am Ganpatsinghpura 3 Mm B,4 एमएम गणपतसिहपुरा - 3 एम एम बी,6913,Bajju,,000000,U,,,2025-06-03,2025-07-21,1,"Villages  {11 S.M.D. (MOOMBALA),17 KWD,1 CDY JAGAT SINGH PURA etc...} has  been shifted from Subdistrict {Kolayat} of District {BIKANER} to Sub district {Bajju} of District {BIKANER}"
954024,Godoo - 14 Gmr,गोडू - 14 जीएमआर,6913,Bajju,,000000,U,,,2025-06-03,2025-07-21,1,"Villages  {11 S.M.D. (MOOMBALA),17 KWD,1 CDY JAGAT SINGH PURA etc...} has  been shifted from Subdistrict {Kolayat} of District {BIKANER} to Sub district {Bajju} of District {BIKANER}"
954025,Ranjeetpura - 6 Pssm (Ignp),रणजीतपुरा - 6 पीएसएसएम (आईजीएनपी),6913,Bajju,,000000,U,,,2025-06-03,2025-07-21,1,"Villages  {11 S.M.D. (MOOMBALA),17 KWD,1 CDY JAGAT SINGH PURA etc...} has  been shifted from Subdistrict {Kolayat} of District {BIKANER} to Sub district {Bajju} of District {BIKANER}"
954026,Gajjewala - 1 Gwsm,गज्जेवाला - 1 जीडब्लूएसएम,6913,Bajju,,000000,U,,,2025-06-03,2025-07-21,1,"Villages  {11 S.M.D. (MOOMBALA),17 KWD,1 CDY JAGAT SINGH PURA etc...} has  been shifted from Subdistrict {Kolayat} of District {BIKANER} to Sub district {Bajju} of District {BIKANER}"
954027,Godoo - 17 Gmr,गोडू - 17 जीएमआर,6913,Bajju,,000000,U,,,2025-06-03,2025-07-21,1,"Villages  {11 S.M.D. (MOOMBALA),17 KWD,1 CDY JAGAT SINGH PURA etc...} has  been shifted from Subdistrict {Kolayat} of District {BIKANER} to Sub district {Bajju} of District {BIKANER}"
954029,Ranjeetpura - 7 Pssm (Ignp),रणजीतपुरा - 7 पीएसएसएम (आईजीएनपी),6913,Bajju,,000000,U,,,2025-06-03,2025-07-21,1,"Villages  {11 S.M.D. (MOOMBALA),17 KWD,1 CDY JAGAT SINGH PURA etc...} has  been shifted from Subdistrict {Kolayat} of District {BIKANER} to Sub district {Bajju} of District {BIKANER}"
954030,Godoo - 6 Mdm B,गोडू - 6 एमडीएमबी,6913,Bajju,,000000,U,,,2025-06-03,2025-07-21,1,"Villages  {11 S.M.D. (MOOMBALA),17 KWD,1 CDY JAGAT SINGH PURA etc...} has  been shifted from Subdistrict {Kolayat} of District {BIKANER} to Sub district {Bajju} of District {BIKANER}"
954032,Gajjewala - 1 Gwm,गज्जेवाला - 1 जीडब्लूएम,6913,Bajju,,000000,U,,,2025-06-03,2025-07-21,1,"Villages  {11 S.M.D. (MOOMBALA),17 KWD,1 CDY JAGAT SINGH PURA etc...} has  been shifted from Subdistrict {Kolayat} of District {BIKANER} to Sub district {Bajju} of District {BIKANER}"
954037,4 Am Ganpatsinghpura 5 Mm,4 एमएम गणपतसिहपुरा - 5 एम एम,6913,Bajju,,000000,U,,,2025-06-03,2025-07-21,1,"Villages  {11 S.M.D. (MOOMBALA),17 KWD,1 CDY JAGAT SINGH PURA etc...} has  been shifted from Subdistrict {Kolayat} of District {BIKANER} to Sub district {Bajju} of District {BIKANER}"
954038,Godoo - 6 Mdm A,गोडू - 6 एमडीएम ए,6913,Bajju,,000000,U,,,2025-06-03,2025-07-21,1,"Villages  {11 S.M.D. (MOOMBALA),17 KWD,1 CDY JAGAT SINGH PURA etc...} has  been shifted from Subdistrict {Kolayat} of District {BIKANER} to Sub district {Bajju} of District {BIKANER}"
954042,Ranjeetpura - 5 Pssm - 2 (Ignp),रणजीतपुरा - 5 पीएसएस एम द्वितीय (आईजीएनपी),6913,Bajju,,000000,U,,,2025-06-03,2025-07-21,1,"Villages  {11 S.M.D. (MOOMBALA),17 KWD,1 CDY JAGAT SINGH PURA etc...} has  been shifted from Subdistrict {Kolayat} of District {BIKANER} to Sub district {Bajju} of District {BIKANER}"
954052,Ranjeetpura - 7 Pssm (Cad),रणजीतपुरा - 7 पीएसएसएम (सीएडी),6913,Bajju,,000000,U,,,2025-06-03,2025-07-21,1,"Villages  {11 S.M.D. (MOOMBALA),17 KWD,1 CDY JAGAT SINGH PURA etc...} has  been shifted from Subdistrict {Kolayat} of District {BIKANER} to Sub district {Bajju} of District {BIKANER}"
954054,Godoo - 8 Psd,गोडू - 8 पीएसडी,6913,Bajju,,000000,U,,,2025-06-03,2025-07-21,1,"Villages  {11 S.M.D. (MOOMBALA),17 KWD,1 CDY JAGAT SINGH PURA etc...} has  been shifted from Subdistrict {Kolayat} of District {BIKANER} to Sub district {Bajju} of District {BIKANER}"
954056,Ranjeetpura - 14 Rdy,रणजीतपुरा - 14 आरडीवाई,6913,Bajju,,000000,U,,,2025-06-03,2025-07-21,1,"Villages  {11 S.M.D. (MOOMBALA),17 KWD,1 CDY JAGAT SINGH PURA etc...} has  been shifted from Subdistrict {Kolayat} of District {BIKANER} to Sub district {Bajju} of District {BIKANER}"
954057,Godoo - 10 Psd,गोडू - 10 पीएसडी,6913,Bajju,,000000,U,,,2025-06-03,2025-07-21,1,"Villages  {11 S.M.D. (MOOMBALA),17 KWD,1 CDY JAGAT SINGH PURA etc...} has  been shifted from Subdistrict {Kolayat} of District {BIKANER} to Sub district {Bajju} of District {BIKANER}"
954065,Ranjeetpura - 9 Gwm (A),रणजीतपुरा - 9 जीडब्ल्यूएम(ए),6913,Bajju,,000000,U,,,2025-06-03,2025-07-21,1,"Villages  {11 S.M.D. (MOOMBALA),17 KWD,1 CDY JAGAT SINGH PURA etc...} has  been shifted from Subdistrict {Kolayat} of District {BIKANER} to Sub district {Bajju} of District {BIKANER}"
954070,Godoo - 12 Psd,गोडू - 12 पीएसडी,6913,Bajju,,000000,U,,,2025-06-03,2025-07-21,1,"Villages  {11 S.M.D. (MOOMBALA),17 KWD,1 CDY JAGAT SINGH PURA etc...} has  been shifted from Subdistrict {Kolayat} of District {BIKANER} to Sub district {Bajju} of District {BIKANER}"
954077,14 Dobb Abadi - 5 Rm,14 DOBB आबादी - 5 आरएम,6913,Bajju,,000000,U,,,2025-06-03,2025-07-21,1,"Villages  {11 S.M.D. (MOOMBALA),17 KWD,1 CDY JAGAT SINGH PURA etc...} has  been shifted from Subdistrict {Kolayat} of District {BIKANER} to Sub district {Bajju} of District {BIKANER}"
954081,Godoo - 13 Psd,गोडू - 13 पीएसडी,6913,Bajju,,000000,U,,,2025-06-03,2025-07-21,1,"Villages  {11 S.M.D. (MOOMBALA),17 KWD,1 CDY JAGAT SINGH PURA etc...} has  been shifted from Subdistrict {Kolayat} of District {BIKANER} to Sub district {Bajju} of District {BIKANER}"
954100,Ranjeetpura - 9 Gwm (A),रणजीतपुरा - 9 जीडब्ल्यूएम(ए),6913,Bajju,,000000,U,,,2025-06-03,2025-07-21,1,"Villages  {11 S.M.D. (MOOMBALA),17 KWD,1 CDY JAGAT SINGH PURA etc...} has  been shifted from Subdistrict {Kolayat} of District {BIKANER} to Sub district {Bajju} of District {BIKANER}"
954103,Godoo - 14 Psd,गोडू - 14 पीएसडी,6913,Bajju,,000000,U,,,2025-06-03,2025-07-21,1,"Villages  {11 S.M.D. (MOOMBALA),17 KWD,1 CDY JAGAT SINGH PURA etc...} has  been shifted from Subdistrict {Kolayat} of District {BIKANER} to Sub district {Bajju} of District {BIKANER}"
954121,Godoo - 15 Psd,गोडू - 15 पीएसडी,6913,Bajju,,000000,U,,,2025-06-03,2025-07-21,1,"Villages  {11 S.M.D. (MOOMBALA),17 KWD,1 CDY JAGAT SINGH PURA etc...} has  been shifted from Subdistrict {Kolayat} of District {BIKANER} to Sub district {Bajju} of District {BIKANER}"
954122,Ranjeetpura 11 Gwm,रणजीतपुरा - 11 जीडब्ल्यूएम,6913,Bajju,,000000,U,,,2025-06-03,2025-07-21,1,"Villages  {11 S.M.D. (MOOMBALA),17 KWD,1 CDY JAGAT SINGH PURA etc...} has  been shifted from Subdistrict {Kolayat} of District {BIKANER} to Sub district {Bajju} of District {BIKANER}"
954127,Godoo - 17 Psd,गोडू - 17 पीएसडी,6913,Bajju,,000000,U,,,2025-06-03,2025-07-21,1,"Villages  {11 S.M.D. (MOOMBALA),17 KWD,1 CDY JAGAT SINGH PURA etc...} has  been shifted from Subdistrict {Kolayat} of District {BIKANER} to Sub district {Bajju} of District {BIKANER}"
954128,Ranjeetpura - 12 Gwm,रणजीतपुरा - 12 जीडब्ल्यूएम,6913,Bajju,,000000,U,,,2025-06-03,2025-07-21,1,"Villages  {11 S.M.D. (MOOMBALA),17 KWD,1 CDY JAGAT SINGH PURA etc...} has  been shifted from Subdistrict {Kolayat} of District {BIKANER} to Sub district {Bajju} of District {BIKANER}"
954171,Ranjeetpura - 13 Gwm,रणजीतपुरा - 13 जीडब्ल्यूएम,6913,Bajju,,000000,U,,,2025-06-03,2025-07-21,1,"Villages  {11 S.M.D. (MOOMBALA),17 KWD,1 CDY JAGAT SINGH PURA etc...} has  been shifted from Subdistrict {Kolayat} of District {BIKANER} to Sub district {Bajju} of District {BIKANER}"
954179,Ranjeetpura - 14 Gwm,रणजीतपुरा - 14 जीडब्ल्यूएम,6913,Bajju,,000000,U,,,2025-06-03,2025-07-21,1,"Villages  {11 S.M.D. (MOOMBALA),17 KWD,1 CDY JAGAT SINGH PURA etc...} has  been shifted from Subdistrict {Kolayat} of District {BIKANER} to Sub district {Bajju} of District {BIKANER}"
954182,Godoo - 5 Rdy,गोडू - 5 आरडीवाई,6913,Bajju,,000000,U,,,2025-06-03,2025-07-21,1,"Villages  {11 S.M.D. (MOOMBALA),17 KWD,1 CDY JAGAT SINGH PURA etc...} has  been shifted from Subdistrict {Kolayat} of District {BIKANER} to Sub district {Bajju} of District {BIKANER}"
954191,Ranjeetpura - 1 Dlmr,रणजीतपुरा - 1 डीएलएमआर,6913,Bajju,,000000,U,,,2025-06-03,2025-07-21,1,"Villages  {11 S.M.D. (MOOMBALA),17 KWD,1 CDY JAGAT SINGH PURA etc...} has  been shifted from Subdistrict {Kolayat} of District {BIKANER} to Sub district {Bajju} of District {BIKANER}"
954201,Mankasar - 11Dobb,माणकासर - 11 डीओबीबी,6913,Bajju,,000000,U,,,2025-06-03,2025-07-21,1,"Villages  {11 S.M.D. (MOOMBALA),17 KWD,1 CDY JAGAT SINGH PURA etc...} has  been shifted from Subdistrict {Kolayat} of District {BIKANER} to Sub district {Bajju} of District {BIKANER}"
954205,Ranjeetpura - 2 Dlmr,रणजीतपुरा - 2 डीएलएमआर,6913,Bajju,,000000,U,,,2025-06-03,2025-07-21,1,"Villages  {11 S.M.D. (MOOMBALA),17 KWD,1 CDY JAGAT SINGH PURA etc...} has  been shifted from Subdistrict {Kolayat} of District {BIKANER} to Sub district {Bajju} of District {BIKANER}"
954242,Mankasar - 10 Dobb B,माणकासर - 10 डीओबीबी बी,6913,Bajju,,000000,U,,,2025-06-03,2025-07-21,1,"Villages  {11 S.M.D. (MOOMBALA),17 KWD,1 CDY JAGAT SINGH PURA etc...} has  been shifted from Subdistrict {Kolayat} of District {BIKANER} to Sub district {Bajju} of District {BIKANER}"
954255,Mankasar - 12 Dobb,माणकासर - 12 डीओबीबी,6913,Bajju,,000000,U,,,2025-06-03,2025-07-21,1,"Villages  {11 S.M.D. (MOOMBALA),17 KWD,1 CDY JAGAT SINGH PURA etc...} has  been shifted from Subdistrict {Kolayat} of District {BIKANER} to Sub district {Bajju} of District {BIKANER}"
954256,Ranjeetpura - 1 Bwm,रणजीतपुरा - 1 बीडब्ल्यूएम,6913,Bajju,,000000,U,,,2025-06-03,2025-07-21,1,"Villages  {11 S.M.D. (MOOMBALA),17 KWD,1 CDY JAGAT SINGH PURA etc...} has  been shifted from Subdistrict {Kolayat} of District {BIKANER} to Sub district {Bajju} of District {BIKANER}"
954258,Ranjeetpura - 2 Bwm,रणजीतपुरा - 2 बीडब्ल्यूएम,6913,Bajju,,000000,U,,,2025-06-03,2025-07-21,1,"Villages  {11 S.M.D. (MOOMBALA),17 KWD,1 CDY JAGAT SINGH PURA etc...} has  been shifted from Subdistrict {Kolayat} of District {BIKANER} to Sub district {Bajju} of District {BIKANER}"
954261,Mankasar - 13 Dobb A,माणकासर - 13 डीओबीबी ए,6913,Bajju,,000000,U,,,2025-06-03,2025-07-21,1,"Villages  {11 S.M.D. (MOOMBALA),17 KWD,1 CDY JAGAT SINGH PURA etc...} has  been shifted from Subdistrict {Kolayat} of District {BIKANER} to Sub district {Bajju} of District {BIKANER}"
954262,Ranjeetpura - 3 Bwm,रणजीतपुरा - 3 बीडब्ल्यूएम,6913,Bajju,,000000,U,,,2025-06-03,2025-07-21,1,"Villages  {11 S.M.D. (MOOMBALA),17 KWD,1 CDY JAGAT SINGH PURA etc...} has  been shifted from Subdistrict {Kolayat} of District {BIKANER} to Sub district {Bajju} of District {BIKANER}"
954264,Mankasar - 13Dobb B,माणकासर - 13 डीओबीबी बी,6913,Bajju,,000000,U,,,2025-06-03,2025-07-21,1,"Villages  {11 S.M.D. (MOOMBALA),17 KWD,1 CDY JAGAT SINGH PURA etc...} has  been shifted from Subdistrict {Kolayat} of District {BIKANER} to Sub district {Bajju} of District {BIKANER}"
954265,Ranjeetpura - 4 Bwm,रणजीतपुरा - 4 बीडब्ल्यूएम,6913,Bajju,,000000,U,,,2025-06-03,2025-07-21,1,"Villages  {11 S.M.D. (MOOMBALA),17 KWD,1 CDY JAGAT SINGH PURA etc...} has  been shifted from Subdistrict {Kolayat} of District {BIKANER} to Sub district {Bajju} of District {BIKANER}"
954267,Ranjeetpura - 1 Mwm,रणजीतपुरा - 1 एमडब्ल्यूएम,6913,Bajju,,000000,U,,,2025-06-03,2025-07-21,1,"Villages  {11 S.M.D. (MOOMBALA),17 KWD,1 CDY JAGAT SINGH PURA etc...} has  been shifted from Subdistrict {Kolayat} of District {BIKANER} to Sub district {Bajju} of District {BIKANER}"
954271,Godoo - 8 Mdm,गोडू - 8 एमडीएम,6913,Bajju,,000000,U,,,2025-06-03,2025-07-21,1,"Villages  {11 S.M.D. (MOOMBALA),17 KWD,1 CDY JAGAT SINGH PURA etc...} has  been shifted from Subdistrict {Kolayat} of District {BIKANER} to Sub district {Bajju} of District {BIKANER}"
954272,Ranjeetpura - 2 Mwm,रणजीतपुरा - 2 एमडब्ल्यूएम,6913,Bajju,,000000,U,,,2025-06-03,2025-07-21,1,"Villages  {11 S.M.D. (MOOMBALA),17 KWD,1 CDY JAGAT SINGH PURA etc...} has  been shifted from Subdistrict {Kolayat} of District {BIKANER} to Sub district {Bajju} of District {BIKANER}"
954276,Ranjeetpura - 3 Mwm,रणजीतपुरा - 3 एमडब्ल्यूएम,6913,Bajju,,000000,U,,,2025-06-03,2025-07-21,1,"Villages  {11 S.M.D. (MOOMBALA),17 KWD,1 CDY JAGAT SINGH PURA etc...} has  been shifted from Subdistrict {Kolayat} of District {BIKANER} to Sub district {Bajju} of District {BIKANER}"
954282,Ranjeetpura - 4 Mwm,रणजीतपुरा - 4 एमडब्ल्यूएम,6913,Bajju,,000000,U,,,2025-06-03,2025-07-21,1,"Villages  {11 S.M.D. (MOOMBALA),17 KWD,1 CDY JAGAT SINGH PURA etc...} has  been shifted from Subdistrict {Kolayat} of District {BIKANER} to Sub district {Bajju} of District {BIKANER}"
954285,Ranjeetpura - 1 Mrm,रणजीतपुरा - 1 एमआरएम,6913,Bajju,,000000,U,,,2025-06-03,2025-07-21,1,"Villages  {11 S.M.D. (MOOMBALA),17 KWD,1 CDY JAGAT SINGH PURA etc...} has  been shifted from Subdistrict {Kolayat} of District {BIKANER} to Sub district {Bajju} of District {BIKANER}"
954287,Ranjeetpura - 2 Mrm,रणजीतपुरा - 2 एमआरएम,6913,Bajju,,000000,U,,,2025-06-03,2025-07-21,1,"Villages  {11 S.M.D. (MOOMBALA),17 KWD,1 CDY JAGAT SINGH PURA etc...} has  been shifted from Subdistrict {Kolayat} of District {BIKANER} to Sub district {Bajju} of District {BIKANER}"
955377,Meethdiya 2-3 Rsm,मीठडिया 2-3 आर एस एम,6913,Bajju,,000000,U,,,2025-07-20,2025-07-30,1,"Villages  {11 S.M.D. (MOOMBALA),17 KWD,1 CDY JAGAT SINGH PURA etc...} has  been shifted from Subdistrict {Kolayat} of District {BIKANER} to Sub district {Bajju} of District {BIKANER}"
955381,Nagarasar 11 Kmd,नगरासर 11 के एम डी,6913,Bajju,,000000,U,,,2025-07-20,2025-07-30,1,"Villages  {11 S.M.D. (MOOMBALA),17 KWD,1 CDY JAGAT SINGH PURA etc...} has  been shifted from Subdistrict {Kolayat} of District {BIKANER} to Sub district {Bajju} of District {BIKANER}"
955383,Medi Ka Magra 1 Asm,मेडी का मगरा - 1 ए एस एम,6913,Bajju,,000000,U,,,2025-07-20,2025-07-30,1,"Villages  {11 S.M.D. (MOOMBALA),17 KWD,1 CDY JAGAT SINGH PURA etc...} has  been shifted from Subdistrict {Kolayat} of District {BIKANER} to Sub district {Bajju} of District {BIKANER}"
955386,Meethdiya 5 Grm,मीठडिया 5 जी आर एम,6913,Bajju,,000000,U,,,2025-07-20,2025-07-30,1,"Villages  {11 S.M.D. (MOOMBALA),17 KWD,1 CDY JAGAT SINGH PURA etc...} has  been shifted from Subdistrict {Kolayat} of District {BIKANER} to Sub district {Bajju} of District {BIKANER}"
955390,Sophra Nagar 17 Kmd A,सोफरानगर - 17 के एम एडी ए,6913,Bajju,,000000,U,,,2025-07-20,2025-07-30,1,"Villages  {11 S.M.D. (MOOMBALA),17 KWD,1 CDY JAGAT SINGH PURA etc...} has  been shifted from Subdistrict {Kolayat} of District {BIKANER} to Sub district {Bajju} of District {BIKANER}"
955391,Sevda - 8 Bjm,सेवडा - 8 बी जे एम,6913,Bajju,,000000,U,,,2025-07-20,2025-07-30,1,"Villages  {11 S.M.D. (MOOMBALA),17 KWD,1 CDY JAGAT SINGH PURA etc...} has  been shifted from Subdistrict {Kolayat} of District {BIKANER} to Sub district {Bajju} of District {BIKANER}"
955396,Kolasar West 6 Kmd,कोलासर पश्चिम - 6 केएमडी,6913,Bajju,,000000,U,,,2025-07-20,2025-07-30,1,"Villages  {11 S.M.D. (MOOMBALA),17 KWD,1 CDY JAGAT SINGH PURA etc...} has  been shifted from Subdistrict {Kolayat} of District {BIKANER} to Sub district {Bajju} of District {BIKANER}"
955399,Gehlot Nagar 10 Bjm,गहलोत नगर - 10 बी जे एम,6913,Bajju,,000000,U,,,2025-07-20,2025-07-30,1,"Villages  {11 S.M.D. (MOOMBALA),17 KWD,1 CDY JAGAT SINGH PURA etc...} has  been shifted from Subdistrict {Kolayat} of District {BIKANER} to Sub district {Bajju} of District {BIKANER}"
955406,Nagarasar 3 Bjm,नगरासर 3 बी जे एम,6913,Bajju,,000000,U,,,2025-07-20,2025-07-30,1,"Villages  {11 S.M.D. (MOOMBALA),17 KWD,1 CDY JAGAT SINGH PURA etc...} has  been shifted from Subdistrict {Kolayat} of District {BIKANER} to Sub district {Bajju} of District {BIKANER}"
955410,Kolasar West 6 Asm,कोलासर पश्चिम - 6 एएसएम,6913,Bajju,,000000,U,,,2025-07-20,2025-07-30,1,"Villages  {11 S.M.D. (MOOMBALA),17 KWD,1 CDY JAGAT SINGH PURA etc...} has  been shifted from Subdistrict {Kolayat} of District {BIKANER} to Sub district {Bajju} of District {BIKANER}"
955448,Bajju Tejpura 7-8 Tpm,बज्जूतेजपुरा - 7-8 टीपीएम ,6913,Bajju,,000000,U,,,2025-07-20,2025-07-30,1,"Villages  {11 S.M.D. (MOOMBALA),17 KWD,1 CDY JAGAT SINGH PURA etc...} has  been shifted from Subdistrict {Kolayat} of District {BIKANER} to Sub district {Bajju} of District {BIKANER}"
955450,Bajju Khalsa 6-7 Swm,बज्जूखालसा - 6-7 एसडब्ल्युएम,6913,Bajju,,000000,U,,,2025-07-20,2025-07-30,1,"Villages  {11 S.M.D. (MOOMBALA),17 KWD,1 CDY JAGAT SINGH PURA etc...} has  been shifted from Subdistrict {Kolayat} of District {BIKANER} to Sub district {Bajju} of District {BIKANER}"
955452,Medi Ka Magra 3 Asm,मेडी का मगरा - 3 ए एस एम,6913,Bajju,,000000,U,,,2025-07-20,2025-07-30,1,"Villages  {11 S.M.D. (MOOMBALA),17 KWD,1 CDY JAGAT SINGH PURA etc...} has  been shifted from Subdistrict {Kolayat} of District {BIKANER} to Sub district {Bajju} of District {BIKANER}"
955453,Gehlot Nagar 11 Bjm,गहलोत नगर - 11 बी जे एम,6913,Bajju,,000000,U,,,2025-07-20,2025-07-30,1,"Villages  {11 S.M.D. (MOOMBALA),17 KWD,1 CDY JAGAT SINGH PURA etc...} has  been shifted from Subdistrict {Kolayat} of District {BIKANER} to Sub district {Bajju} of District {BIKANER}"
955454,Sophra Nagar 3 Ngm,सोफरानगर - 3 एन जी एम,6913,Bajju,,000000,U,,,2025-07-20,2025-07-30,1,"Villages  {11 S.M.D. (MOOMBALA),17 KWD,1 CDY JAGAT SINGH PURA etc...} has  been shifted from Subdistrict {Kolayat} of District {BIKANER} to Sub district {Bajju} of District {BIKANER}"
955455,Sevda - 7 Sm,सेवडा - 7 एस एम,6913,Bajju,,000000,U,,,2025-07-20,2025-07-30,1,"Villages  {11 S.M.D. (MOOMBALA),17 KWD,1 CDY JAGAT SINGH PURA etc...} has  been shifted from Subdistrict {Kolayat} of District {BIKANER} to Sub district {Bajju} of District {BIKANER}"
955462,Nagarasar 5 Nd,नगरासर 5 एन डी,6913,Bajju,,000000,U,,,2025-07-20,2025-07-30,1,"Villages  {11 S.M.D. (MOOMBALA),17 KWD,1 CDY JAGAT SINGH PURA etc...} has  been shifted from Subdistrict {Kolayat} of District {BIKANER} to Sub district {Bajju} of District {BIKANER}"
955471,Kolasar West 4 Asm A,कोलासर पश्चि म - 4 एएसएम ए,6913,Bajju,,000000,U,,,2025-07-20,2025-07-30,1,"Villages  {11 S.M.D. (MOOMBALA),17 KWD,1 CDY JAGAT SINGH PURA etc...} has  been shifted from Subdistrict {Kolayat} of District {BIKANER} to Sub district {Bajju} of District {BIKANER}"
955477,Sophra Nagar 4 Ngm,सोफरानगर - 4 एन जी एम,6913,Bajju,,000000,U,,,2025-07-20,2025-07-30,1,"Villages  {11 S.M.D. (MOOMBALA),17 KWD,1 CDY JAGAT SINGH PURA etc...} has  been shifted from Subdistrict {Kolayat} of District {BIKANER} to Sub district {Bajju} of District {BIKANER}"
955479,Sevda - 19 Kmd,सेवडा - 19 के एम डी,6913,Bajju,,000000,U,,,2025-07-20,2025-07-30,1,"Villages  {11 S.M.D. (MOOMBALA),17 KWD,1 CDY JAGAT SINGH PURA etc...} has  been shifted from Subdistrict {Kolayat} of District {BIKANER} to Sub district {Bajju} of District {BIKANER}"
955482,Nagarasar 7 Nd,नगरासर 7 एन डी,6913,Bajju,,000000,U,,,2025-07-20,2025-07-30,1,"Villages  {11 S.M.D. (MOOMBALA),17 KWD,1 CDY JAGAT SINGH PURA etc...} has  been shifted from Subdistrict {Kolayat} of District {BIKANER} to Sub district {Bajju} of District {BIKANER}"
955483,Sevda - 5 Sm,सेवडा - 5 एस एम,6913,Bajju,,000000,U,,,2025-07-20,2025-07-30,1,"Villages  {11 S.M.D. (MOOMBALA),17 KWD,1 CDY JAGAT SINGH PURA etc...} has  been shifted from Subdistrict {Kolayat} of District {BIKANER} to Sub district {Bajju} of District {BIKANER}"
955484,Meethdiya 1-2 Grm,मीठडिया 1-2 जी आर एम,6913,Bajju,,000000,U,,,2025-07-20,2025-07-30,1,"Villages  {11 S.M.D. (MOOMBALA),17 KWD,1 CDY JAGAT SINGH PURA etc...} has  been shifted from Subdistrict {Kolayat} of District {BIKANER} to Sub district {Bajju} of District {BIKANER}"
955485,Medi Ka Magra 5 Asm,मेडी का मगरा - 5 ए एस एम,6913,Bajju,,000000,U,,,2025-07-20,2025-07-30,1,"Villages  {11 S.M.D. (MOOMBALA),17 KWD,1 CDY JAGAT SINGH PURA etc...} has  been shifted from Subdistrict {Kolayat} of District {BIKANER} to Sub district {Bajju} of District {BIKANER}"
955487,Kolasar West 4 Asm,कोलासर पश्चि म - 4 एएसएम,6913,Bajju,,000000,U,,,2025-07-20,2025-07-30,1,"Villages  {11 S.M.D. (MOOMBALA),17 KWD,1 CDY JAGAT SINGH PURA etc...} has  been shifted from Subdistrict {Kolayat} of District {BIKANER} to Sub district {Bajju} of District {BIKANER}"
955489,Meethdiya 5 Swm,मीठडिया 5 एस डब्ल्यु एम,6913,Bajju,,000000,U,,,2025-07-20,2025-07-30,1,"Villages  {11 S.M.D. (MOOMBALA),17 KWD,1 CDY JAGAT SINGH PURA etc...} has  been shifted from Subdistrict {Kolayat} of District {BIKANER} to Sub district {Bajju} of District {BIKANER}"
955491,Nagarasar 10 Kmd A,नगरासर -10 के एम डी ए,6913,Bajju,,000000,U,,,2025-07-20,2025-07-30,1,"Villages  {11 S.M.D. (MOOMBALA),17 KWD,1 CDY JAGAT SINGH PURA etc...} has  been shifted from Subdistrict {Kolayat} of District {BIKANER} to Sub district {Bajju} of District {BIKANER}"
955493,Medi Ka Magra 5 Asm A,मेडी का मगरा - 5 ए एस एम ए,6913,Bajju,,000000,U,,,2025-07-20,2025-07-30,1,"Villages  {11 S.M.D. (MOOMBALA),17 KWD,1 CDY JAGAT SINGH PURA etc...} has  been shifted from Subdistrict {Kolayat} of District {BIKANER} to Sub district {Bajju} of District {BIKANER}"
955494,Nagarasar 10 Kmd,नगरासर - 10 के एम डी,6913,Bajju,,000000,U,,,2025-07-20,2025-07-30,1,"Villages  {11 S.M.D. (MOOMBALA),17 KWD,1 CDY JAGAT SINGH PURA etc...} has  been shifted from Subdistrict {Kolayat} of District {BIKANER} to Sub district {Bajju} of District {BIKANER}"
955495,Meethdiya 4 Rsm,मीठडिया 4 आर एस एम,6913,Bajju,,000000,U,,,2025-07-20,2025-07-30,1,"Villages  {11 S.M.D. (MOOMBALA),17 KWD,1 CDY JAGAT SINGH PURA etc...} has  been shifted from Subdistrict {Kolayat} of District {BIKANER} to Sub district {Bajju} of District {BIKANER}"
955496,Medi Ka Magra 7 Asm,मेडी का मगरा - 7 ए एस एम,6913,Bajju,,000000,U,,,2025-07-20,2025-07-30,1,"Villages  {11 S.M.D. (MOOMBALA),17 KWD,1 CDY JAGAT SINGH PURA etc...} has  been shifted from Subdistrict {Kolayat} of District {BIKANER} to Sub district {Bajju} of District {BIKANER}"
955501,Medi Ka Magra 8 Asm,मेडी का मगरा - 8 ए एस एम,6913,Bajju,,000000,U,,,2025-07-20,2025-07-30,1,"Villages  {11 S.M.D. (MOOMBALA),17 KWD,1 CDY JAGAT SINGH PURA etc...} has  been shifted from Subdistrict {Kolayat} of District {BIKANER} to Sub district {Bajju} of District {BIKANER}"
955503,Bajju Khalsa 2-3 Tpsm,बज्जू खालसा - 2-3 टीपीएसएम,6913,Bajju,,000000,U,,,2025-07-20,2025-07-30,1,"Villages  {11 S.M.D. (MOOMBALA),17 KWD,1 CDY JAGAT SINGH PURA etc...} has  been shifted from Subdistrict {Kolayat} of District {BIKANER} to Sub district {Bajju} of District {BIKANER}"
955506,Bajju Tejpura -8 Bnm,बज्जू तेजपुरा - 8 बीएनएम,6913,Bajju,,000000,U,,,2025-07-20,2025-07-30,1,"Villages  {11 S.M.D. (MOOMBALA),17 KWD,1 CDY JAGAT SINGH PURA etc...} has  been shifted from Subdistrict {Kolayat} of District {BIKANER} to Sub district {Bajju} of District {BIKANER}"
955512,Nagarasar 13 Kmd,नगरासर - 13 के एम डी,6913,Bajju,,000000,U,,,2025-07-20,2025-07-30,1,"Villages  {11 S.M.D. (MOOMBALA),17 KWD,1 CDY JAGAT SINGH PURA etc...} has  been shifted from Subdistrict {Kolayat} of District {BIKANER} to Sub district {Bajju} of District {BIKANER}"
955513,Sevda - 4 Sm,सेवडा - 4 एस एम,6913,Bajju,,000000,U,,,2025-07-20,2025-07-30,1,"Villages  {11 S.M.D. (MOOMBALA),17 KWD,1 CDY JAGAT SINGH PURA etc...} has  been shifted from Subdistrict {Kolayat} of District {BIKANER} to Sub district {Bajju} of District {BIKANER}"
955514,Nagarasar 14 Kmd,नगरासर - 14 के एम डी,6913,Bajju,,000000,U,,,2025-07-20,2025-07-30,1,"Villages  {11 S.M.D. (MOOMBALA),17 KWD,1 CDY JAGAT SINGH PURA etc...} has  been shifted from Subdistrict {Kolayat} of District {BIKANER} to Sub district {Bajju} of District {BIKANER}"
955525,Meethdiya 1-5 Rsm,मीठडिया 1-5 आर एस एम,6913,Bajju,,000000,U,,,2025-07-20,2025-07-31,1,"Villages  {11 S.M.D. (MOOMBALA),17 KWD,1 CDY JAGAT SINGH PURA etc...} has  been shifted from Subdistrict {Kolayat} of District {BIKANER} to Sub district {Bajju} of District {BIKANER}"
955526,Medi Ka Magra 9 Asm,मेडी का मगरा - 9 ए एस एम,6913,Bajju,,000000,U,,,2025-07-20,2025-07-31,1,"Villages  {11 S.M.D. (MOOMBALA),17 KWD,1 CDY JAGAT SINGH PURA etc...} has  been shifted from Subdistrict {Kolayat} of District {BIKANER} to Sub district {Bajju} of District {BIKANER}"
955527,Sophra Nagar 5 Ngm,सोफरानगर - 5 एन जी एम,6913,Bajju,,000000,U,,,2025-07-20,2025-07-31,1,"Villages  {11 S.M.D. (MOOMBALA),17 KWD,1 CDY JAGAT SINGH PURA etc...} has  been shifted from Subdistrict {Kolayat} of District {BIKANER} to Sub district {Bajju} of District {BIKANER}"
955529,Nagarasar 2 Asm,नगरासर - 2 ए अस अम,6913,Bajju,,000000,U,,,2025-07-20,2025-07-31,1,"Villages  {11 S.M.D. (MOOMBALA),17 KWD,1 CDY JAGAT SINGH PURA etc...} has  been shifted from Subdistrict {Kolayat} of District {BIKANER} to Sub district {Bajju} of District {BIKANER}"
955531,Sevda - 3 Sm,सेवडा - 3 एस एम,6913,Bajju,,000000,U,,,2025-07-20,2025-07-31,1,"Villages  {11 S.M.D. (MOOMBALA),17 KWD,1 CDY JAGAT SINGH PURA etc...} has  been shifted from Subdistrict {Kolayat} of District {BIKANER} to Sub district {Bajju} of District {BIKANER}"
955533,Bajju Tejpura 3-6 Tpm,बज्जू तेजपुरा - 3-6 टीपीएम,6913,Bajju,,000000,U,,,2025-07-20,2025-07-31,1,"Villages  {11 S.M.D. (MOOMBALA),17 KWD,1 CDY JAGAT SINGH PURA etc...} has  been shifted from Subdistrict {Kolayat} of District {BIKANER} to Sub district {Bajju} of District {BIKANER}"
955542,Medi Ka Magra 10 Asm,मेडी का मगरा - 10 ए एस एम,6913,Bajju,,000000,U,,,2025-07-20,2025-07-31,1,"Villages  {11 S.M.D. (MOOMBALA),17 KWD,1 CDY JAGAT SINGH PURA etc...} has  been shifted from Subdistrict {Kolayat} of District {BIKANER} to Sub district {Bajju} of District {BIKANER}"
955543,Nagarasar 3 Nd A,नगरासर - 3 एन डी ए,6913,Bajju,,000000,U,,,2025-07-20,2025-07-31,1,"Villages  {11 S.M.D. (MOOMBALA),17 KWD,1 CDY JAGAT SINGH PURA etc...} has  been shifted from Subdistrict {Kolayat} of District {BIKANER} to Sub district {Bajju} of District {BIKANER}"
955544,Meethdiya 1 Swm,मीठडिया 1 एस डब्ल्यु एम,6913,Bajju,,000000,U,,,2025-07-20,2025-07-31,1,"Villages  {11 S.M.D. (MOOMBALA),17 KWD,1 CDY JAGAT SINGH PURA etc...} has  been shifted from Subdistrict {Kolayat} of District {BIKANER} to Sub district {Bajju} of District {BIKANER}"
955545,Sophra Nagar 6 Ngm,सोफरानगर - 6 एन जी एम,6913,Bajju,,000000,U,,,2025-07-20,2025-07-31,1,"Villages  {11 S.M.D. (MOOMBALA),17 KWD,1 CDY JAGAT SINGH PURA etc...} has  been shifted from Subdistrict {Kolayat} of District {BIKANER} to Sub district {Bajju} of District {BIKANER}"
955561,Kolasar West 8 Ksm,कोलासर पश्चिम - 8 केएसएम,6913,Bajju,,000000,U,,,2025-07-20,2025-07-31,1,"Villages  {11 S.M.D. (MOOMBALA),17 KWD,1 CDY JAGAT SINGH PURA etc...} has  been shifted from Subdistrict {Kolayat} of District {BIKANER} to Sub district {Bajju} of District {BIKANER}"
955562,Meethdiya 2 Swm,मीठडिया 2 एस डब्ल्यु एम,6913,Bajju,,000000,U,,,2025-07-20,2025-07-31,1,"Villages  {11 S.M.D. (MOOMBALA),17 KWD,1 CDY JAGAT SINGH PURA etc...} has  been shifted from Subdistrict {Kolayat} of District {BIKANER} to Sub district {Bajju} of District {BIKANER}"
955604,Sevda -6 Sm,सेवडा - 6 एस एम,6913,Bajju,,000000,U,,,2025-07-20,2025-07-31,1,"Villages  {11 S.M.D. (MOOMBALA),17 KWD,1 CDY JAGAT SINGH PURA etc...} has  been shifted from Subdistrict {Kolayat} of District {BIKANER} to Sub district {Bajju} of District {BIKANER}"
955612,Medi Ka Magra 6 Bjm,मेडी का मगरा - 6 बी जे एम,6913,Bajju,,000000,U,,,2025-07-20,2025-07-31,1,"Villages  {11 S.M.D. (MOOMBALA),17 KWD,1 CDY JAGAT SINGH PURA etc...} has  been shifted from Subdistrict {Kolayat} of District {BIKANER} to Sub district {Bajju} of District {BIKANER}"
955618,Meethdiya 3 Swm,मीठडिया 3 एस डब्ल्यु एम,6913,Bajju,,000000,U,,,2025-07-20,2025-07-31,1,"Villages  {11 S.M.D. (MOOMBALA),17 KWD,1 CDY JAGAT SINGH PURA etc...} has  been shifted from Subdistrict {Kolayat} of District {BIKANER} to Sub district {Bajju} of District {BIKANER}"
955639,Kolasar West 7 Ksm,कोलासर पश्चिम - 7 केएसएम,6913,Bajju,,000000,U,,,2025-07-20,2025-07-31,1,"Villages  {11 S.M.D. (MOOMBALA),17 KWD,1 CDY JAGAT SINGH PURA etc...} has  been shifted from Subdistrict {Kolayat} of District {BIKANER} to Sub district {Bajju} of District {BIKANER}"
955640,Meethdiya 4 Swm,मीठडिया 4 एस डब्ल्यु एम,6913,Bajju,,000000,U,,,2025-07-20,2025-07-31,1,"Villages  {11 S.M.D. (MOOMBALA),17 KWD,1 CDY JAGAT SINGH PURA etc...} has  been shifted from Subdistrict {Kolayat} of District {BIKANER} to Sub district {Bajju} of District {BIKANER}"
955641,Medi Ka Magra 7 Bjm,मेडी का मगरा - 7 बी जे एम,6913,Bajju,,000000,U,,,2025-07-20,2025-07-31,1,"Villages  {11 S.M.D. (MOOMBALA),17 KWD,1 CDY JAGAT SINGH PURA etc...} has  been shifted from Subdistrict {Kolayat} of District {BIKANER} to Sub district {Bajju} of District {BIKANER}"
955642,Nagarasar 4 Nd,नगरासर - 4 एन डी,6913,Bajju,,000000,U,,,2025-07-20,2025-07-31,1,"Villages  {11 S.M.D. (MOOMBALA),17 KWD,1 CDY JAGAT SINGH PURA etc...} has  been shifted from Subdistrict {Kolayat} of District {BIKANER} to Sub district {Bajju} of District {BIKANER}"
955643,Sevda - 6 Sm A,सेवडा - 6 एस एम ए,6913,Bajju,,000000,U,,,2025-07-20,2025-07-31,1,"Villages  {11 S.M.D. (MOOMBALA),17 KWD,1 CDY JAGAT SINGH PURA etc...} has  been shifted from Subdistrict {Kolayat} of District {BIKANER} to Sub district {Bajju} of District {BIKANER}"
955670,Meethdiya 1 Tpm,मीठडिया 1 टी पी एम,6913,Bajju,,000000,U,,,2025-07-20,2025-07-31,1,"Villages  {11 S.M.D. (MOOMBALA),17 KWD,1 CDY JAGAT SINGH PURA etc...} has  been shifted from Subdistrict {Kolayat} of District {BIKANER} to Sub district {Bajju} of District {BIKANER}"
955674,Nagarasar 16 Kmd,नगरासर - 16 के एम डी,6913,Bajju,,000000,U,,,2025-07-20,2025-07-31,1,"Villages  {11 S.M.D. (MOOMBALA),17 KWD,1 CDY JAGAT SINGH PURA etc...} has  been shifted from Subdistrict {Kolayat} of District {BIKANER} to Sub district {Bajju} of District {BIKANER}"
955740,Medi Ka Magra 9 Bjm,मेडी का मगरा - 9 बी जे एम,6913,Bajju,,000000,U,,,2025-07-20,2025-07-31,1,"Villages  {11 S.M.D. (MOOMBALA),17 KWD,1 CDY JAGAT SINGH PURA etc...} has  been shifted from Subdistrict {Kolayat} of District {BIKANER} to Sub district {Bajju} of District {BIKANER}"
955741,Meethdiya 1 Tpm,मीठडिया 1 टी पी एम,6913,Bajju,,000000,U,,,2025-07-20,2025-07-31,1,"Villages  {11 S.M.D. (MOOMBALA),17 KWD,1 CDY JAGAT SINGH PURA etc...} has  been shifted from Subdistrict {Kolayat} of District {BIKANER} to Sub district {Bajju} of District {BIKANER}"
955742,Nagarasar 12 Kmd,नगरासर - 12 के एम डी,6913,Bajju,,000000,U,,,2025-07-20,2025-07-31,1,"Villages  {11 S.M.D. (MOOMBALA),17 KWD,1 CDY JAGAT SINGH PURA etc...} has  been shifted from Subdistrict {Kolayat} of District {BIKANER} to Sub district {Bajju} of District {BIKANER}"
955780,Nagarasar 17 Kmd,नगरासर - 17 के एम डी,6913,Bajju,,000000,U,,,2025-07-20,2025-08-01,1,"Villages  {11 S.M.D. (MOOMBALA),17 KWD,1 CDY JAGAT SINGH PURA etc...} has  been shifted from Subdistrict {Kolayat} of District {BIKANER} to Sub district {Bajju} of District {BIKANER}"
955781,Meethdiya 5 Tpm,मीठडिया 5 टी पी एम,6913,Bajju,,000000,U,,,2025-07-20,2025-08-01,1,"Villages  {11 S.M.D. (MOOMBALA),17 KWD,1 CDY JAGAT SINGH PURA etc...} has  been shifted from Subdistrict {Kolayat} of District {BIKANER} to Sub district {Bajju} of District {BIKANER}"
955785,Medi Ka Magra 9 Bjm A,मेडी का मगरा - 9 बी जे एम ए,6913,Bajju,,000000,U,,,2025-07-20,2025-08-01,1,"Villages  {11 S.M.D. (MOOMBALA),17 KWD,1 CDY JAGAT SINGH PURA etc...} has  been shifted from Subdistrict {Kolayat} of District {BIKANER} to Sub district {Bajju} of District {BIKANER}"
955803,Bajju Tejpura 9 Nbm,बज्जू तेजपुरा - 9 एनबीएम,6913,Bajju,,000000,U,,,2025-07-20,2025-08-01,1,"Villages  {11 S.M.D. (MOOMBALA),17 KWD,1 CDY JAGAT SINGH PURA etc...} has  been shifted from Subdistrict {Kolayat} of District {BIKANER} to Sub district {Bajju} of District {BIKANER}"
955805,Kolasar West 6 Ksm,कोलासर पश्चिम - 6 केएसएम,6913,Bajju,,000000,U,,,2025-07-20,2025-08-01,1,"Villages  {11 S.M.D. (MOOMBALA),17 KWD,1 CDY JAGAT SINGH PURA etc...} has  been shifted from Subdistrict {Kolayat} of District {BIKANER} to Sub district {Bajju} of District {BIKANER}"
955826,Sevda -1 Sm,सेवडा - 1 एस एम,6913,Bajju,,000000,U,,,2025-07-20,2025-08-01,1,"Villages  {11 S.M.D. (MOOMBALA),17 KWD,1 CDY JAGAT SINGH PURA etc...} has  been shifted from Subdistrict {Kolayat} of District {BIKANER} to Sub district {Bajju} of District {BIKANER}"
955827,Bajju Tejpura 1 Tpsm,बज्जू तेजपुरा - 1 टीपीएसएम,6913,Bajju,,000000,U,,,2025-07-20,2025-08-01,1,"Villages  {11 S.M.D. (MOOMBALA),17 KWD,1 CDY JAGAT SINGH PURA etc...} has  been shifted from Subdistrict {Kolayat} of District {BIKANER} to Sub district {Bajju} of District {BIKANER}"
955828,Kolasar West 5 Ksm,कोलासर पश्चिम - 5 के एसएम,6913,Bajju,,000000,U,,,2025-07-20,2025-08-01,1,"Villages  {11 S.M.D. (MOOMBALA),17 KWD,1 CDY JAGAT SINGH PURA etc...} has  been shifted from Subdistrict {Kolayat} of District {BIKANER} to Sub district {Bajju} of District {BIKANER}"
955838,Sevda -1 Km A,सेवडा - 1 के एम ए,6913,Bajju,,000000,U,,,2025-07-20,2025-08-04,1,"Villages  {11 S.M.D. (MOOMBALA),17 KWD,1 CDY JAGAT SINGH PURA etc...} has  been shifted from Subdistrict {Kolayat} of District {BIKANER} to Sub district {Bajju} of District {BIKANER}"
955843,Kolasar West 3 Kssm,कोलासर पश्चिम - 3 केएसएसएम,6913,Bajju,,000000,U,,,2025-07-20,2025-08-04,1,"Villages  {11 S.M.D. (MOOMBALA),17 KWD,1 CDY JAGAT SINGH PURA etc...} has  been shifted from Subdistrict {Kolayat} of District {BIKANER} to Sub district {Bajju} of District {BIKANER}"
955850,Kolasar West 2 Kssm,कोलासर पश्चिम - 2 केएसएसएम,6913,Bajju,,000000,U,,,2025-07-20,2025-08-04,1,"Villages  {11 S.M.D. (MOOMBALA),17 KWD,1 CDY JAGAT SINGH PURA etc...} has  been shifted from Subdistrict {Kolayat} of District {BIKANER} to Sub district {Bajju} of District {BIKANER}"
955862,Sevda -1 Km,सेवडा - 1 के एम,6913,Bajju,,000000,U,,,2025-07-20,2025-08-04,1,"Villages  {11 S.M.D. (MOOMBALA),17 KWD,1 CDY JAGAT SINGH PURA etc...} has  been shifted from Subdistrict {Kolayat} of District {BIKANER} to Sub district {Bajju} of District {BIKANER}"
955867,Sevda -20 Kmd,सेवडा - 20 के एम डी,6913,Bajju,,000000,U,,,2025-07-20,2025-08-04,1,"Villages  {11 S.M.D. (MOOMBALA),17 KWD,1 CDY JAGAT SINGH PURA etc...} has  been shifted from Subdistrict {Kolayat} of District {BIKANER} to Sub district {Bajju} of District {BIKANER}"
955912,Kolasar West 1 Kssm,कोलासर पश्चि म - 1 केएसएसएम,6913,Bajju,,000000,U,,,2025-07-20,2025-08-04,1,"Villages  {11 S.M.D. (MOOMBALA),17 KWD,1 CDY JAGAT SINGH PURA etc...} has  been shifted from Subdistrict {Kolayat} of District {BIKANER} to Sub district {Bajju} of District {BIKANER}"
955920,Kolasar West 4 Grm,कोलासर पश्चि म - 4 जीआरएम,6913,Bajju,,000000,U,,,2025-07-20,2025-08-04,1,"Villages  {11 S.M.D. (MOOMBALA),17 KWD,1 CDY JAGAT SINGH PURA etc...} has  been shifted from Subdistrict {Kolayat} of District {BIKANER} to Sub district {Bajju} of District {BIKANER}"
955978,Kolasar West 3 Grm,कोलासर पश्चिम - 3जीआरएम ,6913,Bajju,,000000,U,,,2025-07-20,2025-08-05,1,"Villages  {11 S.M.D. (MOOMBALA),17 KWD,1 CDY JAGAT SINGH PURA etc...} has  been shifted from Subdistrict {Kolayat} of District {BIKANER} to Sub district {Bajju} of District {BIKANER}"
955983,Kolasar West 2 Grsm A,कोलासर पश्चिम 2जी आरएसएम ए,6913,Bajju,,000000,U,,,2025-07-20,2025-08-05,1,"Villages  {11 S.M.D. (MOOMBALA),17 KWD,1 CDY JAGAT SINGH PURA etc...} has  been shifted from Subdistrict {Kolayat} of District {BIKANER} to Sub district {Bajju} of District {BIKANER}"
955984,Kolasar West 1 Grsm A,कोलासर पश्चिम 1 जी आरएसएम ए,6913,Bajju,,000000,U,,,2025-07-20,2025-08-05,1,"Villages  {11 S.M.D. (MOOMBALA),17 KWD,1 CDY JAGAT SINGH PURA etc...} has  been shifted from Subdistrict {Kolayat} of District {BIKANER} to Sub district {Bajju} of District {BIKANER}"
956092,Sanchubarani -24 Bsm,साँचुबारानी -24 बीएसएम,6913,Bajju,,000000,U,,,2025-06-03,2025-08-07,1,"Villages  {11 S.M.D. (MOOMBALA),17 KWD,1 CDY JAGAT SINGH PURA etc...} has  been shifted from Subdistrict {Kolayat} of District {BIKANER} to Sub district {Bajju} of District {BIKANER}"
956093,Kabrewala Barani -15 Bsm,कब्रेवाला बारानी - 15 बीएसएम,6913,Bajju,,000000,U,,,2025-06-03,2025-08-07,1,"Villages  {11 S.M.D. (MOOMBALA),17 KWD,1 CDY JAGAT SINGH PURA etc...} has  been shifted from Subdistrict {Kolayat} of District {BIKANER} to Sub district {Bajju} of District {BIKANER}"
956094,Godoo -2 Gsmr,गोडू - 2 जीएसएमआर,6913,Bajju,,000000,U,,,2025-06-03,2025-08-07,1,"Villages  {11 S.M.D. (MOOMBALA),17 KWD,1 CDY JAGAT SINGH PURA etc...} has  been shifted from Subdistrict {Kolayat} of District {BIKANER} to Sub district {Bajju} of District {BIKANER}"
956095,Berasar -8 Mdm,बेरासर - 8 एमडीएम,6913,Bajju,,000000,U,,,2025-06-03,2025-08-07,1,"Villages  {11 S.M.D. (MOOMBALA),17 KWD,1 CDY JAGAT SINGH PURA etc...} has  been shifted from Subdistrict {Kolayat} of District {BIKANER} to Sub district {Bajju} of District {BIKANER}"
956104,Kabrewala -26 Mgm,कबरेवाला - 26 एमजीएम,6913,Bajju,,000000,U,,,2025-06-03,2025-08-07,1,"Villages  {11 S.M.D. (MOOMBALA),17 KWD,1 CDY JAGAT SINGH PURA etc...} has  been shifted from Subdistrict {Kolayat} of District {BIKANER} to Sub district {Bajju} of District {BIKANER}"
960243,Khirkhidi,खिरखिडी,6913,Bajju,,000000,I,,,2025-03-19,2026-02-12,1,"Villages  {11 S.M.D. (MOOMBALA),17 KWD,1 CDY JAGAT SINGH PURA etc...} has  been shifted from Subdistrict {Kolayat} of District {BIKANER} to Sub district {Bajju} of District {BIKANER}"
960244,5 Dobb,5 डी.ओ.बी.बी,6913,Bajju,,000000,I,,,2025-03-19,2026-02-12,1,"Villages  {11 S.M.D. (MOOMBALA),17 KWD,1 CDY JAGAT SINGH PURA etc...} has  been shifted from Subdistrict {Kolayat} of District {BIKANER} to Sub district {Bajju} of District {BIKANER}"
962214,15 Cwb,15 सीडब्ल्युबी,6913,Bajju,,000000,I,,,2026-07-15,2026-08-17,1,"Villages  {11 S.M.D. (MOOMBALA),17 KWD,1 CDY JAGAT SINGH PURA etc...} has  been shifted from Subdistrict {Kolayat} of District {BIKANER} to Sub district {Bajju} of District {BIKANER}"
962215,19 Cwb,19 सीडब्‍ल्‍युबी,6913,Bajju,,000000,I,,,2026-07-15,2026-08-17,1,"Villages  {11 S.M.D. (MOOMBALA),17 KWD,1 CDY JAGAT SINGH PURA etc...} has  been shifted from Subdistrict {Kolayat} of District {BIKANER} to Sub district {Bajju} of District {BIKANER}"
962219,6-7 Ami,6-7 एएमआई,6913,Bajju,,000000,I,,,2026-07-15,2026-08-17,1,"Villages  {11 S.M.D. (MOOMBALA),17 KWD,1 CDY JAGAT SINGH PURA etc...} has  been shifted from Subdistrict {Kolayat} of District {BIKANER} to Sub district {Bajju} of District {BIKANER}"
962220,6 Mrm,6 एमआरएम,6913,Bajju,,000000,I,,,2026-07-15,2026-08-17,1,"Villages  {11 S.M.D. (MOOMBALA),17 KWD,1 CDY JAGAT SINGH PURA etc...} has  been shifted from Subdistrict {Kolayat} of District {BIKANER} to Sub district {Bajju} of District {BIKANER}"
69585,Baniya,,7365,Jasrasar,00546800,069585,I,,,2023-09-19,2024-02-12,2,"The Village Thawariya(69701),Sinyala(69643),Udsar(69652),Bhagwanpura(69718),Baasi Udavtan(69597),Bidasariya(69591)...etc  has been shifted to Sub-district Jasrasar(District Bikaner) from Sub-district Nokha(District Bikaner) in Rajasthan."
69586,Jaisingh Desar Kaliyan,,7365,Jasrasar,00546900,069586,I,,,2023-09-19,2024-02-12,2,"The Village Thawariya(69701),Sinyala(69643),Udsar(69652),Bhagwanpura(69718),Baasi Udavtan(69597),Bidasariya(69591)...etc  has been shifted to Sub-district Jasrasar(District Bikaner) from Sub-district Nokha(District Bikaner) in Rajasthan."
69587,Kuchor Athuni,,7365,Jasrasar,00547000,069587,I,,,2023-09-19,2024-02-12,3,"The Village Thawariya(69701),Sinyala(69643),Udsar(69652),Bhagwanpura(69718),Baasi Udavtan(69597),Bidasariya(69591)...etc  has been shifted to Sub-district Jasrasar(District Bikaner) from Sub-district Nokha(District Bikaner) in Rajasthan."
69588,Lalam Desar Chhota,,7365,Jasrasar,00547100,069588,I,,,2023-09-19,2024-02-12,2,"The Village Thawariya(69701),Sinyala(69643),Udsar(69652),Bhagwanpura(69718),Baasi Udavtan(69597),Bidasariya(69591)...etc  has been shifted to Sub-district Jasrasar(District Bikaner) from Sub-district Nokha(District Bikaner) in Rajasthan."
69589,Kuchor Aguni,,7365,Jasrasar,00547200,069589,I,,,2023-09-19,2024-02-12,2,"The Village Thawariya(69701),Sinyala(69643),Udsar(69652),Bhagwanpura(69718),Baasi Udavtan(69597),Bidasariya(69591)...etc  has been shifted to Sub-district Jasrasar(District Bikaner) from Sub-district Nokha(District Bikaner) in Rajasthan."
69590,Badhnoo,,7365,Jasrasar,00547300,069590,I,,,2023-09-19,2024-02-12,2,"The Village Thawariya(69701),Sinyala(69643),Udsar(69652),Bhagwanpura(69718),Baasi Udavtan(69597),Bidasariya(69591)...etc  has been shifted to Sub-district Jasrasar(District Bikaner) from Sub-district Nokha(District Bikaner) in Rajasthan."
69591,Bidasariya,,7365,Jasrasar,00547400,069591,I,,,2023-09-19,2024-02-12,3,"The Village Thawariya(69701),Sinyala(69643),Udsar(69652),Bhagwanpura(69718),Baasi Udavtan(69597),Bidasariya(69591)...etc  has been shifted to Sub-district Jasrasar(District Bikaner) from Sub-district Nokha(District Bikaner) in Rajasthan."
69592,Bhom Bidasariya,,7365,Jasrasar,00547500,069592,I,,,2023-09-19,2024-02-12,3,"The Village Thawariya(69701),Sinyala(69643),Udsar(69652),Bhagwanpura(69718),Baasi Udavtan(69597),Bidasariya(69591)...etc  has been shifted to Sub-district Jasrasar(District Bikaner) from Sub-district Nokha(District Bikaner) in Rajasthan."
69593,Masoori,,7365,Jasrasar,00547600,069593,I,,,2023-09-19,2024-02-12,2,"The Village Thawariya(69701),Sinyala(69643),Udsar(69652),Bhagwanpura(69718),Baasi Udavtan(69597),Bidasariya(69591)...etc  has been shifted to Sub-district Jasrasar(District Bikaner) from Sub-district Nokha(District Bikaner) in Rajasthan."
69594,Lalam Desar Bara,,7365,Jasrasar,00547700,069594,I,,,2023-09-19,2024-02-12,2,"The Village Thawariya(69701),Sinyala(69643),Udsar(69652),Bhagwanpura(69718),Baasi Udavtan(69597),Bidasariya(69591)...etc  has been shifted to Sub-district Jasrasar(District Bikaner) from Sub-district Nokha(District Bikaner) in Rajasthan."
69595,Uttmamdesar,,7365,Jasrasar,00547800,069595,I,,,2023-09-19,2024-02-12,3,"The Village Thawariya(69701),Sinyala(69643),Udsar(69652),Bhagwanpura(69718),Baasi Udavtan(69597),Bidasariya(69591)...etc  has been shifted to Sub-district Jasrasar(District Bikaner) from Sub-district Nokha(District Bikaner) in Rajasthan."
69596,Meusar,,7365,Jasrasar,00547900,069596,I,,,2023-09-19,2024-02-12,2,"The Village Thawariya(69701),Sinyala(69643),Udsar(69652),Bhagwanpura(69718),Baasi Udavtan(69597),Bidasariya(69591)...etc  has been shifted to Sub-district Jasrasar(District Bikaner) from Sub-district Nokha(District Bikaner) in Rajasthan."
69597,Baasi Udavtan,,7365,Jasrasar,00548000,069597,I,,,2023-09-19,2024-02-12,3,"The Village Thawariya(69701),Sinyala(69643),Udsar(69652),Bhagwanpura(69718),Baasi Udavtan(69597),Bidasariya(69591)...etc  has been shifted to Sub-district Jasrasar(District Bikaner) from Sub-district Nokha(District Bikaner) in Rajasthan."
69598,Mehramsar,,7365,Jasrasar,00548100,069598,I,,,2023-09-19,2024-02-12,3,"The Village Thawariya(69701),Sinyala(69643),Udsar(69652),Bhagwanpura(69718),Baasi Udavtan(69597),Bidasariya(69591)...etc  has been shifted to Sub-district Jasrasar(District Bikaner) from Sub-district Nokha(District Bikaner) in Rajasthan."
69599,Lalasar,,7365,Jasrasar,00548200,069599,I,,,2023-09-19,2024-02-12,2,"The Village Thawariya(69701),Sinyala(69643),Udsar(69652),Bhagwanpura(69718),Baasi Udavtan(69597),Bidasariya(69591)...etc  has been shifted to Sub-district Jasrasar(District Bikaner) from Sub-district Nokha(District Bikaner) in Rajasthan."
69643,Sinyala,,7365,Jasrasar,00552600,069643,I,,,2023-09-19,2024-02-12,3,"The Village Thawariya(69701),Sinyala(69643),Udsar(69652),Bhagwanpura(69718),Baasi Udavtan(69597),Bidasariya(69591)...etc  has been shifted to Sub-district Jasrasar(District Bikaner) from Sub-district Nokha(District Bikaner) in Rajasthan."
69644,Kurjadi,,7365,Jasrasar,00552700,069644,I,,,2023-09-19,2024-02-12,2,"The Village Thawariya(69701),Sinyala(69643),Udsar(69652),Bhagwanpura(69718),Baasi Udavtan(69597),Bidasariya(69591)...etc  has been shifted to Sub-district Jasrasar(District Bikaner) from Sub-district Nokha(District Bikaner) in Rajasthan."
69645,Annasar,,7365,Jasrasar,00552800,069645,I,,,2023-09-19,2024-02-12,3,"The Village Thawariya(69701),Sinyala(69643),Udsar(69652),Bhagwanpura(69718),Baasi Udavtan(69597),Bidasariya(69591)...etc  has been shifted to Sub-district Jasrasar(District Bikaner) from Sub-district Nokha(District Bikaner) in Rajasthan."
69646,Sajanwasi,,7365,Jasrasar,00552900,069646,I,,,2023-09-19,2024-02-12,2,"The Village Thawariya(69701),Sinyala(69643),Udsar(69652),Bhagwanpura(69718),Baasi Udavtan(69597),Bidasariya(69591)...etc  has been shifted to Sub-district Jasrasar(District Bikaner) from Sub-district Nokha(District Bikaner) in Rajasthan."
69647,Sadhasar,,7365,Jasrasar,00553000,069647,I,,,2023-09-19,2024-02-12,2,"The Village Thawariya(69701),Sinyala(69643),Udsar(69652),Bhagwanpura(69718),Baasi Udavtan(69597),Bidasariya(69591)...etc  has been shifted to Sub-district Jasrasar(District Bikaner) from Sub-district Nokha(District Bikaner) in Rajasthan."
69648,Jasrasar,,7365,Jasrasar,00553100,069648,I,,,2023-09-19,2024-02-12,2,"The Village Thawariya(69701),Sinyala(69643),Udsar(69652),Bhagwanpura(69718),Baasi Udavtan(69597),Bidasariya(69591)...etc  has been shifted to Sub-district Jasrasar(District Bikaner) from Sub-district Nokha(District Bikaner) in Rajasthan."
69649,Nagarjana,,7365,Jasrasar,00553100,069649,I,,,2023-09-19,2024-02-12,2,"The Village Thawariya(69701),Sinyala(69643),Udsar(69652),Bhagwanpura(69718),Baasi Udavtan(69597),Bidasariya(69591)...etc  has been shifted to Sub-district Jasrasar(District Bikaner) from Sub-district Nokha(District Bikaner) in Rajasthan."
69650,Gajsukhdesar,,7365,Jasrasar,00553200,069650,I,,,2023-09-19,2024-02-12,2,"The Village Thawariya(69701),Sinyala(69643),Udsar(69652),Bhagwanpura(69718),Baasi Udavtan(69597),Bidasariya(69591)...etc  has been shifted to Sub-district Jasrasar(District Bikaner) from Sub-district Nokha(District Bikaner) in Rajasthan."
69651,Jhareli,,7365,Jasrasar,00553300,069651,I,,,2023-09-19,2024-02-12,2,"The Village Thawariya(69701),Sinyala(69643),Udsar(69652),Bhagwanpura(69718),Baasi Udavtan(69597),Bidasariya(69591)...etc  has been shifted to Sub-district Jasrasar(District Bikaner) from Sub-district Nokha(District Bikaner) in Rajasthan."
69652,Udsar,,7365,Jasrasar,00553400,069652,I,,,2023-09-19,2024-02-12,2,"The Village Thawariya(69701),Sinyala(69643),Udsar(69652),Bhagwanpura(69718),Baasi Udavtan(69597),Bidasariya(69591)...etc  has been shifted to Sub-district Jasrasar(District Bikaner) from Sub-district Nokha(District Bikaner) in Rajasthan."
69653,Kakra,,7365,Jasrasar,00553500,069653,I,,,2023-09-19,2024-02-12,2,"The Village Thawariya(69701),Sinyala(69643),Udsar(69652),Bhagwanpura(69718),Baasi Udavtan(69597),Bidasariya(69591)...etc  has been shifted to Sub-district Jasrasar(District Bikaner) from Sub-district Nokha(District Bikaner) in Rajasthan."
69700,Badh Kakra,,7365,Jasrasar,00557700,069700,I,,,2023-09-19,2024-02-12,3,"The Village Thawariya(69701),Sinyala(69643),Udsar(69652),Bhagwanpura(69718),Baasi Udavtan(69597),Bidasariya(69591)...etc  has been shifted to Sub-district Jasrasar(District Bikaner) from Sub-district Nokha(District Bikaner) in Rajasthan."
69701,Thawariya,,7365,Jasrasar,00557800,069701,I,,,2023-09-19,2024-02-12,2,"The Village Thawariya(69701),Sinyala(69643),Udsar(69652),Bhagwanpura(69718),Baasi Udavtan(69597),Bidasariya(69591)...etc  has been shifted to Sub-district Jasrasar(District Bikaner) from Sub-district Nokha(District Bikaner) in Rajasthan."
69709,Mainsar,,7365,Jasrasar,00558600,069709,I,,,2023-09-19,2024-02-12,2,"The Village Thawariya(69701),Sinyala(69643),Udsar(69652),Bhagwanpura(69718),Baasi Udavtan(69597),Bidasariya(69591)...etc  has been shifted to Sub-district Jasrasar(District Bikaner) from Sub-district Nokha(District Bikaner) in Rajasthan."
69710,Bagseoo,,7365,Jasrasar,00558700,069710,I,,,2023-09-19,2024-02-12,3,"The Village Thawariya(69701),Sinyala(69643),Udsar(69652),Bhagwanpura(69718),Baasi Udavtan(69597),Bidasariya(69591)...etc  has been shifted to Sub-district Jasrasar(District Bikaner) from Sub-district Nokha(District Bikaner) in Rajasthan."
69711,Shri Jasnathnagar,Shri jasnathnagar,7365,Jasrasar,00558700,069711,I,,,2023-09-19,2024-02-12,4,"The Village Thawariya(69701),Sinyala(69643),Udsar(69652),Bhagwanpura(69718),Baasi Udavtan(69597),Bidasariya(69591)...etc  has been shifted to Sub-district Jasrasar(District Bikaner) from Sub-district Nokha(District Bikaner) in Rajasthan."
69712,Bhom Bagseoo,,7365,Jasrasar,00558800,069712,I,,,2023-09-19,2024-02-12,3,"The Village Thawariya(69701),Sinyala(69643),Udsar(69652),Bhagwanpura(69718),Baasi Udavtan(69597),Bidasariya(69591)...etc  has been shifted to Sub-district Jasrasar(District Bikaner) from Sub-district Nokha(District Bikaner) in Rajasthan."
69713,Dudawas,,7365,Jasrasar,00558900,069713,I,,,2023-09-19,2024-02-12,3,"The Village Thawariya(69701),Sinyala(69643),Udsar(69652),Bhagwanpura(69718),Baasi Udavtan(69597),Bidasariya(69591)...etc  has been shifted to Sub-district Jasrasar(District Bikaner) from Sub-district Nokha(District Bikaner) in Rajasthan."
69714,Hanumanpura,,7365,Jasrasar,00558900,069714,I,,,2023-09-19,2024-02-12,3,"The Village Thawariya(69701),Sinyala(69643),Udsar(69652),Bhagwanpura(69718),Baasi Udavtan(69597),Bidasariya(69591)...etc  has been shifted to Sub-district Jasrasar(District Bikaner) from Sub-district Nokha(District Bikaner) in Rajasthan."
69715,Bilaniyasar,,7365,Jasrasar,00559000,069715,I,,,2023-09-19,2024-02-12,3,"The Village Thawariya(69701),Sinyala(69643),Udsar(69652),Bhagwanpura(69718),Baasi Udavtan(69597),Bidasariya(69591)...etc  has been shifted to Sub-district Jasrasar(District Bikaner) from Sub-district Nokha(District Bikaner) in Rajasthan."
69716,Bhom Bilaniyasar,,7365,Jasrasar,00559100,069716,I,,,2023-09-19,2024-02-12,3,"The Village Thawariya(69701),Sinyala(69643),Udsar(69652),Bhagwanpura(69718),Baasi Udavtan(69597),Bidasariya(69591)...etc  has been shifted to Sub-district Jasrasar(District Bikaner) from Sub-district Nokha(District Bikaner) in Rajasthan."
69717,Moondar,MOONDAR,7365,Jasrasar,00559200,069717,I,,,2023-09-19,2024-02-12,4,"The Village Thawariya(69701),Sinyala(69643),Udsar(69652),Bhagwanpura(69718),Baasi Udavtan(69597),Bidasariya(69591)...etc  has been shifted to Sub-district Jasrasar(District Bikaner) from Sub-district Nokha(District Bikaner) in Rajasthan."
69718,Bhagwanpura,,7365,Jasrasar,00559300,069718,I,,,2023-09-19,2024-02-12,2,"The Village Thawariya(69701),Sinyala(69643),Udsar(69652),Bhagwanpura(69718),Baasi Udavtan(69597),Bidasariya(69591)...etc  has been shifted to Sub-district Jasrasar(District Bikaner) from Sub-district Nokha(District Bikaner) in Rajasthan."
69521,Sharah Karnet,,7378,Hadan,00540600,069521,I,,,2023-07-11,2024-02-12,2,The Sub-district 'Handa' is renamed as 'Hadan' (Code:7378).
69522,Lohiya,,7378,Hadan,00540700,069522,I,,,2023-07-11,2024-02-12,2,The Sub-district 'Handa' is renamed as 'Hadan' (Code:7378).
69523,Sharah Kumbholai,,7378,Hadan,00540800,069523,I,,,2023-07-11,2024-02-12,2,The Sub-district 'Handa' is renamed as 'Hadan' (Code:7378).
69524,Khetolai Mulwan,,7378,Hadan,00540900,069524,I,,,2023-07-11,2024-02-12,2,The Sub-district 'Handa' is renamed as 'Hadan' (Code:7378).
69525,Khakhoosar,,7378,Hadan,00541000,069525,I,,,2023-07-11,2024-02-12,2,The Sub-district 'Handa' is renamed as 'Hadan' (Code:7378).
69526,Hadan,,7378,Hadan,00541100,069526,I,,,2023-07-11,2024-02-12,2,The Sub-district 'Handa' is renamed as 'Hadan' (Code:7378).
69527,Bhane Ka Gaon,,7378,Hadan,00541200,069527,I,,,2023-07-11,2024-02-12,4,The Sub-district 'Handa' is renamed as 'Hadan' (Code:7378).
69528,Janasar,,7378,Hadan,00541200,069528,I,,,2023-07-11,2024-02-12,2,The Sub-district 'Handa' is renamed as 'Hadan' (Code:7378).
69529,Kanya Ki Basti,,7378,Hadan,00541300,069529,I,,,2023-07-11,2024-02-12,2,The Sub-district 'Handa' is renamed as 'Hadan' (Code:7378).
69535,Nokhra,,7378,Hadan,00541900,069535,I,,,2025-03-19,2026-02-12,3,The Sub-district 'Handa' is renamed as 'Hadan' (Code:7378).
69536,Modiya,,7378,Hadan,00542000,069536,I,,,2023-07-11,2024-02-12,2,The Sub-district 'Handa' is renamed as 'Hadan' (Code:7378).
69537,Tokla,,7378,Hadan,00542100,069537,I,,,2025-03-22,2026-02-11,3,The Sub-district 'Handa' is renamed as 'Hadan' (Code:7378).
69538,Khariya Patawatan,,7378,Hadan,00542200,069538,I,,,2023-07-11,2024-02-12,2,The Sub-district 'Handa' is renamed as 'Hadan' (Code:7378).
69539,Udat,,7378,Hadan,00542300,069539,I,,,2023-07-11,2024-02-12,2,The Sub-district 'Handa' is renamed as 'Hadan' (Code:7378).
69540,Khariyabas,,7378,Hadan,00542400,069540,I,,,2023-07-11,2024-02-12,2,The Sub-district 'Handa' is renamed as 'Hadan' (Code:7378).
69541,Khariya Malinath,,7378,Hadan,00542500,069541,I,,,2023-07-11,2024-02-12,3,The Sub-district 'Handa' is renamed as 'Hadan' (Code:7378).
69542,Bhom Akhesingh,,7378,Hadan,00542600,069542,I,,,2023-07-11,2024-02-12,2,The Sub-district 'Handa' is renamed as 'Hadan' (Code:7378).
69543,Bhom Hemsingh,,7378,Hadan,00542700,069543,I,,,2023-07-11,2024-02-12,2,The Sub-district 'Handa' is renamed as 'Hadan' (Code:7378).
69544,Bhom Naharsingh,,7378,Hadan,00542800,069544,I,,,2023-07-11,2024-02-12,2,The Sub-district 'Handa' is renamed as 'Hadan' (Code:7378).
69545,Sharah Thoomli,,7378,Hadan,00542900,069545,I,,,2023-07-11,2024-02-12,2,The Sub-district 'Handa' is renamed as 'Hadan' (Code:7378).
69546,Miyakor,,7378,Hadan,00543000,069546,I,,,2023-07-11,2024-02-12,2,The Sub-district 'Handa' is renamed as 'Hadan' (Code:7378).
69547,Khikhniya Patta,,7378,Hadan,00543100,069547,I,,,2023-07-11,2024-02-12,2,The Sub-district 'Handa' is renamed as 'Hadan' (Code:7378).
69548,Khikhniya Kundaliyan,,7378,Hadan,00543200,069548,I,,,2023-07-11,2024-02-12,2,The Sub-district 'Handa' is renamed as 'Hadan' (Code:7378).
69549,Dasori,,7378,Hadan,00543300,069549,I,,,2023-07-11,2024-02-12,2,The Sub-district 'Handa' is renamed as 'Hadan' (Code:7378).
69550,Kheendasar,,7378,Hadan,00543400,069550,I,,,2023-07-11,2024-02-12,2,The Sub-district 'Handa' is renamed as 'Hadan' (Code:7378).
69551,Sharah Ekaliya,,7378,Hadan,00543500,069551,I,,,2023-07-11,2024-02-12,2,The Sub-district 'Handa' is renamed as 'Hadan' (Code:7378).
69552,Lambana Bhatiyan,,7378,Hadan,00543600,069552,I,,,2023-07-11,2024-02-12,2,The Sub-district 'Handa' is renamed as 'Hadan' (Code:7378).
69553,Lambana Moolwan,,7378,Hadan,00543700,069553,I,,,2023-07-11,2024-02-12,2,The Sub-district 'Handa' is renamed as 'Hadan' (Code:7378).
69554,Bala Ka Gol,,7378,Hadan,00543800,069554,I,,,2023-07-11,2024-02-12,2,The Sub-district 'Handa' is renamed as 'Hadan' (Code:7378).
69555,Sharah Adwayat,,7378,Hadan,00543900,069555,I,,,2023-07-11,2024-02-12,2,The Sub-district 'Handa' is renamed as 'Hadan' (Code:7378).
69556,Sharah Gageri,,7378,Hadan,00544000,069556,I,,,2023-07-11,2024-02-12,2,The Sub-district 'Handa' is renamed as 'Hadan' (Code:7378).
69557,Sharah Lavayat,,7378,Hadan,00544100,069557,I,,,2023-07-11,2024-02-12,2,The Sub-district 'Handa' is renamed as 'Hadan' (Code:7378).
69558,Neniya,,7378,Hadan,00544200,069558,I,,,2023-07-11,2024-02-12,2,The Sub-district 'Handa' is renamed as 'Hadan' (Code:7378).
69559,Siyana Bhatiyan,,7378,Hadan,00544300,069559,I,,,2023-07-11,2024-02-12,2,The Sub-district 'Handa' is renamed as 'Hadan' (Code:7378).
69561,Siyana Jodhasar,,7378,Hadan,00544500,069561,I,,,2023-07-11,2024-02-12,2,The Sub-district 'Handa' is renamed as 'Hadan' (Code:7378).
69562,Siyana Sakhlan,,7378,Hadan,00544600,069562,I,,,2023-07-11,2024-02-12,2,The Sub-district 'Handa' is renamed as 'Hadan' (Code:7378).
69563,Siyana Charnan,,7378,Hadan,00544700,069563,I,,,2023-07-11,2024-02-12,2,The Sub-district 'Handa' is renamed as 'Hadan' (Code:7378).
69564,Siyana Kundaliyan,,7378,Hadan,00544800,069564,I,,,2023-07-11,2024-02-12,2,The Sub-district 'Handa' is renamed as 'Hadan' (Code:7378).
69565,Siyana Kabadiyan,,7378,Hadan,00544900,069565,I,,,2023-07-11,2024-02-12,2,The Sub-district 'Handa' is renamed as 'Hadan' (Code:7378).
69566,Siyana Sutharan,,7378,Hadan,00545000,069566,I,,,2023-07-11,2024-02-12,2,The Sub-district 'Handa' is renamed as 'Hadan' (Code:7378).
69567,Khara Lohan,,7378,Hadan,00545100,069567,I,,,2023-07-11,2024-02-12,2,The Sub-district 'Handa' is renamed as 'Hadan' (Code:7378).
69568,Nandra,,7378,Hadan,00545200,069568,I,,,2023-07-11,2024-02-12,2,The Sub-district 'Handa' is renamed as 'Hadan' (Code:7378).
69569,Khajora,,7378,Hadan,00545300,069569,I,,,2023-07-11,2024-02-12,2,The Sub-district 'Handa' is renamed as 'Hadan' (Code:7378).
69570,Bheloo,,7378,Hadan,00545400,069570,I,,,2025-03-19,2026-02-11,3,The Sub-district 'Handa' is renamed as 'Hadan' (Code:7378).
69571,Hanuman Nagar,,7378,Hadan,00545500,069571,I,,,2023-07-11,2024-02-12,2,The Sub-district 'Handa' is renamed as 'Hadan' (Code:7378).
69572,Khet Bheloo,,7378,Hadan,00545600,069572,I,,,2023-07-11,2024-02-12,2,The Sub-district 'Handa' is renamed as 'Hadan' (Code:7378).
914703,Gulab Nagar,,7378,Hadan,,000000,I,,,2023-07-11,2024-02-12,2,The Sub-district 'Handa' is renamed as 'Hadan' (Code:7378).
925993,Rajeev Nagar,राजीव नगर,7378,Hadan,,000000,I,,,2023-07-11,2024-02-12,2,The Sub-district 'Handa' is renamed as 'Hadan' (Code:7378).
925994,Krishna Nagar,कृष्ण नगर,7378,Hadan,,000000,I,,,2023-07-11,2024-02-12,2,The Sub-district 'Handa' is renamed as 'Hadan' (Code:7378).
925995,Malinath Nagar,मालीनाथ नगर,7378,Hadan,,000000,I,,,2023-07-11,2024-02-12,2,The Sub-district 'Handa' is renamed as 'Hadan' (Code:7378).
960163,Thar Nagar,थार नगर,7378,Hadan,,000000,I,,,2025-03-19,2026-02-11,1,The Sub-district 'Handa' is renamed as 'Hadan' (Code:7378).
960167,Ramsinghpura,रामसिंहपुरा,7378,Hadan,,000000,I,,,2025-03-22,2026-02-11,1,The Sub-district 'Handa' is renamed as 'Hadan' (Code:7378).
960242,Magra Ganv,मगरा गांव,7378,Hadan,,000000,I,,,2025-03-19,2026-02-12,1,The Sub-district 'Handa' is renamed as 'Hadan' (Code:7378).
